timestamp,temp,hum,press,wind_max,dir,rain,dew,appt,wetb
2026-05-22 16:59:00,26.4,84,100.84,0.00,0,0.00,25.1,24.4,24.2
2026-05-22 17:00:00,26.2,90,100.84,0.00,0,0.00,25.4,24.2,24.9
2026-05-22 17:00:00,26.0,91,100.84,0.00,0,0.00,25.3,26.0,24.8
2026-05-22 17:01:00,26.1,82,100.83,0.00,0,0.00,24.7,24.1,23.7
2026-05-22 17:01:00,26.2,84,100.84,0.00,0,0.00,25.0,24.2,24.1
2026-05-22 17:02:00,26.2,90,100.84,0.00,0,0.00,25.4,24.2,24.9
2026-05-22 17:02:00,26.1,89,100.84,0.00,0,0.00,25.2,24.1,24.6
2026-05-22 17:03:00,26.1,84,100.84,0.00,0,0.00,24.8,24.1,23.9
2026-05-22 17:03:00,26.1,82,100.84,0.00,0,0.00,24.7,24.1,23.7
2026-05-22 17:05:00,26.0,84,100.84,0.00,0,0.00,24.8,26.0,23.9
2026-05-22 17:05:00,26.1,90,100.84,0.00,0,0.00,25.3,24.1,24.8
2026-05-22 17:06:00,26.0,83,100.83,0.00,0,0.00,24.6,26.0,23.7
2026-05-22 17:06:00,26.0,84,100.83,0.00,0,0.00,24.7,26.0,23.8
2026-05-22 17:07:00,25.9,83,100.84,0.00,0,0.00,24.5,25.9,23.6
2026-05-22 17:07:00,25.9,83,100.83,0.00,0,0.00,24.6,25.9,23.6
2026-05-22 17:08:00,25.9,83,100.84,0.00,0,0.00,24.6,25.9,23.7
2026-05-22 17:08:00,26.0,84,100.83,0.00,0,0.00,24.7,26.0,23.8
2026-05-22 17:10:00,26.0,84,100.83,0.00,0,0.00,24.8,26.0,23.9
2026-05-22 17:10:00,26.1,88,100.83,0.00,0,0.00,25.2,24.1,24.5
2026-05-22 17:11:00,26.1,83,100.84,0.00,0,0.00,24.8,24.1,23.9
2026-05-22 17:11:00,26.2,84,100.83,0.00,0,0.00,25.0,24.2,24.1
2026-05-22 17:12:00,26.2,84,100.83,0.00,0,0.00,24.9,24.2,24.0
2026-05-22 17:12:00,26.1,84,100.83,0.00,0,0.00,24.8,24.1,23.9
2026-05-22 17:13:00,26.1,90,100.83,0.00,0,0.00,25.3,24.1,24.8
2026-05-22 17:13:00,26.0,82,100.83,0.00,0,0.00,24.5,26.0,23.6
2026-05-22 17:14:00,25.9,84,100.82,0.00,0,0.00,24.6,25.9,23.7
2026-05-22 17:14:00,25.7,90,100.83,0.00,0,0.00,24.9,25.7,24.3
2026-05-22 17:15:00,25.7,84,100.83,0.00,0,0.00,24.4,25.7,23.5
2026-05-22 17:15:00,25.7,76,100.83,0.00,0,0.00,23.7,25.7,22.5
2026-05-22 17:16:00,25.7,90,100.83,0.00,0,0.00,24.9,25.7,24.4
2026-05-22 17:16:00,25.8,91,100.83,0.00,0,0.00,25.1,25.8,24.6
2026-05-22 17:17:00,26.0,85,100.83,0.00,0,0.00,24.8,26.0,23.9
2026-05-22 17:17:00,25.8,84,100.83,0.00,0,0.00,24.5,25.8,23.6
2026-05-22 17:18:00,25.8,83,100.83,0.00,0,0.00,24.5,25.8,23.6
2026-05-22 17:18:00,25.9,82,100.82,0.00,0,0.00,24.4,25.9,23.4
2026-05-22 17:19:00,25.9,87,100.83,0.00,0,0.00,24.9,25.9,24.2
2026-05-22 17:19:00,26.0,83,100.83,0.00,0,0.00,24.7,26.0,23.7
2026-05-22 17:20:00,26.1,83,100.83,0.00,0,0.00,24.7,24.1,23.8
2026-05-22 17:20:00,26.1,90,100.83,0.00,0,0.00,25.3,24.1,24.8
2026-05-22 17:21:00,26.2,81,100.83,0.00,0,0.00,24.7,24.2,23.7
2026-05-22 17:21:00,26.0,83,100.84,0.00,0,0.00,24.7,26.0,23.7
2026-05-22 17:22:00,26.0,88,100.83,0.00,0,0.00,25.1,26.0,24.4
2026-05-22 17:23:00,26.0,83,100.84,0.00,0,0.00,24.6,26.0,23.7
2026-05-22 17:23:00,26.1,89,100.82,0.00,0,0.00,25.2,24.1,24.6
2026-05-22 17:24:00,26.2,82,100.83,0.00,0,0.00,24.8,24.2,23.8
2026-05-22 17:24:00,26.2,82,100.84,0.00,0,0.00,24.8,24.2,23.8
2026-05-22 17:25:00,26.2,85,100.82,0.00,0,0.00,25.0,24.2,24.1
2026-05-22 17:25:00,26.2,90,100.83,0.00,0,0.00,25.5,24.2,24.9
2026-05-22 17:26:00,26.2,82,100.84,0.00,0,0.00,24.7,24.2,23.7
2026-05-22 17:27:00,26.0,83,100.84,0.00,0,0.00,24.6,26.0,23.7
2026-05-22 17:27:00,26.0,90,100.84,0.00,0,0.00,25.2,26.0,24.6
2026-05-22 17:28:00,26.0,82,100.84,0.00,0,0.00,24.6,26.0,23.6
2026-05-22 17:28:00,26.0,89,100.83,1.10,0,0.00,25.2,26.0,24.6
2026-05-22 17:30:00,26.0,84,100.83,0.00,0,0.00,24.7,26.0,23.8
2026-05-22 17:30:00,26.0,82,100.83,0.00,0,0.00,24.6,26.0,23.6
2026-05-22 17:31:00,26.1,87,100.82,0.00,0,0.00,25.0,24.1,24.3
2026-05-22 17:35:00,26.1,87,100.82,0.00,0,0.00,25.1,24.1,24.4
2026-05-22 17:35:00,26.0,81,100.83,0.00,0,0.00,24.5,26.0,23.4
2026-05-22 17:36:00,25.9,85,100.83,0.00,0,0.00,24.7,25.9,23.9
2026-05-22 17:36:00,25.9,84,100.84,0.00,0,0.00,24.6,25.9,23.7
2026-05-22 17:37:00,25.8,81,100.82,0.00,0,0.00,24.3,25.8,23.3
2026-05-22 17:37:00,25.9,82,100.83,0.00,0,0.00,24.4,25.9,23.5
2026-05-22 17:38:00,26.0,88,100.83,0.00,0,0.00,25.1,26.0,24.5
2026-05-22 17:38:00,25.9,82,100.84,0.00,0,0.00,24.5,25.9,23.5
2026-05-22 17:39:00,25.7,83,100.84,0.00,0,0.00,24.4,25.7,23.4
2026-05-22 17:39:00,25.8,87,100.83,0.00,0,0.00,24.8,25.8,24.1
2026-05-22 17:40:00,25.9,82,100.83,0.00,0,0.00,24.5,25.9,23.5
2026-05-22 17:40:00,25.8,83,100.83,0.00,0,0.00,24.4,25.8,23.5
2026-05-22 17:41:00,25.8,84,100.83,0.00,0,0.00,24.5,25.8,23.6
2026-05-22 17:41:00,25.9,84,100.83,0.00,0,0.00,24.6,25.9,23.7
2026-05-22 17:42:00,25.7,82,100.83,0.00,0,0.00,24.3,25.7,23.3
2026-05-22 17:42:00,25.6,90,100.82,0.00,0,0.00,24.8,25.6,24.2
2026-05-22 17:43:00,25.8,88,100.83,0.00,0,0.00,24.9,25.8,24.3
2026-05-22 17:43:00,25.9,87,100.84,0.00,0,0.00,24.9,25.9,24.2
2026-05-22 17:44:00,25.7,83,100.83,0.00,0,0.00,24.3,25.7,23.4
2026-05-22 17:44:00,25.7,84,100.83,0.00,0,0.00,24.4,25.7,23.5
2026-05-22 17:45:00,25.6,90,100.84,0.00,0,0.00,24.8,25.6,24.3
2026-05-22 17:45:00,25.8,90,100.84,0.00,0,0.00,25.0,25.8,24.4
2026-05-22 17:46:00,25.8,89,100.83,0.00,0,0.00,24.9,25.8,24.3
2026-05-22 17:46:00,25.7,83,100.83,0.00,0,0.00,24.3,25.7,23.4
2026-05-22 17:47:00,25.7,82,100.82,0.00,0,0.00,24.3,25.7,23.3
2026-05-22 17:47:00,25.6,84,100.83,0.00,0,0.00,24.3,25.6,23.4
2026-05-22 17:48:00,25.6,84,100.83,0.00,0,0.00,24.3,25.6,23.4
2026-05-22 17:48:00,25.7,87,100.82,0.00,0,0.00,24.7,25.7,24.0
2026-05-22 17:49:00,25.9,88,100.82,0.00,0,0.00,25.0,25.9,24.3
2026-05-22 17:49:00,26.0,83,100.82,0.00,0,0.00,24.7,26.0,23.8
2026-05-22 17:50:00,26.0,89,100.83,0.00,0,0.00,25.2,26.0,24.6
2026-05-22 17:50:00,26.0,83,100.83,0.00,0,0.00,24.6,26.0,23.7
2026-05-22 17:51:00,26.0,83,100.83,0.00,0,0.00,24.7,26.0,23.7
2026-05-22 17:51:00,25.9,91,100.83,0.00,0,0.00,25.2,25.9,24.7
2026-05-22 17:52:00,25.9,90,100.83,0.00,0,0.00,25.1,25.9,24.6
2026-05-22 17:52:00,25.8,87,100.83,0.00,0,0.00,24.8,25.8,24.1
2026-05-22 17:53:00,25.9,85,100.83,0.00,0,0.00,24.7,25.9,23.9
2026-05-22 17:53:00,25.8,82,100.83,0.00,0,0.00,24.4,25.8,23.4
2026-05-22 17:54:00,25.7,78,100.83,0.00,0,0.00,23.9,25.7,22.7
2026-05-22 17:54:00,25.8,83,100.83,0.00,0,0.00,24.4,25.8,23.5
2026-05-22 17:55:00,25.6,82,100.83,0.00,0,0.00,24.2,25.6,23.3
2026-05-22 17:56:00,25.6,82,100.83,0.00,0,0.00,24.1,25.6,23.2
2026-05-22 17:57:00,25.7,90,100.82,0.00,0,0.00,24.9,25.7,24.3
2026-05-22 17:58:00,25.7,88,100.83,0.00,0,0.00,24.8,25.7,24.2
2026-05-22 17:58:00,25.9,82,100.83,0.00,0,0.00,24.5,25.9,23.5
2026-05-22 17:59:00,26.0,83,100.83,0.00,0,0.00,24.7,26.0,23.7
2026-05-22 17:59:00,25.9,90,100.85,0.00,0,0.00,25.1,25.9,24.6
2026-05-22 18:00:00,25.8,83,100.84,0.00,0,0.00,24.4,25.8,23.5
2026-05-22 18:00:00,25.7,90,100.84,0.00,0,0.00,24.9,25.7,24.4
2026-05-22 18:01:00,25.8,90,100.84,0.00,0,0.00,25.0,25.8,24.4
2026-05-22 18:01:00,25.8,82,100.84,0.00,0,0.00,24.3,25.8,23.4
2026-05-22 18:02:00,25.7,85,100.84,0.00,0,0.00,24.5,25.7,23.7
2026-05-22 18:02:00,25.6,88,100.84,0.00,0,0.00,24.7,25.6,24.0
2026-05-22 18:03:00,25.5,90,100.84,0.00,0,0.00,24.7,25.5,24.2
2026-05-22 18:03:00,25.6,86,100.85,0.00,0,0.00,24.5,25.6,23.8
2026-05-22 18:04:00,25.6,82,100.84,0.00,0,0.00,24.1,25.6,23.1
2026-05-22 18:04:00,25.7,83,100.85,0.00,0,0.00,24.3,25.7,23.4
2026-05-22 18:05:00,25.6,90,100.85,0.00,0,0.00,24.8,25.6,24.3
2026-05-22 18:05:00,25.5,81,100.84,0.00,0,0.00,24.0,25.5,23.0
2026-05-22 18:06:00,25.5,82,100.85,0.00,0,0.00,24.1,25.5,23.2
2026-05-22 18:06:00,25.5,88,100.85,0.00,0,0.00,24.6,25.5,24.0
2026-05-22 18:07:00,25.4,82,100.85,0.00,0,0.00,24.0,25.4,23.0
2026-05-22 18:07:00,25.6,83,100.85,0.00,0,0.00,24.2,25.6,23.3
2026-05-22 18:08:00,25.6,84,100.85,0.00,0,0.00,24.3,25.6,23.4
2026-05-22 18:08:00,25.8,82,100.85,0.00,0,0.00,24.3,25.8,23.3
2026-05-22 18:09:00,25.8,83,100.84,0.00,0,0.00,24.4,25.8,23.5
2026-05-22 18:09:00,25.8,84,100.85,0.00,0,0.00,24.5,25.8,23.6
2026-05-22 18:10:00,25.7,83,100.85,0.00,0,0.00,24.4,25.7,23.4
2026-05-22 18:10:00,25.7,81,100.85,0.00,0,0.00,24.2,25.7,23.2
2026-05-22 18:11:00,25.8,88,100.85,0.00,0,0.00,24.9,25.8,24.2
2026-05-22 18:11:00,25.6,90,100.85,0.00,0,0.00,24.8,25.6,24.3
2026-05-22 18:12:00,25.8,83,100.85,0.00,0,0.00,24.5,25.8,23.5
2026-05-22 18:12:00,25.8,82,100.85,0.00,0,0.00,24.4,25.8,23.4
2026-05-22 18:13:00,25.8,85,100.85,0.00,0,0.00,24.6,25.8,23.8
2026-05-22 18:13:00,25.7,89,100.85,0.00,0,0.00,24.9,25.7,24.3
2026-05-22 18:14:00,25.5,90,100.85,1.10,0,0.00,24.7,25.5,24.1
2026-05-22 18:14:00,25.6,81,100.85,0.00,0,0.00,24.1,25.6,23.0
2026-05-22 18:15:00,25.5,81,100.85,0.00,0,0.00,24.0,25.5,22.9
2026-05-22 18:15:00,25.5,83,100.85,1.10,0,0.00,24.2,25.5,23.2
2026-05-22 18:16:00,25.5,90,100.84,0.00,0,0.00,24.7,25.5,24.1
2026-05-22 18:16:00,25.5,89,100.84,0.00,0,0.00,24.6,25.5,24.0
2026-05-22 18:17:00,25.7,86,100.84,0.00,0,0.00,24.6,25.7,23.8
2026-05-22 18:17:00,25.8,87,100.84,0.00,0,0.00,24.8,25.8,24.1
2026-05-22 18:18:00,25.7,81,100.84,0.00,0,0.00,24.1,25.7,23.1
2026-05-22 18:18:00,25.8,90,100.84,0.00,0,0.00,25.0,25.8,24.5
2026-05-22 18:19:00,26.0,83,100.84,0.00,0,0.00,24.6,26.0,23.7
2026-05-22 18:20:00,25.9,89,100.84,0.00,0,0.00,25.1,25.9,24.5
2026-05-22 18:20:00,25.9,86,100.84,0.00,0,0.00,24.8,25.9,24.0
2026-05-22 18:21:00,25.7,85,100.84,1.10,0,0.00,24.5,25.7,23.7
2026-05-22 18:21:00,25.6,86,100.84,0.00,0,0.00,24.5,25.6,23.7
2026-05-22 18:22:00,25.9,84,100.84,1.10,0,0.00,24.6,25.9,23.8
2026-05-22 18:22:00,26.0,85,100.83,1.10,0,0.00,24.8,26.0,24.0
2026-05-22 18:23:00,26.1,100,100.84,0.00,0,0.00,26.1,24.1,26.2
2026-05-22 18:23:00,26.1,86,100.84,0.00,0,0.00,25.0,24.1,24.2
2026-05-22 18:24:00,26.2,87,100.84,0.00,0,0.00,25.2,24.2,24.4
2026-05-22 18:24:00,26.3,88,100.84,0.00,0,0.00,25.4,24.3,24.7
2026-05-22 18:25:00,26.5,86,100.83,0.00,0,0.00,25.4,24.5,24.7
2026-05-22 18:25:00,26.5,82,100.83,0.00,0,0.00,25.0,24.5,24.0
2026-05-22 18:26:00,26.6,84,100.84,0.00,0,0.00,25.3,24.6,24.5
2026-05-22 18:26:00,26.5,82,100.84,0.00,0,0.00,25.1,24.5,24.1
2026-05-22 18:27:00,26.7,88,100.84,0.00,0,0.00,25.8,24.7,25.1
2026-05-22 18:27:00,29.3,86,100.83,0.00,0,0.00,28.2,35.1,27.4
2026-05-22 18:28:00,27.1,80,100.83,0.00,0,0.00,25.5,28.0,24.4
2026-05-22 18:29:00,26.5,85,100.84,0.00,0,0.00,25.3,24.5,24.5
2026-05-22 18:30:00,25.6,87,100.84,0.00,0,0.00,24.6,25.6,23.8
2026-05-22 18:31:00,25.7,83,100.85,0.00,0,0.00,24.4,25.7,23.4
2026-05-22 18:31:00,25.5,88,100.84,0.00,0,0.00,24.5,25.5,23.9
2026-05-22 18:32:00,25.5,82,100.84,0.00,0,0.00,24.1,25.5,23.2
2026-05-22 18:32:00,25.6,87,100.85,0.00,0,0.00,24.6,25.6,23.9
2026-05-22 18:33:00,25.5,83,100.84,0.00,0,0.00,24.1,25.5,23.2
2026-05-22 18:33:00,25.5,87,100.85,0.00,0,0.00,24.5,25.5,23.8
2026-05-22 18:34:00,25.5,82,100.84,0.00,0,0.00,24.0,25.5,23.1
2026-05-22 18:34:00,25.5,86,100.84,0.00,0,0.00,24.4,25.5,23.7
2026-05-22 18:35:00,25.4,85,100.85,0.00,0,0.00,24.2,25.4,23.4
2026-05-22 18:35:00,25.6,83,100.84,0.00,0,0.00,24.3,25.6,23.4
2026-05-22 18:36:00,26.3,86,100.86,0.00,0,0.00,25.2,24.3,24.5
2026-05-22 18:42:00,25.3,84,100.84,0.00,0,0.00,24.0,25.3,23.2
2026-05-22 18:42:00,25.3,80,100.84,0.00,0,0.00,23.7,25.3,22.6
2026-05-22 18:43:00,25.4,81,100.85,0.00,0,0.00,23.9,25.4,22.9
2026-05-22 18:43:00,25.3,80,100.86,0.00,0,0.00,23.7,25.3,22.7
2026-05-22 18:44:00,25.4,80,100.85,0.00,0,0.00,23.8,25.4,22.7
2026-05-22 18:44:00,25.3,80,100.84,0.00,0,0.00,23.7,25.3,22.7
2026-05-22 18:45:00,25.3,80,100.85,0.00,0,0.00,23.6,25.3,22.5
2026-05-22 18:45:00,25.2,79,100.86,0.00,0,0.00,23.5,25.2,22.4
2026-05-22 18:46:00,25.2,80,100.86,0.00,0,0.00,23.5,25.2,22.5
2026-05-22 18:46:00,25.2,80,100.86,0.00,0,0.00,23.5,25.2,22.5
2026-05-22 18:47:00,25.8,82,100.86,0.00,0,0.00,24.4,25.8,23.4
2026-05-22 18:47:00,26.9,76,100.86,0.00,0,0.00,24.8,24.9,23.5
2026-05-22 18:48:00,27.5,88,100.86,0.00,0,0.00,26.6,30.0,25.9
2026-05-22 18:48:00,26.9,84,100.86,0.00,0,0.00,25.6,24.9,24.8
2026-05-22 18:49:00,26.4,82,100.86,0.00,0,0.00,24.9,24.4,23.9
2026-05-22 18:49:00,25.7,86,100.86,0.00,0,0.00,24.6,25.7,23.9
2026-05-22 18:50:00,25.3,86,100.86,0.00,0,0.00,24.2,25.3,23.5
2026-05-22 18:50:00,25.2,81,100.86,0.00,0,0.00,23.7,25.2,22.7
2026-05-22 18:51:00,25.1,87,100.85,0.00,0,0.00,24.1,25.1,23.4
2026-05-22 18:51:00,25.2,86,100.87,0.00,0,0.00,24.1,25.2,23.3
2026-05-22 18:52:00,25.0,86,100.86,0.00,0,0.00,23.9,25.0,23.1
2026-05-22 18:52:00,25.0,84,100.86,0.00,0,0.00,23.8,25.0,22.9
2026-05-22 18:53:00,25.1,87,100.86,0.00,0,0.00,24.1,25.1,23.4
2026-05-22 18:53:00,25.0,87,100.86,0.00,0,0.00,24.0,25.0,23.3
2026-05-22 18:54:00,25.0,82,100.86,0.00,0,0.00,23.6,25.0,22.7
2026-05-22 18:54:00,24.8,83,100.86,0.00,0,0.00,23.4,24.8,22.5
2026-05-22 18:55:00,24.8,82,100.86,0.00,0,0.00,23.4,24.8,22.4
2026-05-22 18:55:00,25.0,82,100.86,0.00,0,0.00,23.6,25.0,22.6
2026-05-22 18:56:00,25.1,83,100.86,0.00,0,0.00,23.7,25.1,22.8
2026-05-22 18:56:00,25.0,83,100.86,0.00,0,0.00,23.6,25.0,22.7
2026-05-22 18:57:00,25.0,83,100.87,0.00,0,0.00,23.6,25.0,22.7
2026-05-22 18:57:00,24.8,88,100.86,0.00,0,0.00,23.9,24.8,23.2
2026-05-22 18:58:00,24.8,86,100.87,0.00,0,0.00,23.7,24.8,22.9
2026-05-22 18:58:00,25.0,86,100.87,0.00,0,0.00,23.9,25.0,23.1
2026-05-22 18:59:00,25.2,85,100.86,0.00,0,0.00,24.0,25.2,23.2
2026-05-22 18:59:00,25.3,86,100.86,0.00,0,0.00,24.2,25.3,23.4
2026-05-22 19:00:00,25.2,86,100.87,0.00,0,0.00,24.1,25.2,23.4
2026-05-22 19:00:00,25.1,85,100.87,0.00,0,0.00,23.9,25.1,23.1
2026-05-22 19:01:00,25.3,83,100.87,0.00,0,0.00,23.9,25.3,23.0
2026-05-22 19:01:00,25.3,87,100.86,0.00,0,0.00,24.3,25.3,23.6
2026-05-22 19:02:00,25.5,87,100.87,0.00,0,0.00,24.5,25.5,23.8
2026-05-22 19:02:00,25.6,87,100.86,0.00,0,0.00,24.6,25.6,23.9
2026-05-22 19:03:00,25.5,83,100.87,0.00,0,0.00,24.2,25.5,23.3
2026-05-22 19:03:00,25.5,88,100.87,0.00,0,0.00,24.5,25.5,23.9
2026-05-22 19:04:00,25.4,88,100.86,0.00,0,0.00,24.4,25.4,23.7
2026-05-22 19:04:00,25.4,85,100.87,0.00,0,0.00,24.2,25.4,23.4
2026-05-22 19:05:00,25.6,88,100.88,0.00,0,0.00,24.6,25.6,23.9
2026-05-22 19:05:00,25.6,86,100.87,0.00,0,0.00,24.5,25.6,23.7
2026-05-22 19:07:00,25.5,83,100.87,0.00,0,0.00,24.1,25.5,23.2
2026-05-22 19:07:00,25.5,86,100.86,0.00,0,0.00,24.4,25.5,23.7
2026-05-22 19:08:00,25.6,84,100.87,0.00,0,0.00,24.3,25.6,23.4
2026-05-22 19:09:00,25.5,83,100.87,0.00,0,0.00,24.2,25.5,23.2
2026-05-22 19:09:00,25.4,88,100.87,0.00,0,0.00,24.5,25.4,23.9
2026-05-22 19:10:00,25.3,87,100.87,0.00,0,0.00,24.3,25.3,23.6
2026-05-22 19:10:00,25.3,88,100.87,0.00,0,0.00,24.4,25.3,23.7
2026-05-22 19:11:00,25.3,87,100.88,0.00,0,0.00,24.3,25.3,23.5
2026-05-22 19:11:00,25.1,83,100.88,0.00,0,0.00,23.7,25.1,22.8
2026-05-22 19:12:00,25.1,83,100.88,0.00,0,0.00,23.7,25.1,22.8
2026-05-22 19:12:00,25.0,88,100.88,0.00,0,0.00,24.0,25.0,23.4
2026-05-22 19:13:00,25.0,86,100.87,0.00,0,0.00,23.9,25.0,23.2
2026-05-22 19:13:00,25.2,82,100.88,0.00,0,0.00,23.8,25.2,22.9
2026-05-22 19:14:00,25.1,83,100.87,0.00,0,0.00,23.7,25.1,22.8
2026-05-22 19:14:00,25.2,86,100.88,0.00,0,0.00,24.1,25.2,23.3
2026-05-22 19:15:00,25.2,87,100.88,0.00,0,0.00,24.2,25.2,23.5
2026-05-22 19:15:00,25.2,87,100.89,0.00,0,0.00,24.2,25.2,23.4
2026-05-22 19:16:00,25.3,86,100.88,0.00,0,0.00,24.2,25.3,23.4
2026-05-22 19:16:00,25.4,87,100.89,0.00,0,0.00,24.4,25.4,23.7
2026-05-22 19:17:00,25.2,87,100.88,0.00,0,0.00,24.2,25.2,23.5
2026-05-22 19:17:00,25.3,87,100.89,0.00,0,0.00,24.3,25.3,23.5
2026-05-22 19:18:00,25.4,87,100.88,0.00,0,0.00,24.4,25.4,23.6
2026-05-22 19:18:00,25.4,82,100.89,0.00,0,0.00,24.0,25.4,23.1
2026-05-22 19:19:00,25.5,88,100.89,0.00,0,0.00,24.6,25.5,23.9
2026-05-22 19:19:00,25.6,87,100.90,0.00,0,0.00,24.6,25.6,23.9
2026-05-22 19:20:00,25.5,83,100.89,0.00,0,0.00,24.2,25.5,23.3
2026-05-22 19:20:00,25.6,83,100.89,0.00,0,0.00,24.2,25.6,23.3
2026-05-22 19:21:00,25.7,88,100.88,0.00,0,0.00,24.7,25.7,24.1
2026-05-22 19:21:00,25.7,87,100.90,0.00,0,0.00,24.7,25.7,24.0
2026-05-22 19:22:00,25.5,83,100.89,0.00,0,0.00,24.2,25.5,23.3
2026-05-22 19:22:00,25.6,87,100.89,0.00,0,0.00,24.6,25.6,23.9
2026-05-22 19:23:00,25.4,87,100.89,0.00,0,0.00,24.4,25.4,23.6
2026-05-22 19:23:00,25.5,85,100.90,0.00,0,0.00,24.3,25.5,23.5
2026-05-22 19:24:00,25.3,88,100.90,0.00,0,0.00,24.3,25.3,23.6
2026-05-22 19:24:00,25.3,84,100.90,0.00,0,0.00,24.0,25.3,23.1
2026-05-22 19:25:00,25.4,82,100.89,0.00,0,0.00,24.0,25.4,23.0
2026-05-22 19:25:00,25.4,86,100.90,0.00,0,0.00,24.3,25.4,23.6
2026-05-22 19:26:00,25.3,88,100.89,0.00,0,0.00,24.3,25.3,23.6
2026-05-22 19:26:00,25.2,82,100.90,0.00,0,0.00,23.8,25.2,22.8
2026-05-22 19:49:00,25.2,81,100.90,0.00,0,0.00,23.7,25.2,22.7
2026-05-22 19:50:00,25.0,87,100.90,0.00,0,0.00,24.0,25.0,23.3
2026-05-22 19:50:00,25.0,86,100.90,0.00,0,0.00,23.9,25.0,23.1
2026-05-22 19:51:00,24.9,84,100.90,0.00,0,0.00,23.6,24.9,22.8
2026-05-22 19:51:00,25.0,82,100.90,0.00,0,0.00,23.5,25.0,22.5
2026-05-22 19:52:00,25.0,87,100.90,0.00,0,0.00,24.0,25.0,23.2
2026-05-22 19:52:00,25.0,82,100.90,0.00,0,0.00,23.5,25.0,22.5
2026-05-22 19:53:00,24.9,86,100.90,0.00,0,0.00,23.8,24.9,23.1
2026-05-22 19:53:00,25.0,87,100.90,0.00,0,0.00,24.0,25.0,23.2
2026-05-22 19:54:00,24.9,85,100.90,0.00,0,0.00,23.8,24.9,23.0
2026-05-22 19:54:00,24.9,85,100.90,0.00,0,0.00,23.7,24.9,22.9
2026-05-22 19:55:00,24.8,82,100.90,0.00,0,0.00,23.4,24.8,22.4
2026-05-22 19:55:00,24.7,87,100.90,0.00,0,0.00,23.7,24.7,23.0
2026-05-22 19:56:00,24.8,82,100.90,0.00,0,0.00,23.3,24.8,22.4
2026-05-22 19:56:00,24.9,82,100.90,0.00,0,0.00,23.5,24.9,22.5
2026-05-22 19:57:00,24.9,86,100.90,0.00,0,0.00,23.8,24.9,23.1
2026-05-22 19:57:00,24.9,82,100.90,0.00,0,0.00,23.5,24.9,22.5
2026-05-22 19:58:00,24.9,86,100.90,0.00,0,0.00,23.8,24.9,23.1
2026-05-22 19:58:00,24.8,82,100.90,0.00,0,0.00,23.4,24.8,22.5
2026-05-22 19:59:00,24.8,86,100.90,0.00,0,0.00,23.7,24.8,23.0
2026-05-22 19:59:00,25.0,83,100.90,0.00,0,0.00,23.6,25.0,22.7
2026-05-22 20:00:00,25.0,82,100.90,0.00,0,0.00,23.6,25.0,22.6
2026-05-22 20:00:00,24.9,82,100.90,0.00,0,0.00,23.4,24.9,22.5
2026-05-22 20:01:00,24.9,81,100.90,0.00,0,0.00,23.4,24.9,22.4
2026-05-22 20:01:00,25.0,83,100.90,0.00,0,0.00,23.6,25.0,22.7
2026-05-22 20:02:00,25.0,86,100.90,0.00,0,0.00,23.9,25.0,23.2
2026-05-22 20:02:00,25.0,82,100.90,0.00,0,0.00,23.5,25.0,22.6
2026-05-22 20:03:00,25.2,87,100.90,0.00,0,0.00,24.2,25.2,23.5
2026-05-22 20:03:00,25.1,86,100.90,0.00,0,0.00,24.0,25.1,23.2
2026-05-22 20:04:00,25.0,81,100.90,0.00,0,0.00,23.5,25.0,22.5
2026-05-22 20:05:00,24.9,82,100.90,0.00,0,0.00,23.5,24.9,22.5
2026-05-22 20:05:00,25.0,82,100.90,0.00,0,0.00,23.5,25.0,22.5
2026-05-22 20:06:00,25.0,86,100.90,0.00,0,0.00,23.9,25.0,23.1
2026-05-22 20:06:00,25.1,86,100.90,0.00,0,0.00,24.0,25.1,23.3
2026-05-22 20:07:00,25.2,83,100.90,0.00,0,0.00,23.9,25.2,23.0
2026-05-22 20:07:00,25.3,86,100.90,0.00,0,0.00,24.2,25.3,23.4
2026-05-22 20:08:00,25.4,81,100.90,0.00,0,0.00,23.9,25.4,22.9
2026-05-22 20:08:00,25.3,84,100.90,0.00,0,0.00,24.0,25.3,23.1
2026-05-22 20:09:00,25.4,86,100.90,0.00,0,0.00,24.3,25.4,23.6
2026-05-22 20:09:00,25.4,86,100.90,0.00,0,0.00,24.3,25.4,23.6
2026-05-22 20:10:00,25.5,82,100.90,0.00,0,0.00,24.1,25.5,23.1
2026-05-22 20:10:00,25.4,86,100.90,0.00,0,0.00,24.3,25.4,23.6
2026-05-22 20:11:00,25.3,81,100.90,0.00,0,0.00,23.8,25.3,22.7
2026-05-22 20:11:00,25.4,86,100.90,0.00,0,0.00,24.3,25.4,23.6
2026-05-22 20:12:00,25.4,83,100.90,0.00,0,0.00,24.0,25.4,23.1
2026-05-22 20:12:00,25.5,87,100.90,0.00,0,0.00,24.5,25.5,23.8
2026-05-22 20:13:00,25.6,82,100.90,0.00,0,0.00,24.1,25.6,23.2
2026-05-22 20:13:00,25.7,86,100.90,0.00,0,0.00,24.6,25.7,23.9
2026-05-22 20:14:00,25.6,82,100.90,0.00,0,0.00,24.1,25.6,23.2
2026-05-22 20:14:00,25.4,87,100.90,0.00,0,0.00,24.4,25.4,23.7
2026-05-22 20:15:00,25.4,82,100.90,0.00,0,0.00,24.0,25.4,23.0
2026-05-22 20:15:00,25.5,86,100.90,0.00,0,0.00,24.4,25.5,23.6
2026-05-22 20:16:00,25.4,86,100.90,0.00,0,0.00,24.3,25.4,23.6
2026-05-22 20:16:00,25.4,86,100.90,0.00,0,0.00,24.3,25.4,23.6
2026-05-22 20:17:00,25.5,84,100.90,0.00,0,0.00,24.2,25.5,23.3
2026-05-22 20:17:00,25.5,87,100.90,0.00,0,0.00,24.5,25.5,23.7
2026-05-22 20:18:00,25.7,82,100.90,0.00,0,0.00,24.2,25.7,23.2
2026-05-22 20:18:00,25.8,86,100.90,0.00,0,0.00,24.7,25.8,24.0
2026-05-22 20:19:00,25.7,86,100.90,0.00,0,0.00,24.6,25.7,23.8
2026-05-22 20:19:00,25.8,87,100.90,0.00,0,0.00,24.8,25.8,24.0
2026-05-22 20:20:00,25.6,85,100.90,0.00,0,0.00,24.4,25.6,23.6
2026-05-22 20:20:00,25.6,82,100.90,0.00,0,0.00,24.1,25.6,23.1
2026-05-22 20:21:00,25.7,87,100.90,0.00,0,0.00,24.7,25.7,24.0
2026-05-22 20:21:00,25.6,86,100.90,0.00,0,0.00,24.5,25.6,23.8
2026-05-22 20:22:00,25.7,86,100.90,0.00,0,0.00,24.6,25.7,23.9
2026-05-22 20:22:00,25.8,83,100.90,0.00,0,0.00,24.5,25.8,23.6
2026-05-22 20:23:00,25.7,82,100.90,0.00,0,0.00,24.3,25.7,23.3
2026-05-22 20:23:00,25.7,88,100.90,0.00,0,0.00,24.7,25.7,24.1
2026-05-22 20:24:00,25.7,82,100.90,0.00,0,0.00,24.3,25.7,23.3
2026-05-22 20:24:00,25.8,82,100.90,0.00,0,0.00,24.4,25.8,23.4
2026-05-22 20:25:00,25.8,85,100.90,0.00,0,0.00,24.6,25.8,23.8
2026-05-22 20:25:00,25.7,83,100.90,0.00,0,0.00,24.3,25.7,23.4
2026-05-22 20:26:00,25.7,82,100.90,0.00,0,0.00,24.3,25.7,23.3
2026-05-22 20:26:00,25.6,82,100.90,0.00,0,0.00,24.2,25.6,23.3
2026-05-22 20:27:00,25.6,84,100.90,0.00,0,0.00,24.3,25.6,23.4
2026-05-22 20:27:00,25.8,82,100.90,0.00,0,0.00,24.4,25.8,23.4
2026-05-22 20:28:00,25.8,83,100.90,0.00,0,0.00,24.5,25.8,23.5
2026-05-22 20:28:00,25.7,86,100.90,0.00,0,0.00,24.6,25.7,23.9
2026-05-22 20:29:00,25.8,83,100.90,0.00,0,0.00,24.4,25.8,23.5
2026-05-22 20:30:00,25.7,87,100.90,0.00,0,0.00,24.7,25.7,24.0
2026-05-22 20:30:00,25.6,85,100.90,0.00,0,0.00,24.4,25.6,23.6
2026-05-22 20:31:00,25.6,72,100.90,0.00,0,0.00,23.3,25.6,21.9
2026-05-22 20:31:00,25.6,93,100.90,0.00,0,0.00,25.0,25.6,24.7
2026-05-22 20:32:00,25.6,87,100.90,0.00,0,0.00,24.6,25.6,23.8
2026-05-22 20:32:00,25.6,87,100.90,0.00,0,0.00,24.6,25.6,23.8
2026-05-22 20:33:00,25.6,86,100.90,0.00,0,0.00,24.5,25.6,23.7
2026-05-22 20:33:00,25.7,82,100.90,0.00,0,0.00,24.3,25.7,23.3
2026-05-22 20:34:00,25.7,82,100.90,0.00,0,0.00,24.3,25.7,23.3
2026-05-22 20:34:00,25.7,82,100.90,0.00,0,0.00,24.2,25.7,23.3
2026-05-22 20:35:00,25.6,86,100.90,0.00,0,0.00,24.5,25.6,23.8
2026-05-22 20:35:00,25.5,85,100.90,0.00,0,0.00,24.3,25.5,23.5
2026-05-22 20:36:00,25.6,86,100.90,0.00,0,0.00,24.5,25.6,23.7
2026-05-22 20:36:00,25.6,82,100.90,0.00,0,0.00,24.2,25.6,23.2
2026-05-22 20:37:00,25.6,82,100.90,0.00,0,0.00,24.1,25.6,23.1
2026-05-22 20:37:00,25.5,82,100.90,0.00,0,0.00,24.1,25.5,23.1
2026-05-22 20:38:00,25.6,85,100.90,0.00,0,0.00,24.4,25.6,23.6
2026-05-22 20:38:00,25.4,87,100.90,0.00,0,0.00,24.4,25.4,23.6
2026-05-22 20:39:00,25.3,86,100.90,0.00,0,0.00,24.2,25.3,23.5
2026-05-22 20:39:00,25.3,82,100.90,0.00,0,0.00,23.8,25.3,22.8
2026-05-22 21:04:00,25.6,86,100.90,0.00,0,0.00,24.5,25.6,23.7
2026-05-22 21:05:00,25.6,80,100.90,0.00,0,0.00,24.0,25.6,22.9
2026-05-22 21:05:00,25.6,80,100.90,0.00,0,0.00,24.0,25.6,23.0
2026-05-22 21:06:00,25.5,85,100.90,0.00,0,0.00,24.3,25.5,23.5
2026-05-22 21:06:00,25.6,80,100.90,0.00,0,0.00,24.0,25.6,22.9
2026-05-22 21:07:00,25.6,82,100.90,0.00,0,0.00,24.1,25.6,23.1
2026-05-22 21:07:00,25.5,82,100.90,0.00,0,0.00,24.1,25.5,23.1
2026-05-22 21:08:00,25.4,81,100.90,0.00,0,0.00,23.9,25.4,22.8
2026-05-22 21:08:00,25.3,79,100.90,0.00,0,0.00,23.6,25.3,22.5
2026-05-22 21:09:00,25.4,85,100.90,0.00,0,0.00,24.2,25.4,23.4
2026-05-22 21:09:00,25.5,84,100.90,0.00,0,0.00,24.3,25.5,23.4
2026-05-22 21:10:00,25.4,80,100.90,0.00,0,0.00,23.8,25.4,22.7
2026-05-22 21:10:00,25.2,79,100.90,0.00,0,0.00,23.5,25.2,22.4
2026-05-22 21:11:00,25.2,85,100.90,0.00,0,0.00,24.1,25.2,23.3
2026-05-22 21:11:00,25.2,79,100.90,0.00,0,0.00,23.5,25.2,22.4
2026-05-22 21:12:00,25.2,86,100.90,0.00,0,0.00,24.1,25.2,23.3
2026-05-22 21:12:00,25.3,80,100.90,0.00,0,0.00,23.7,25.3,22.6
2026-05-22 21:13:00,25.2,84,100.90,0.00,0,0.00,24.0,25.2,23.1
2026-05-22 21:13:00,25.2,79,100.90,0.00,0,0.00,23.5,25.2,22.4
2026-05-22 21:14:00,25.3,79,100.90,0.00,0,0.00,23.6,25.3,22.5
2026-05-22 21:14:00,25.5,80,100.90,0.00,0,0.00,23.9,25.5,22.8
2026-05-22 21:15:00,25.5,84,100.90,0.00,0,0.00,24.3,25.5,23.4
2026-05-22 21:15:00,25.6,84,100.90,0.00,0,0.00,24.3,25.6,23.5
2026-05-22 21:16:00,25.5,82,100.90,0.00,0,0.00,24.1,25.5,23.1
2026-05-22 21:16:00,25.5,82,100.90,0.00,0,0.00,24.1,25.5,23.2
2026-05-22 21:17:00,25.4,84,100.90,0.00,0,0.00,24.1,25.4,23.2
2026-05-22 21:17:00,25.4,79,100.90,0.00,0,0.00,23.7,25.4,22.6
2026-05-22 21:18:00,25.3,79,100.90,0.00,0,0.00,23.6,25.3,22.5
2026-05-22 21:18:00,25.2,79,100.90,0.00,0,0.00,23.5,25.2,22.4
2026-05-22 21:19:00,25.2,84,100.90,0.00,0,0.00,24.0,25.2,23.1
2026-05-22 21:19:00,25.1,84,100.90,0.00,0,0.00,23.8,25.1,22.9
2026-05-22 21:20:00,25.1,78,100.90,0.00,0,0.00,23.3,25.1,22.2
2026-05-22 21:20:00,25.0,79,100.90,0.00,0,0.00,23.3,25.0,22.2
2026-05-22 21:21:00,25.0,84,100.90,0.00,0,0.00,23.7,25.0,22.9
2026-05-22 21:21:00,25.0,84,100.90,0.00,0,0.00,23.8,25.0,22.9
2026-05-22 21:22:00,25.1,84,100.90,0.00,0,0.00,23.9,25.1,23.0
2026-05-22 21:22:00,25.1,84,100.90,0.00,0,0.00,23.8,25.1,23.0
2026-05-22 21:23:00,25.0,83,100.90,0.00,0,0.00,23.6,25.0,22.7
2026-05-22 21:23:00,25.0,84,100.90,0.00,0,0.00,23.7,25.0,22.9
2026-05-22 21:24:00,25.0,84,100.90,0.00,0,0.00,23.7,25.0,22.8
2026-05-22 21:24:00,25.0,80,100.90,0.00,0,0.00,23.4,25.0,22.3
2026-05-22 21:25:00,25.2,84,100.90,0.00,0,0.00,23.9,25.2,23.0
2026-05-22 21:25:00,25.2,84,100.90,0.00,0,0.00,24.0,25.2,23.1
2026-05-22 21:26:00,25.2,78,100.90,0.00,0,0.00,23.4,25.2,22.2
2026-05-22 21:26:00,25.1,83,100.90,0.00,0,0.00,23.7,25.1,22.8
2026-05-22 21:27:00,25.1,83,100.90,0.00,0,0.00,23.7,25.1,22.8
2026-05-22 21:27:00,25.1,82,100.90,0.00,0,0.00,23.6,25.1,22.6
2026-05-22 21:28:00,25.0,82,100.90,0.00,0,0.00,23.6,25.0,22.7
2026-05-22 21:28:00,25.1,79,100.90,0.00,0,0.00,23.4,25.1,22.2
2026-05-22 21:29:00,25.0,80,100.90,0.00,0,0.00,23.4,25.0,22.3
2026-05-22 21:29:00,25.1,78,100.90,0.00,0,0.00,23.3,25.1,22.2
2026-05-22 21:30:00,25.2,78,100.90,0.00,0,0.00,23.4,25.2,22.3
2026-05-22 21:30:00,25.3,80,100.90,0.00,0,0.00,23.6,25.3,22.5
2026-05-22 21:31:00,25.4,84,100.90,0.00,0,0.00,24.1,25.4,23.2
2026-05-22 21:31:00,25.3,85,100.90,0.00,0,0.00,24.1,25.3,23.3
2026-05-22 21:32:00,25.2,78,100.90,0.00,0,0.00,23.4,25.2,22.2
2026-05-22 21:32:00,25.3,84,100.90,0.00,0,0.00,24.0,25.3,23.1
2026-05-22 21:33:00,25.2,83,100.90,0.00,0,0.00,23.8,25.2,22.9
2026-05-22 21:33:00,25.2,79,100.90,0.00,0,0.00,23.5,25.2,22.4
2026-05-22 21:34:00,25.2,79,100.90,0.00,0,0.00,23.5,25.2,22.3
2026-05-22 21:34:00,25.1,78,100.90,0.00,0,0.00,23.3,25.1,22.1
2026-05-22 21:35:00,25.2,84,100.90,0.00,0,0.00,23.9,25.2,23.1
2026-05-22 21:35:00,25.3,78,100.90,0.00,0,0.00,23.5,25.3,22.3
2026-05-22 21:36:00,25.3,79,100.90,0.00,0,0.00,23.6,25.3,22.4
2026-05-22 21:36:00,25.4,82,100.90,0.00,0,0.00,24.0,25.4,23.1
2026-05-22 21:37:00,25.5,82,100.90,0.00,0,0.00,24.1,25.5,23.2
2026-05-22 21:37:00,25.5,80,100.90,0.00,0,0.00,23.8,25.5,22.7
2026-05-22 21:38:00,25.5,83,100.90,0.00,0,0.00,24.2,25.5,23.3
2026-05-22 21:38:00,25.4,79,100.90,0.00,0,0.00,23.7,25.4,22.6
2026-05-22 21:39:00,25.3,78,100.90,0.00,0,0.00,23.5,25.3,22.3
2026-05-22 21:39:00,25.3,79,100.90,0.00,0,0.00,23.6,25.3,22.5
2026-05-22 21:40:00,25.2,83,100.90,0.00,0,0.00,23.9,25.2,23.0
2026-05-22 21:40:00,25.1,79,100.90,0.00,0,0.00,23.4,25.1,22.2
2026-05-22 21:42:00,25.3,85,100.90,0.00,0,0.00,24.1,25.3,23.3
2026-05-22 21:42:00,25.4,84,100.90,0.00,0,0.00,24.2,25.4,23.3
2026-05-22 21:43:00,25.7,82,100.90,0.00,0,0.00,24.3,25.7,23.3
2026-05-22 21:44:00,25.8,79,100.90,0.00,0,0.00,24.0,25.8,22.9
2026-05-22 21:44:00,25.7,80,100.90,0.00,0,0.00,24.1,25.7,23.1
2026-05-22 22:17:00,25.7,85,100.90,0.00,0,0.00,24.5,25.7,23.7
2026-05-22 22:17:00,25.2,88,100.90,0.00,0,0.00,24.3,25.2,23.7
2026-05-22 22:17:00,25.2,88,100.90,0.00,0,0.00,24.3,25.2,23.7
2026-05-22 22:17:00,25.3,84,100.90,0.00,0,0.00,24.0,25.3,23.2
2026-05-22 22:17:00,25.2,88,100.90,0.00,0,0.00,24.2,25.2,23.6
2026-05-22 22:18:00,25.1,85,100.90,0.00,0,0.00,24.0,25.1,23.2
2026-05-22 22:18:00,25.1,88,100.90,0.00,0,0.00,24.1,25.1,23.5
2026-05-22 22:18:00,25.1,84,100.90,0.00,0,0.00,23.8,25.1,22.9
2026-05-22 22:19:00,25.0,88,100.90,0.00,0,0.00,24.1,25.0,23.4
2026-05-22 22:19:00,25.0,87,100.90,0.00,0,0.00,24.0,25.0,23.3
2026-05-22 22:20:00,25.0,83,100.90,0.00,0,0.00,23.7,25.0,22.8
2026-05-22 22:20:00,25.1,83,100.90,0.00,0,0.00,23.8,25.1,22.9
2026-05-22 22:21:00,25.0,88,100.90,0.00,0,0.00,24.1,25.0,23.4
2026-05-22 22:22:00,25.0,82,100.90,0.00,0,0.00,23.6,25.0,22.6
2026-05-22 22:22:00,25.2,88,100.90,0.00,0,0.00,24.3,25.2,23.7
2026-05-22 22:23:00,25.0,83,100.90,0.00,0,0.00,23.7,25.0,22.8
2026-05-22 22:23:00,25.2,83,100.90,0.00,0,0.00,23.8,25.2,22.9
2026-05-22 22:24:00,25.1,83,100.90,0.00,0,0.00,23.7,25.1,22.8
2026-05-22 22:24:00,25.0,84,100.90,0.00,0,0.00,23.7,25.0,22.8
2026-05-22 22:25:00,25.1,87,100.90,0.00,0,0.00,24.1,25.1,23.4
2026-05-22 22:25:00,25.3,88,100.90,0.00,0,0.00,24.4,25.3,23.7
2026-05-22 22:26:00,25.0,87,100.90,0.00,0,0.00,24.0,25.0,23.3
2026-05-22 22:26:00,25.0,85,100.90,0.00,0,0.00,23.8,25.0,23.0
2026-05-22 22:27:00,25.2,86,100.90,0.00,0,0.00,24.1,25.2,23.4
2026-05-22 22:27:00,25.2,83,100.90,0.00,0,0.00,23.8,25.2,22.9
2026-05-22 22:28:00,25.4,87,100.90,0.00,0,0.00,24.4,25.4,23.7
2026-05-22 22:28:00,25.3,83,100.90,0.00,0,0.00,23.9,25.3,23.0
2026-05-22 22:29:00,25.1,87,100.90,0.00,0,0.00,24.1,25.1,23.4
2026-05-22 22:29:00,25.0,83,100.90,0.00,0,0.00,23.6,25.0,22.7
2026-05-22 22:30:00,25.0,83,100.90,0.00,0,0.00,23.6,25.0,22.7
2026-05-22 22:30:00,24.8,88,100.90,0.00,0,0.00,23.9,24.8,23.2
2026-05-22 22:31:00,25.0,87,100.90,0.00,0,0.00,24.0,25.0,23.3
2026-05-22 22:31:00,24.9,83,100.90,0.00,0,0.00,23.6,24.9,22.7
2026-05-22 22:32:00,25.0,88,100.90,0.00,0,0.00,24.0,25.0,23.4
2026-05-22 22:32:00,25.2,87,100.90,0.00,0,0.00,24.2,25.2,23.5
2026-05-22 22:33:00,25.3,82,100.90,0.00,0,0.00,23.8,25.3,22.8
2026-05-22 22:33:00,25.5,82,100.90,0.00,0,0.00,24.0,25.5,23.1
2026-05-22 22:34:00,25.4,83,100.90,0.00,0,0.00,24.0,25.4,23.1
2026-05-22 22:34:00,25.2,83,100.90,0.00,0,0.00,23.8,25.2,22.9
2026-05-22 23:00:00,25.6,85,100.94,0.00,0,0.00,24.4,25.6,23.6
2026-05-22 23:02:00,25.6,100,100.93,0.00,0,0.00,25.6,25.6,25.6
2026-05-22 23:04:00,25.5,67,100.93,0.00,0,0.00,22.6,25.5,21.0
2026-05-22 23:06:00,25.5,84,100.93,0.00,0,0.00,24.2,25.5,23.3
2026-05-22 23:08:00,25.5,94,100.93,0.00,0,0.00,25.1,25.5,24.8
2026-05-22 23:10:00,25.5,92,100.93,0.00,0,0.00,24.9,25.5,24.5
2026-05-22 23:12:00,25.5,88,100.93,0.00,0,0.00,24.6,25.5,24.0
2026-05-22 23:14:00,25.3,80,100.93,0.00,0,0.00,23.6,25.3,22.6
2026-05-22 23:16:00,25.3,89,100.93,0.00,0,0.00,24.5,25.3,23.9
2026-05-22 23:18:00,25.3,94,100.93,0.00,0,0.00,24.8,25.3,24.5
2026-05-22 23:20:00,25.2,100,100.92,0.00,0,0.00,25.2,25.2,25.2
2026-05-22 23:22:00,25.2,100,100.92,0.00,0,0.00,25.2,25.2,25.2
2026-05-22 23:24:00,25.2,100,100.92,0.00,0,0.00,25.2,25.2,25.2
2026-05-22 23:26:00,25.2,94,100.92,0.00,0,0.00,24.8,25.2,24.5
2026-05-22 23:28:00,25.2,83,100.92,0.00,0,0.00,23.8,25.2,22.9
2026-05-22 23:30:00,25.1,79,100.91,0.00,0,0.00,23.4,25.1,22.3
2026-05-22 23:32:00,25.1,78,100.92,0.00,0,0.00,23.3,25.1,22.2
2026-05-22 23:35:00,25.1,96,100.91,0.00,0,0.00,24.8,25.1,24.6
2026-05-22 23:37:00,25.1,66,100.90,0.00,0,0.00,22.1,25.1,20.5
2026-05-22 23:39:00,25.0,78,100.90,0.00,0,0.00,23.2,25.0,22.0
2026-05-22 23:41:00,25.0,77,100.90,0.00,0,0.00,23.1,25.0,21.9
2026-05-22 23:43:00,25.0,67,100.91,0.00,0,0.00,22.1,25.0,20.5
2026-05-22 23:45:00,25.0,98,100.90,0.00,0,0.00,24.9,25.0,24.8
2026-05-22 23:47:00,24.9,99,100.90,0.00,0,0.00,24.8,24.9,24.8
2026-05-22 23:49:00,24.9,65,100.91,0.00,0,0.00,21.8,24.9,20.1
2026-05-22 23:51:00,24.9,83,100.90,0.00,0,0.00,23.6,24.9,22.7
2026-05-22 23:53:00,24.8,96,100.90,0.00,0,0.00,24.5,24.8,24.3
2026-05-22 23:55:00,24.8,86,100.90,0.00,0,0.00,23.7,24.8,22.9
2026-05-22 23:57:00,24.8,100,100.90,0.00,0,0.00,24.8,24.8,24.8
2026-05-22 23:59:00,24.7,82,100.90,0.00,0,0.00,23.2,24.7,22.3
2026-05-23 00:01:00,24.8,96,100.90,0.00,0,0.00,24.5,24.8,24.2
2026-05-23 00:03:00,24.8,86,100.90,0.00,0,0.00,23.7,24.8,23.0
2026-05-23 00:05:00,24.8,100,100.90,0.00,0,0.00,24.8,24.8,24.8
2026-05-23 00:08:00,24.8,100,100.90,0.00,0,0.00,24.8,24.8,24.8
2026-05-23 00:10:00,24.8,65,100.89,0.00,0,0.00,21.7,24.8,20.0
2026-05-23 00:12:00,24.8,81,100.89,0.00,0,0.00,23.2,24.8,22.2
2026-05-23 00:14:00,24.8,98,100.89,0.00,0,0.00,24.7,24.8,24.6
2026-05-23 00:16:00,24.8,69,100.89,0.00,0,0.00,22.1,24.8,20.6
2026-05-23 00:18:00,24.8,66,100.90,0.00,0,0.00,21.8,24.8,20.2
2026-05-23 00:20:00,24.8,84,100.89,0.00,0,0.00,23.5,24.8,22.7
2026-05-23 00:22:00,24.8,66,100.89,0.00,0,0.00,21.8,24.8,20.2
2026-05-23 00:24:00,24.8,100,100.88,0.00,0,0.00,24.8,24.8,24.8
2026-05-23 00:26:00,24.8,100,100.89,0.00,0,0.00,24.8,24.8,24.8
2026-05-23 00:28:00,24.8,78,100.89,0.00,0,0.00,23.0,24.8,21.9
2026-05-23 00:30:00,24.9,70,100.89,0.00,0,0.00,22.3,24.9,20.8
2026-05-23 00:32:00,24.9,75,100.89,0.00,0,0.00,22.8,24.9,21.5
2026-05-23 00:34:00,24.9,100,100.88,0.00,0,0.00,24.9,24.9,24.9
2026-05-23 00:36:00,24.9,94,100.89,0.00,0,0.00,24.4,24.9,24.1
2026-05-23 00:38:00,24.8,65,100.89,0.00,0,0.00,21.6,24.8,20.0
2026-05-23 00:41:00,24.9,77,100.89,0.00,0,0.00,23.0,24.9,21.9
2026-05-23 00:43:00,24.8,64,100.90,0.00,0,0.00,21.6,24.8,19.9
2026-05-23 00:45:00,24.8,84,100.89,0.00,0,0.00,23.5,24.8,22.7
2026-05-23 00:47:00,24.8,67,100.89,0.00,0,0.00,21.9,24.8,20.3
2026-05-23 00:49:00,24.8,100,100.89,0.00,0,0.00,24.8,24.8,24.8
2026-05-23 00:51:00,24.8,100,100.89,0.00,0,0.00,24.8,24.8,24.8
2026-05-23 00:53:00,24.9,83,100.89,0.00,0,0.00,23.6,24.9,22.7
2026-05-23 00:55:00,24.9,69,100.89,0.00,0,0.00,22.2,24.9,20.7
2026-05-23 00:57:00,24.9,65,100.89,0.00,0,0.00,21.8,24.9,20.2
2026-05-23 00:59:00,24.8,95,100.89,0.00,0,0.00,24.4,24.8,24.1
2026-05-23 01:01:00,24.8,100,100.89,0.00,0,0.00,24.8,24.8,24.8
2026-05-23 01:03:00,24.8,100,100.89,0.00,0,0.00,24.8,24.8,24.8
2026-05-23 01:05:00,24.8,81,100.89,0.00,0,0.00,23.3,24.8,22.3
2026-05-23 01:07:00,24.8,100,100.89,0.00,0,0.00,24.8,24.8,24.8
2026-05-23 01:09:00,24.8,72,100.89,0.00,0,0.00,22.5,24.8,21.1
2026-05-23 01:11:00,24.8,68,100.89,0.00,0,0.00,22.0,24.8,20.5
2026-05-23 01:14:00,24.7,98,100.89,0.00,0,0.00,24.6,24.7,24.5
2026-05-23 01:16:00,24.6,64,100.88,0.00,0,0.00,21.4,24.6,19.7
2026-05-23 01:18:00,24.7,92,100.88,0.00,0,0.00,24.1,24.7,23.7
2026-05-23 01:20:00,24.6,88,100.88,0.00,0,0.00,23.6,24.6,23.0
2026-05-23 01:22:00,24.6,100,100.88,0.00,0,0.00,24.6,24.6,24.6
2026-05-23 01:24:00,24.7,95,100.88,0.00,0,0.00,24.3,24.7,24.1
2026-05-23 01:26:00,24.7,84,100.88,0.00,0,0.00,23.5,24.7,22.6
2026-05-23 01:28:00,24.7,66,100.88,0.00,0,0.00,21.7,24.7,20.0
2026-05-23 01:30:00,24.7,65,100.88,0.00,0,0.00,21.6,24.7,19.9
2026-05-23 01:32:00,24.7,100,100.88,0.00,0,0.00,24.7,24.7,24.7
2026-05-23 01:34:00,24.7,65,100.88,0.00,0,0.00,21.6,24.7,19.9
2026-05-23 01:36:00,24.8,99,100.87,0.00,0,0.00,24.7,24.8,24.7
2026-05-23 01:38:00,24.7,65,100.87,0.00,0,0.00,21.6,24.7,19.9
2026-05-23 01:40:00,24.7,72,100.88,0.00,0,0.00,22.4,24.7,21.0
2026-05-23 01:42:00,24.7,66,100.88,0.00,0,0.00,21.7,24.7,20.1
2026-05-23 01:44:00,24.7,100,100.87,0.00,0,0.00,24.7,24.7,24.7
2026-05-23 01:47:00,24.7,70,100.86,0.00,0,0.00,22.1,24.7,20.7
2026-05-23 01:49:00,24.7,68,100.87,0.00,0,0.00,21.9,24.7,20.3
2026-05-23 01:51:00,24.7,76,100.87,0.00,0,0.00,22.8,24.7,21.6
2026-05-23 01:53:00,24.7,79,100.86,0.00,0,0.00,23.0,24.7,21.9
2026-05-23 01:55:00,24.6,67,100.86,0.00,0,0.00,21.7,24.6,20.1
2026-05-23 01:57:00,24.7,96,100.87,0.00,0,0.00,24.4,24.7,24.2
2026-05-23 01:59:00,24.7,88,100.86,0.00,0,0.00,23.8,24.7,23.1
2026-05-23 02:01:00,24.7,86,100.86,0.00,0,0.00,23.6,24.7,22.8
2026-05-23 02:03:00,24.8,100,100.86,0.00,0,0.00,24.8,24.8,24.8
2026-05-23 02:05:00,24.8,100,100.86,0.00,0,0.00,24.8,24.8,24.8
2026-05-23 02:07:00,24.8,80,100.86,0.00,0,0.00,23.1,24.8,22.1
2026-05-23 02:09:00,24.7,65,100.86,0.00,0,0.00,21.6,24.7,19.9
2026-05-23 02:11:00,24.7,77,100.87,0.00,0,0.00,22.8,24.7,21.7
2026-05-23 02:13:00,24.8,75,100.87,0.00,0,0.00,22.7,24.8,21.5
2026-05-23 02:15:00,24.8,66,100.87,0.00,0,0.00,21.8,24.8,20.2
2026-05-23 02:17:00,24.8,72,100.86,0.00,0,0.00,22.5,24.8,21.1
2026-05-23 02:20:00,24.8,83,100.86,0.00,0,0.00,23.5,24.8,22.6
2026-05-23 02:22:00,24.8,78,100.86,0.00,0,0.00,23.0,24.8,21.8
2026-05-23 02:24:00,24.8,100,100.86,0.00,0,0.00,24.8,24.8,24.8
2026-05-23 02:26:00,24.8,92,100.86,0.00,0,0.00,24.2,24.8,23.8
2026-05-23 02:28:00,24.8,72,100.86,0.00,0,0.00,22.4,24.8,21.0
2026-05-23 02:30:00,24.8,100,100.86,0.00,0,0.00,24.8,24.8,24.8
2026-05-23 02:32:00,24.7,62,100.85,0.00,0,0.00,21.3,24.7,19.6
2026-05-23 02:34:00,24.7,91,100.86,0.00,0,0.00,24.0,24.7,23.5
2026-05-23 02:36:00,24.7,63,100.85,0.00,0,0.00,21.4,24.7,19.7
2026-05-23 02:38:00,24.6,66,100.85,0.00,0,0.00,21.6,24.6,20.0
2026-05-23 02:40:00,24.6,90,100.85,0.00,0,0.00,23.8,24.6,23.3
2026-05-23 02:42:00,24.6,68,100.84,0.00,0,0.00,21.8,24.6,20.2
2026-05-23 02:44:00,24.7,66,100.85,0.00,0,0.00,21.8,24.7,20.2
2026-05-23 02:46:00,24.7,66,100.85,0.00,0,0.00,21.7,24.7,20.0
2026-05-23 02:48:00,24.7,66,100.85,0.00,0,0.00,21.7,24.7,20.1
2026-05-23 02:50:00,24.7,70,100.85,0.00,0,0.00,22.1,24.7,20.6
2026-05-23 02:52:00,24.7,72,100.85,0.00,0,0.00,22.3,24.7,21.0
2026-05-23 02:55:00,24.7,100,100.84,0.00,0,0.00,24.7,24.7,24.7
2026-05-23 02:57:00,24.7,98,100.85,0.00,0,0.00,24.5,24.7,24.4
2026-05-23 02:59:00,24.7,100,100.84,0.00,0,0.00,24.7,24.7,24.7
2026-05-23 03:01:00,24.7,82,100.84,0.00,0,0.00,23.2,24.7,22.3
2026-05-23 03:03:00,24.7,73,100.84,0.00,0,0.00,22.4,24.7,21.1
2026-05-23 03:05:00,24.7,91,100.83,0.00,0,0.00,24.0,24.7,23.6
2026-05-23 03:07:00,24.7,100,100.84,0.00,0,0.00,24.7,24.7,24.7
2026-05-23 03:09:00,24.7,96,100.84,0.00,0,0.00,24.4,24.7,24.2
2026-05-23 03:11:00,24.7,74,100.84,0.00,0,0.00,22.6,24.7,21.3
2026-05-23 03:13:00,24.7,100,100.84,0.00,0,0.00,24.7,24.7,24.7
2026-05-23 03:15:00,24.7,86,100.83,0.00,0,0.00,23.6,24.7,22.8
2026-05-23 03:17:00,24.7,64,100.84,0.00,0,0.00,21.5,24.7,19.8
2026-05-23 03:19:00,24.7,89,100.84,0.00,0,0.00,23.9,24.7,23.3
2026-05-23 03:21:00,24.7,87,100.83,0.00,0,0.00,23.7,24.7,23.0
2026-05-23 03:23:00,24.7,62,100.84,0.00,0,0.00,21.3,24.7,19.6
2026-05-23 03:25:00,24.7,98,100.83,0.00,0,0.00,24.6,24.7,24.5
2026-05-23 03:28:00,24.8,64,100.84,0.00,0,0.00,21.6,24.8,19.9
2026-05-23 03:30:00,24.7,64,100.84,0.00,0,0.00,21.5,24.7,19.9
2026-05-23 03:32:00,24.7,77,100.84,0.00,0,0.00,22.8,24.7,21.7
2026-05-23 03:34:00,24.7,100,100.84,0.00,0,0.00,24.7,24.7,24.7
2026-05-23 03:36:00,24.8,100,100.84,0.00,0,0.00,24.8,24.8,24.8
2026-05-23 03:38:00,24.8,100,100.83,0.00,0,0.00,24.8,24.8,24.8
2026-05-23 03:40:00,24.8,93,100.84,0.00,0,0.00,24.3,24.8,23.9
2026-05-23 03:42:00,24.8,64,100.84,0.00,0,0.00,21.6,24.8,19.9
2026-05-23 03:44:00,24.8,98,100.84,0.00,0,0.00,24.7,24.8,24.6
2026-05-23 03:46:00,24.8,68,100.85,0.00,0,0.00,22.0,24.8,20.5
2026-05-23 03:48:00,24.8,93,100.84,0.00,0,0.00,24.3,24.8,23.9
2026-05-23 03:50:00,24.8,89,100.84,0.00,0,0.00,24.0,24.8,23.4
2026-05-23 03:52:00,24.8,94,100.84,0.00,0,0.00,24.3,24.8,24.0
2026-05-23 03:54:00,24.8,100,100.84,0.00,0,0.00,24.8,24.8,24.8
2026-05-23 03:56:00,24.8,62,100.84,0.00,0,0.00,21.4,24.8,19.7
2026-05-23 03:58:00,24.8,64,100.84,0.00,0,0.00,21.5,24.8,19.8
2026-05-23 04:01:00,24.8,84,100.84,0.00,0,0.00,23.5,24.8,22.7
2026-05-23 04:03:00,24.8,64,100.84,0.00,0,0.00,21.6,24.8,19.9
2026-05-23 04:05:00,24.8,66,100.84,0.00,0,0.00,21.8,24.8,20.2
2026-05-23 04:07:00,24.8,100,100.84,0.00,0,0.00,24.8,24.8,24.8
2026-05-23 04:09:00,24.8,100,100.85,0.00,0,0.00,24.8,24.8,24.8
2026-05-23 04:11:00,24.8,100,100.84,0.00,0,0.00,24.8,24.8,24.8
2026-05-23 04:13:00,24.8,100,100.84,0.00,0,0.00,24.8,24.8,24.8
2026-05-23 04:15:00,24.8,74,100.83,0.00,0,0.00,22.6,24.8,21.3
2026-05-23 04:17:00,24.9,99,100.84,0.00,0,0.00,24.8,24.9,24.8
2026-05-23 04:19:00,24.9,84,100.83,0.00,0,0.00,23.6,24.9,22.8
2026-05-23 04:21:00,24.9,100,100.84,0.00,0,0.00,24.9,24.9,24.9
2026-05-23 04:23:00,24.8,100,100.83,0.00,0,0.00,24.8,24.8,24.8
2026-05-23 04:25:00,24.8,64,100.84,0.00,0,0.00,21.6,24.8,19.9
2026-05-23 04:27:00,24.8,64,100.84,0.00,0,0.00,21.5,24.8,19.8
2026-05-23 04:29:00,24.8,100,100.84,0.00,0,0.00,24.8,24.8,24.8
2026-05-23 04:31:00,24.8,100,100.84,0.00,0,0.00,24.8,24.8,24.8
2026-05-23 04:34:00,24.8,100,100.84,0.00,0,0.00,24.8,24.8,24.8
2026-05-23 04:36:00,24.8,98,100.84,0.00,0,0.00,24.6,24.8,24.6
2026-05-23 04:38:00,24.8,100,100.84,0.00,0,0.00,24.8,24.8,24.8
2026-05-23 04:40:00,24.9,95,100.84,0.00,0,0.00,24.5,24.9,24.2
2026-05-23 04:42:00,24.9,70,100.84,0.00,0,0.00,22.4,24.9,20.9
2026-05-23 04:44:00,24.9,87,100.84,0.00,0,0.00,23.9,24.9,23.2
2026-05-23 04:46:00,24.9,98,100.84,0.00,0,0.00,24.8,24.9,24.7
2026-05-23 04:48:00,24.9,100,100.83,0.00,0,0.00,24.9,24.9,24.9
2026-05-23 04:50:00,24.9,98,100.84,0.00,0,0.00,24.7,24.9,24.6
2026-05-23 04:52:00,24.9,91,100.84,0.00,0,0.00,24.2,24.9,23.7
2026-05-23 04:54:00,24.9,100,100.84,0.00,0,0.00,24.9,24.9,24.9
2026-05-23 04:56:00,24.9,97,100.83,0.00,0,0.00,24.6,24.9,24.5
2026-05-23 04:58:00,24.9,68,100.84,0.00,0,0.00,22.1,24.9,20.5
2026-05-23 05:00:00,24.9,76,100.83,0.00,0,0.00,22.9,24.9,21.7
2026-05-23 05:02:00,24.9,87,100.83,0.00,0,0.00,23.9,24.9,23.2
2026-05-23 05:04:00,24.9,100,100.83,0.00,0,0.00,24.9,24.9,24.9
2026-05-23 05:07:00,24.9,98,100.84,0.00,0,0.00,24.8,24.9,24.7
2026-05-23 05:09:00,24.8,78,100.83,0.00,0,0.00,23.0,24.8,21.9
2026-05-23 05:11:00,24.8,66,100.84,0.00,0,0.00,21.8,24.8,20.2
2026-05-23 05:13:00,24.8,92,100.83,0.00,0,0.00,24.2,24.8,23.8
2026-05-23 05:15:00,24.7,65,100.83,0.00,0,0.00,21.6,24.7,20.0
2026-05-23 05:17:00,24.7,75,100.82,0.00,0,0.00,22.6,24.7,21.3
2026-05-23 05:19:00,24.7,63,100.83,0.00,0,0.00,21.4,24.7,19.7
2026-05-23 05:21:00,24.7,73,100.83,0.00,0,0.00,22.4,24.7,21.1
2026-05-23 05:23:00,24.8,65,100.83,0.00,0,0.00,21.7,24.8,20.1
2026-05-23 05:25:00,24.8,65,100.83,0.00,0,0.00,21.7,24.8,20.0
2026-05-23 05:27:00,24.8,69,100.83,0.00,0,0.00,22.1,24.8,20.6
2026-05-23 05:29:00,24.8,100,100.84,0.00,0,0.00,24.8,24.8,24.8
2026-05-23 05:31:00,24.8,77,100.83,0.00,0,0.00,22.9,24.8,21.7
2026-05-23 05:33:00,24.8,73,100.84,0.00,0,0.00,22.5,24.8,21.1
2026-05-23 05:35:00,24.7,93,100.83,0.00,0,0.00,24.2,24.7,23.8
2026-05-23 05:37:00,24.8,100,100.83,0.00,0,0.00,24.8,24.8,24.8
2026-05-23 05:40:00,24.8,99,100.84,0.00,0,0.00,24.8,24.8,24.8
2026-05-23 05:42:00,24.8,88,100.83,0.00,0,0.00,23.9,24.8,23.2
2026-05-23 05:44:00,24.8,86,100.84,0.00,0,0.00,23.7,24.8,23.0
2026-05-23 05:46:00,24.8,65,100.83,0.00,0,0.00,21.6,24.8,20.0
2026-05-23 05:48:00,24.8,64,100.83,0.00,0,0.00,21.6,24.8,20.0
2026-05-23 05:50:00,24.8,64,100.83,0.00,0,0.00,21.6,24.8,19.9
2026-05-23 05:52:00,24.7,100,100.83,0.00,0,0.00,24.7,24.7,24.7
2026-05-23 05:54:00,24.7,64,100.83,0.00,0,0.00,21.4,24.7,19.7
2026-05-23 05:56:00,24.7,89,100.83,0.00,0,0.00,23.9,24.7,23.3
2026-05-23 05:58:00,24.7,94,100.82,0.00,0,0.00,24.3,24.7,24.0
2026-05-23 06:00:00,24.6,68,100.83,0.00,0,0.00,21.9,24.6,20.3
2026-05-23 06:02:00,24.7,98,100.83,0.00,0,0.00,24.6,24.7,24.5
2026-05-23 06:04:00,24.7,80,100.82,0.00,0,0.00,23.1,24.7,22.1
2026-05-23 06:06:00,24.6,100,100.82,0.00,0,0.00,24.6,24.6,24.6
2026-05-23 06:08:00,24.6,92,100.81,0.00,0,0.00,24.0,24.6,23.6
2026-05-23 06:10:00,24.6,100,100.82,0.00,0,0.00,24.6,24.6,24.6
2026-05-23 06:12:00,24.6,81,100.81,0.00,0,0.00,23.1,24.6,22.1
2026-05-23 06:15:00,24.7,86,100.81,0.00,0,0.00,23.6,24.7,22.9
2026-05-23 06:17:00,24.7,62,100.81,0.00,0,0.00,21.3,24.7,19.6
2026-05-23 06:19:00,24.7,86,100.82,0.00,0,0.00,23.6,24.7,22.9
2026-05-23 06:21:00,24.8,100,100.81,0.00,0,0.00,24.8,24.8,24.8
2026-05-23 06:23:00,24.8,72,100.82,0.00,0,0.00,22.4,24.8,21.0
2026-05-23 06:25:00,24.8,91,100.81,0.00,0,0.00,24.1,24.8,23.7
2026-05-23 06:27:00,24.8,76,100.81,0.00,0,0.00,22.8,24.8,21.6
2026-05-23 06:29:00,24.8,69,100.81,0.00,0,0.00,22.1,24.8,20.6
2026-05-23 06:31:00,24.8,99,100.81,0.00,0,0.00,24.7,24.8,24.7
2026-05-23 06:33:00,24.8,64,100.80,0.00,0,0.00,21.6,24.8,19.9
2026-05-23 06:35:00,24.8,100,100.81,0.00,0,0.00,24.8,24.8,24.8
2026-05-23 06:37:00,24.8,82,100.82,0.00,0,0.00,23.4,24.8,22.5
2026-05-23 06:39:00,24.7,100,100.81,0.00,0,0.00,24.7,24.7,24.7
2026-05-23 06:41:00,24.6,98,100.82,0.00,0,0.00,24.4,24.6,24.4
2026-05-23 06:43:00,24.6,100,100.81,0.00,0,0.00,24.6,24.6,24.6
2026-05-23 06:45:00,24.5,88,100.82,0.00,0,0.00,23.6,24.5,22.9
2026-05-23 06:48:00,24.5,84,100.82,0.00,0,0.00,23.2,24.5,22.4
2026-05-23 06:50:00,24.6,88,100.83,0.00,0,0.00,23.7,24.6,23.0
2026-05-23 06:52:00,24.6,64,100.82,0.00,0,0.00,21.3,24.6,19.6
2026-05-23 06:54:00,24.6,78,100.82,0.00,0,0.00,22.8,24.6,21.6
2026-05-23 06:56:00,24.7,64,100.82,0.00,0,0.00,21.4,24.7,19.7
2026-05-23 06:58:00,24.6,94,100.83,0.00,0,0.00,24.2,24.6,23.9
2026-05-23 07:00:00,24.5,64,100.82,0.00,0,0.00,21.3,24.5,19.7
2026-05-23 07:02:00,24.5,86,100.82,0.00,0,0.00,23.4,24.5,22.7
2026-05-23 07:04:00,24.5,69,100.81,0.00,0,0.00,21.8,24.5,20.3
2026-05-23 07:06:00,24.5,100,100.82,0.00,0,0.00,24.5,24.5,24.5
2026-05-23 07:08:00,24.6,91,100.82,0.00,0,0.00,23.9,24.6,23.4
2026-05-23 07:10:00,24.6,74,100.82,0.00,0,0.00,22.5,24.6,21.2
2026-05-23 07:12:00,24.6,72,100.82,0.00,0,0.00,22.3,24.6,20.9
2026-05-23 07:14:00,24.6,83,100.83,0.00,0,0.00,23.2,24.6,22.3
2026-05-23 07:16:00,24.6,64,100.82,0.00,0,0.00,21.4,24.6,19.8
2026-05-23 07:18:00,24.7,72,100.83,0.00,0,0.00,22.4,24.7,21.0
2026-05-23 07:21:00,24.7,97,100.82,0.00,0,0.00,24.5,24.7,24.3
2026-05-23 07:23:00,24.7,96,100.83,0.00,0,0.00,24.4,24.7,24.2
2026-05-23 07:25:00,24.8,100,100.82,0.00,0,0.00,24.8,24.8,24.8
2026-05-23 07:27:00,24.8,100,100.83,0.00,0,0.00,24.8,24.8,24.8
2026-05-23 07:29:00,24.8,68,100.83,0.00,0,0.00,22.0,24.8,20.4
2026-05-23 07:31:00,24.8,64,100.82,0.00,0,0.00,21.6,24.8,19.9
2026-05-23 07:33:00,24.8,67,100.83,0.00,0,0.00,21.9,24.8,20.3
2026-05-23 07:35:00,24.8,70,100.83,0.00,0,0.00,22.2,24.8,20.8
2026-05-23 07:37:00,24.8,100,100.83,0.00,0,0.00,24.8,24.8,24.8
2026-05-23 07:39:00,24.8,76,100.82,0.00,0,0.00,22.8,24.8,21.6
2026-05-23 07:41:00,24.8,96,100.82,0.00,0,0.00,24.5,24.8,24.2
2026-05-23 07:43:00,24.8,98,100.83,0.00,0,0.00,24.6,24.8,24.5
2026-05-23 07:45:00,24.8,99,100.83,0.00,0,0.00,24.7,24.8,24.7
2026-05-23 07:47:00,24.8,62,100.83,0.00,0,0.00,21.4,24.8,19.6
2026-05-23 07:49:00,24.8,64,100.83,0.00,0,0.00,21.6,24.8,19.9
2026-05-23 07:51:00,24.9,77,100.83,0.00,0,0.00,23.0,24.9,21.8
2026-05-23 07:54:00,24.9,100,100.83,0.00,0,0.00,24.9,24.9,24.9
2026-05-23 07:56:00,24.9,94,100.83,0.00,0,0.00,24.5,24.9,24.2
2026-05-23 07:58:00,24.9,74,100.83,0.00,0,0.00,22.7,24.9,21.4
2026-05-23 08:00:00,24.9,64,100.83,0.00,0,0.00,21.6,24.9,19.9
2026-05-23 08:02:00,24.9,100,100.83,0.00,0,0.00,24.9,24.9,24.9
2026-05-23 08:04:00,24.9,100,100.83,0.00,0,0.00,24.9,24.9,24.9
2026-05-23 08:06:00,24.9,71,100.82,0.00,0,0.00,22.4,24.9,21.0
2026-05-23 08:08:00,24.9,80,100.82,0.00,0,0.00,23.3,24.9,22.3
2026-05-23 08:10:00,24.9,93,100.82,0.00,0,0.00,24.4,24.9,24.0
2026-05-23 08:12:00,24.9,63,100.83,0.00,0,0.00,21.6,24.9,19.9
2026-05-23 08:14:00,24.9,76,100.83,0.00,0,0.00,22.9,24.9,21.7
2026-05-23 08:16:00,24.9,66,100.82,0.00,0,0.00,21.9,24.9,20.2
2026-05-23 08:18:00,24.8,100,100.82,0.00,0,0.00,24.8,24.8,24.8
2026-05-23 08:20:00,24.8,100,100.81,0.00,0,0.00,24.8,24.8,24.8
2026-05-23 08:22:00,24.8,68,100.81,0.00,0,0.00,22.0,24.8,20.4
2026-05-23 08:24:00,24.8,64,100.82,0.00,0,0.00,21.6,24.8,20.0
2026-05-23 08:27:00,24.8,100,100.81,0.00,0,0.00,24.8,24.8,24.8
2026-05-23 08:29:00,24.8,63,100.82,0.00,0,0.00,21.4,24.8,19.7
2026-05-23 08:31:00,24.8,65,100.82,0.00,0,0.00,21.7,24.8,20.0
2026-05-23 08:33:00,24.8,65,100.81,0.00,0,0.00,21.7,24.8,20.1
2026-05-23 08:35:00,24.8,66,100.81,0.00,0,0.00,21.8,24.8,20.2
2026-05-23 08:37:00,24.9,76,100.81,0.00,0,0.00,22.9,24.9,21.7
2026-05-23 08:39:00,24.9,100,100.81,0.00,0,0.00,24.9,24.9,24.9
2026-05-23 08:41:00,24.9,91,100.81,0.00,0,0.00,24.2,24.9,23.7
2026-05-23 08:43:00,24.8,100,100.81,0.00,0,0.00,24.8,24.8,24.8
2026-05-23 08:45:00,24.9,67,100.81,0.00,0,0.00,22.1,24.9,20.5
2026-05-23 08:47:00,24.9,72,100.81,0.00,0,0.00,22.5,24.9,21.1
2026-05-23 08:49:00,24.8,91,100.81,0.00,0,0.00,24.1,24.8,23.7
2026-05-23 08:51:00,24.8,70,100.81,0.00,0,0.00,22.2,24.8,20.7
2026-05-23 08:53:00,24.8,64,100.80,0.00,0,0.00,21.6,24.8,19.9
2026-05-23 08:55:00,24.8,75,100.81,0.00,0,0.00,22.7,24.8,21.4
2026-05-23 08:57:00,24.9,96,100.81,0.00,0,0.00,24.6,24.9,24.5
2026-05-23 12:43:00,28.5,76,100.78,0.00,0,0.00,26.5,30.7,25.1
2026-05-23 12:44:00,28.6,74,100.79,0.00,0,0.00,26.4,30.6,24.9
2026-05-23 12:44:00,28.6,74,100.78,0.00,0,0.00,26.3,30.5,24.9
2026-05-23 12:45:00,28.6,74,100.78,0.00,0,0.00,26.3,30.5,24.9
2026-05-23 12:45:00,28.6,75,100.78,0.00,0,0.00,26.5,30.8,25.1
2026-05-23 12:46:00,28.6,76,100.78,0.00,0,0.00,26.5,30.9,25.2
2026-05-23 12:47:00,28.7,76,100.78,0.00,0,0.00,26.6,31.1,25.2
2026-05-23 12:47:00,28.7,73,100.78,0.00,0,0.00,26.4,30.6,24.8
2026-05-23 12:48:00,28.7,76,100.77,0.00,0,0.00,26.6,31.1,25.2
2026-05-23 12:48:00,28.7,75,100.78,0.00,0,0.00,26.6,31.0,25.2
2026-05-23 12:49:00,28.7,76,100.77,0.00,0,0.00,26.6,31.1,25.2
2026-05-23 12:49:00,28.7,74,100.78,0.00,0,0.00,26.5,30.9,25.1
2026-05-23 12:51:00,28.6,74,100.78,0.00,0,0.00,26.4,30.6,24.9
2026-05-23 12:51:00,28.6,73,100.78,0.00,0,0.00,26.3,30.4,24.8
2026-05-23 12:52:00,28.6,74,100.79,0.00,0,0.00,26.4,30.6,25.0
2026-05-23 12:52:00,28.6,74,100.79,0.00,0,0.00,26.4,30.6,25.0
2026-05-23 12:53:00,28.6,74,100.79,0.00,0,0.00,26.4,30.6,24.9
2026-05-23 12:53:00,28.5,73,100.79,0.00,0,0.00,26.1,30.1,24.6
2026-05-23 12:54:00,28.6,72,100.80,0.00,0,0.00,26.2,30.2,24.6
2026-05-23 12:54:00,28.5,72,100.80,0.00,0,0.00,26.0,30.0,24.5
2026-05-23 12:55:00,28.5,72,100.80,0.00,0,0.00,26.1,30.0,24.5
2026-05-23 12:55:00,28.5,73,100.80,0.00,0,0.00,26.2,30.1,24.6
2026-05-23 12:56:00,28.5,74,100.79,0.00,0,0.00,26.3,30.3,24.8
2026-05-23 12:56:00,28.5,74,100.80,0.00,0,0.00,26.3,30.3,24.8
2026-05-23 12:57:00,28.5,74,100.79,0.00,0,0.00,26.3,30.3,24.8
2026-05-23 12:57:00,28.5,72,100.80,0.00,0,0.00,26.1,30.0,24.5
2026-05-23 12:58:00,28.5,74,100.80,0.00,0,0.00,26.3,30.4,24.9
2026-05-23 12:58:00,28.5,72,100.80,0.00,0,0.00,26.1,30.0,24.5
2026-05-23 12:59:00,28.5,74,100.79,0.00,0,0.00,26.3,30.3,24.8
2026-05-23 12:59:00,28.5,74,100.80,0.00,0,0.00,26.3,30.4,24.8
2026-05-23 13:00:00,28.5,74,100.80,0.00,0,0.00,26.2,30.3,24.8
2026-05-23 13:00:00,28.4,72,100.79,0.00,0,0.00,26.0,29.8,24.4
2026-05-23 13:01:00,28.4,74,100.80,0.00,0,0.00,26.2,30.1,24.7
2026-05-23 13:01:00,28.4,72,100.79,0.00,0,0.00,25.9,29.7,24.4
2026-05-23 13:07:00,28.1,72,100.80,0.00,0,0.00,25.6,29.1,24.1
2026-05-23 13:07:00,28.2,73,100.80,0.00,0,0.00,25.8,29.4,24.3
2026-05-23 13:08:00,28.2,74,100.79,0.00,0,0.00,25.9,29.6,24.5
2026-05-23 13:08:00,28.2,73,100.79,0.00,0,0.00,25.9,29.5,24.4
2026-05-23 13:09:00,28.2,72,100.79,0.00,0,0.00,25.7,29.3,24.2
2026-05-23 13:10:00,28.2,74,100.80,0.00,0,0.00,26.0,29.6,24.5
2026-05-23 13:10:00,28.2,72,100.79,0.00,0,0.00,25.7,29.3,24.2
2026-05-23 13:11:00,28.2,73,100.79,0.00,0,0.00,25.8,29.4,24.3
2026-05-23 13:11:00,28.2,74,100.80,0.00,0,0.00,25.9,29.6,24.5
2026-05-23 13:12:00,28.2,71,100.80,0.00,0,0.00,25.7,29.2,24.1
2026-05-23 13:13:00,28.1,73,100.80,0.00,0,0.00,25.8,29.3,24.2
2026-05-23 13:56:00,28.0,73,100.80,0.00,0,0.00,25.6,29.0,24.1
2026-05-23 13:57:00,28.0,74,100.80,0.00,0,0.00,25.8,29.2,24.4
2026-05-23 13:57:00,28.0,72,100.80,0.00,0,0.00,25.5,28.9,24.0
2026-05-23 13:58:00,28.0,74,100.80,1.10,0,0.00,25.8,29.3,24.4
2026-05-23 13:59:00,28.1,73,100.80,1.10,0,0.00,25.8,29.3,24.3
2026-05-23 14:00:00,28.1,76,100.80,1.10,0,0.00,26.0,29.7,24.7
2026-05-23 14:00:00,28.1,75,100.80,1.10,0,0.00,26.0,29.6,24.6
2026-05-23 14:01:00,28.1,72,100.80,1.10,0,0.00,25.7,29.2,24.2
2026-05-23 14:02:00,28.1,76,100.80,1.10,0,0.00,26.1,29.8,24.8
2026-05-23 14:02:00,28.1,72,100.80,1.10,0,0.00,25.7,29.2,24.2
2026-05-23 14:03:00,28.1,76,100.80,1.10,0,0.00,26.0,29.7,24.7
2026-05-23 14:08:00,28.1,89,100.70,0.00,0,0.00,27.2,31.8,26.6
2026-05-23 14:11:00,28.1,94,100.70,0.00,0,0.00,27.6,32.7,27.3
2026-05-23 14:14:00,28.1,94,100.80,0.00,0,0.00,27.6,32.7,27.3
2026-05-23 14:25:00,28.5,89,100.70,0.00,0,0.00,27.6,33.1,27.0
2026-05-23 14:28:00,28.5,92,100.70,0.00,0,0.00,27.9,33.7,27.4
2026-05-23 14:37:00,28.2,91,100.70,0.00,0,0.00,27.5,32.5,26.9
2026-05-23 14:40:00,28.1,93,100.70,0.00,0,0.00,27.5,32.6,27.1
2026-05-23 14:43:00,28.2,91,100.70,0.00,0,0.00,27.5,32.5,26.9
2026-05-23 14:46:00,28.2,91,100.70,0.00,0,0.00,27.5,32.5,26.9
2026-05-23 14:49:00,28.2,93,100.70,0.00,0,0.00,27.6,32.9,27.2
2026-05-23 14:55:00,28.3,91,100.70,0.00,0,0.00,27.6,32.8,27.0
2026-05-23 14:58:00,28.4,90,100.80,0.00,0,0.00,27.6,33.0,27.0
2026-05-23 15:01:00,28.2,93,100.80,0.00,0,0.00,27.6,32.9,27.2
2026-05-23 15:04:00,28.1,91,100.80,0.00,0,0.00,27.4,32.2,26.8
2026-05-23 15:11:00,28.3,94,100.80,0.00,0,0.00,27.8,33.5,27.5
2026-05-23 15:17:00,28.6,94,100.80,0.00,0,0.00,28.1,34.5,27.8
2026-05-23 15:20:00,28.6,92,100.80,0.00,0,0.00,28.0,34.1,27.5
2026-05-23 15:23:00,28.5,93,100.70,0.00,0,0.00,27.9,34.0,27.5
2026-05-23 15:29:00,28.5,94,100.70,0.00,0,0.00,28.0,34.2,27.7
2026-05-23 15:38:00,28.3,93,100.80,0.00,0,0.00,27.7,33.2,27.3
2026-05-23 15:46:00,28.2,92,100.80,0.00,0,0.00,27.5,32.7,27.1
2026-05-23 15:52:00,28.3,95,100.80,0.00,0,0.00,27.9,33.7,27.6
2026-05-23 16:19:00,29.0,89,100.80,1.10,0,0.00,28.1,34.8,27.5
2026-05-23 16:22:00,28.9,92,100.80,0.00,0,0.00,28.3,35.2,27.8
2026-05-23 16:25:00,28.9,95,100.80,0.00,0,0.10,28.5,35.9,28.2
2026-05-23 16:28:00,28.8,92,100.80,0.00,0,0.00,28.2,34.8,27.7
2026-05-23 16:31:00,28.8,90,100.80,0.00,0,0.00,28.0,34.3,27.4
2026-05-23 16:34:00,28.9,92,100.70,0.00,0,0.00,28.3,35.2,27.8
2026-05-23 16:37:00,28.9,89,100.80,0.00,0,0.00,28.0,34.4,27.4
2026-05-23 16:40:00,28.9,94,100.80,0.00,0,0.00,28.4,35.7,28.1
2026-05-23 16:43:00,29.0,93,100.80,0.00,0,0.00,28.4,35.8,28.0
2026-05-23 16:46:00,28.9,95,100.80,0.00,0,0.00,28.5,35.9,28.2
2026-05-23 16:49:00,28.9,89,100.80,0.00,0,0.00,28.0,34.4,27.4
2026-05-23 16:52:00,28.8,88,100.80,0.00,0,0.00,27.8,33.9,27.1
2026-05-23 16:55:00,28.8,93,100.80,0.00,0,0.00,28.2,35.0,27.8
2026-05-23 16:58:00,28.6,88,100.80,0.00,0,0.00,27.6,33.2,26.9
2026-05-23 17:01:00,28.5,95,100.80,0.00,0,0.00,28.1,34.4,27.8
2026-05-23 17:04:00,28.6,91,100.80,0.00,0,0.00,27.9,33.9,27.3
2026-05-23 17:07:00,28.7,89,100.80,0.00,0,0.00,27.8,33.8,27.2
2026-05-23 17:12:00,28.6,92,100.80,1.10,0,0.00,28.0,34.1,27.5
2026-05-23 17:18:00,28.7,92,100.80,0.00,0,0.00,28.1,34.4,27.6
2026-05-23 17:21:00,28.7,94,100.80,0.00,0,0.00,28.2,34.9,27.9
2026-05-23 17:24:00,28.5,92,100.80,0.00,0,0.00,27.9,33.7,27.4
2026-05-23 17:30:00,28.5,90,100.80,0.00,0,0.00,27.7,33.3,27.1
2026-05-23 17:33:00,28.5,93,100.80,0.00,0,0.00,27.9,34.0,27.5
2026-05-23 17:39:00,28.4,88,100.80,0.00,0,0.00,27.4,32.6,26.7
2026-05-23 17:46:00,28.3,90,100.80,0.00,0,0.00,27.5,32.6,26.9
2026-05-23 17:49:00,28.4,91,100.80,0.00,0,0.00,27.7,33.2,27.1
2026-05-23 17:52:00,28.3,88,100.80,0.00,0,0.00,27.3,32.3,26.6
2026-05-23 17:55:00,28.3,90,100.80,0.00,0,0.00,27.5,32.6,26.9
2026-05-23 17:58:00,28.2,89,100.80,0.00,0,0.00,27.3,32.1,26.7
2026-05-23 18:01:00,28.2,91,100.80,0.00,0,0.00,27.5,32.5,26.9
2026-05-23 18:04:00,28.2,88,100.80,0.00,0,0.00,27.2,31.9,26.5
2026-05-23 18:07:00,28.1,93,100.80,0.00,0,0.00,27.5,32.6,27.1
2026-05-23 18:10:00,28.1,87,100.80,0.00,0,0.00,27.0,31.5,26.3
2026-05-23 18:13:00,28.1,89,100.80,0.00,0,0.00,27.2,31.8,26.6
2026-05-23 18:16:00,28.1,92,100.80,0.00,0,0.00,27.4,32.4,27.0
2026-05-23 18:19:00,28.1,90,100.80,0.00,0,0.00,27.3,32.0,26.7
2026-05-23 18:22:00,28.1,93,100.80,0.00,0,0.00,27.5,32.6,27.1
2026-05-23 18:25:00,28.1,87,100.80,0.00,0,0.00,27.0,31.5,26.3
2026-05-23 18:28:00,28.0,87,100.80,0.00,0,0.00,26.9,31.2,26.2
2026-05-23 18:34:00,28.0,90,100.80,0.00,0,0.00,27.2,31.7,26.6
2026-05-23 18:37:00,28.0,89,100.90,0.00,0,0.00,27.1,31.5,26.4
2026-05-23 18:43:00,27.9,91,100.90,0.00,0,0.00,27.2,31.5,26.6
2026-05-23 18:46:00,27.8,90,100.90,0.00,0,0.00,27.0,31.0,26.4
2026-05-23 18:49:00,27.8,86,100.90,0.00,0,0.00,26.6,30.4,25.8
2026-05-23 18:52:00,27.8,87,100.90,0.00,0,0.00,26.7,30.6,26.0
2026-05-23 18:55:00,27.8,90,100.90,0.00,0,0.00,27.0,31.0,26.4
2026-05-23 18:58:00,27.8,92,100.90,0.00,0,0.00,27.1,31.4,26.7
2026-05-23 19:01:00,27.8,89,100.90,0.00,0,0.00,26.9,30.9,26.2
2026-05-23 19:04:00,27.8,89,100.90,0.00,0,0.00,26.9,30.9,26.2
2026-05-23 19:07:00,27.8,87,100.90,0.00,0,0.00,26.7,30.6,26.0
2026-05-23 19:10:00,27.8,87,100.90,0.00,0,0.00,26.7,30.6,26.0
2026-05-23 19:13:00,27.8,90,100.90,0.00,0,0.00,27.0,31.0,26.4
2026-05-23 19:16:00,27.8,87,100.90,0.00,0,0.00,26.7,30.6,26.0
2026-05-23 19:19:00,27.8,89,100.90,0.00,0,0.00,26.9,30.9,26.2
2026-05-23 19:22:00,27.8,93,100.90,0.00,0,0.00,27.2,31.5,26.8
2026-05-23 19:25:00,27.8,93,100.90,0.00,0,0.00,27.2,31.5,26.8
2026-05-23 19:32:00,27.7,90,100.90,0.00,0,0.00,27.0,30.9,26.4
2026-05-23 19:35:00,27.7,88,100.90,0.00,0,0.00,26.7,30.4,26.0
2026-05-23 19:38:00,27.7,90,100.90,0.00,0,0.00,26.9,30.7,26.3
2026-05-23 19:41:00,27.7,90,100.90,0.00,0,0.00,27.0,30.9,26.4
2026-05-23 19:44:00,27.7,92,100.90,0.00,0,0.00,27.0,31.1,26.6
2026-05-23 19:47:00,27.7,88,100.90,0.00,0,0.00,26.7,30.4,26.0
2026-05-23 19:50:00,27.7,88,100.90,0.00,0,0.00,26.7,30.4,26.0
2026-05-23 19:53:00,27.7,86,100.90,0.00,0,0.00,26.6,30.3,25.9
2026-05-23 19:56:00,27.7,90,100.90,0.00,0,0.00,26.9,30.7,26.3
2026-05-23 19:59:00,27.7,90,100.90,0.00,0,0.00,26.9,30.7,26.3
2026-05-23 20:02:00,27.7,86,100.90,0.00,0,0.00,26.6,30.3,25.9
2026-05-23 20:08:00,27.7,90,100.90,0.00,0,0.00,26.9,30.7,26.3
2026-05-23 20:14:00,27.7,86,100.90,0.00,0,0.00,26.6,30.3,25.9
2026-05-23 20:20:00,27.7,88,101.00,0.00,0,0.00,26.8,30.6,26.1
2026-05-23 20:23:00,27.7,90,101.00,0.00,0,0.00,27.0,30.9,26.4
2026-05-23 20:36:00,27.6,88,101.00,0.00,0,0.00,26.6,30.1,25.9
2026-05-23 20:42:00,27.6,86,101.00,0.00,0,0.00,26.5,30.0,25.8
2026-05-23 20:45:00,27.6,92,101.00,0.00,0,0.00,26.9,30.7,26.5
2026-05-23 20:48:00,27.6,88,101.00,0.00,0,0.00,26.6,30.1,25.9
2026-05-23 20:51:00,27.6,92,101.00,0.00,0,0.00,26.9,30.7,26.5
2026-05-23 20:54:00,27.6,90,101.00,0.00,0,0.00,26.9,30.6,26.3
2026-05-23 20:57:00,27.6,90,101.00,0.00,0,0.00,26.8,30.4,26.2
2026-05-23 21:00:00,27.6,90,101.00,0.00,0,0.00,26.9,30.6,26.3
2026-05-23 21:03:00,27.6,90,101.00,0.00,0,0.00,26.8,30.4,26.2
2026-05-23 21:12:00,27.6,86,101.00,0.00,0,0.00,26.4,29.9,25.6
2026-05-23 21:15:00,27.6,88,101.00,0.00,0,0.00,26.7,30.3,26.0
2026-05-23 21:18:00,27.6,90,101.00,0.00,0,0.00,26.8,30.4,26.2
2026-05-23 21:21:00,27.6,86,101.00,0.00,0,0.00,26.5,30.0,25.8
2026-05-23 21:24:00,27.6,88,101.00,0.00,0,0.00,26.7,30.3,26.0
2026-05-23 21:27:00,27.5,88,101.00,0.00,0,0.00,26.5,29.9,25.8
2026-05-23 21:31:00,27.5,88,101.00,0.00,0,0.00,26.6,30.0,25.9
2026-05-23 21:37:00,27.5,90,101.00,0.00,0,0.00,26.8,30.3,26.2
2026-05-23 21:43:00,27.5,90,101.00,0.00,0,0.00,26.7,30.1,26.1
2026-05-23 21:48:00,27.3,90,101.00,0.00,0,0.00,26.5,29.5,25.9
2026-05-23 21:51:00,27.5,90,101.00,0.00,0,0.00,26.7,30.1,26.1
2026-05-23 21:54:00,27.4,90,101.00,0.00,0,0.00,26.6,29.8,26.0
2026-05-23 21:57:00,27.4,90,101.10,0.00,0,0.00,26.6,29.8,26.0
2026-05-23 22:00:00,27.4,40,101.10,0.00,0,0.00,20.7,25.1,18.2
2026-05-23 22:03:00,27.4,44,101.10,0.00,0,0.00,21.3,25.4,19.0
2026-05-23 22:07:00,27.2,89,101.10,0.00,0,0.00,26.4,29.2,25.8
2026-05-23 22:10:00,27.2,91,101.10,0.00,0,0.00,26.5,29.5,26.1
2026-05-23 22:13:00,27.3,86,101.10,0.00,0,0.00,26.1,29.0,25.3
2026-05-23 22:16:00,27.1,86,101.10,0.00,0,0.00,26.0,28.6,25.3
2026-05-23 22:19:00,27.1,88,101.10,0.00,0,0.00,26.2,28.8,25.5
2026-05-23 22:35:00,27.9,87,101.00,1.00,0,0.00,26.8,30.9,26.1
2026-05-23 22:38:00,27.6,54,101.00,1.00,0,0.00,23.2,26.4,21.0
2026-05-23 22:41:00,27.2,58,101.00,0.00,0,0.00,23.3,26.2,21.2
2026-05-23 22:44:00,27.0,100,101.00,0.00,0,0.00,27.0,29.8,27.1
2026-05-23 22:47:00,26.8,40,101.00,1.00,0,0.10,20.3,24.8,17.9
2026-05-23 22:51:00,26.7,95,101.00,0.00,0,0.00,26.3,24.7,26.1
2026-05-23 22:54:00,26.6,57,101.00,0.00,0,0.00,22.6,24.6,20.5
2026-05-23 22:57:00,26.6,89,101.00,0.00,0,0.00,25.8,24.6,25.2
2026-05-23 23:00:00,26.6,100,101.00,0.00,0,0.10,26.6,24.6,26.7
2026-05-23 23:03:00,26.6,57,101.00,0.00,0,0.00,22.6,24.6,20.5
2026-05-23 23:06:00,26.7,58,101.00,0.00,0,0.00,22.8,24.7,20.8
2026-05-23 23:10:00,26.6,100,101.00,0.00,0,0.00,26.6,24.6,26.7
2026-05-23 23:13:00,26.6,81,101.00,0.00,0,0.00,25.1,24.6,24.1
2026-05-23 23:16:00,26.6,59,101.00,0.00,0,0.00,22.8,24.6,20.8
2026-05-23 23:19:00,26.6,60,101.00,0.00,0,0.00,22.9,24.6,21.0
2026-05-23 23:22:00,26.5,55,101.00,0.00,0,0.00,22.2,24.5,20.1
2026-05-23 23:25:00,26.5,55,101.00,0.00,0,0.00,22.2,24.5,20.1
2026-05-23 23:29:00,26.5,100,101.00,0.00,0,0.00,26.5,24.5,26.6
2026-05-23 23:32:00,26.5,100,101.00,0.00,0,0.00,26.5,24.5,26.6
2026-05-23 23:35:00,26.4,70,101.00,0.00,0,0.00,23.8,24.4,22.3
2026-05-23 23:38:00,26.5,76,101.00,0.00,0,0.00,24.5,24.5,23.2
2026-05-23 23:41:00,26.5,80,101.00,0.00,0,0.00,24.9,24.5,23.8
2026-05-23 23:44:00,26.5,60,101.00,0.00,0,0.00,22.8,24.5,20.9
2026-05-23 23:48:00,26.5,61,101.00,0.00,0,0.00,22.9,24.5,21.0
2026-05-23 23:51:00,26.4,99,101.00,0.00,0,0.00,26.3,24.4,26.4
2026-05-23 23:54:00,26.4,71,101.00,0.00,0,0.00,23.9,24.4,22.4
2026-05-23 23:57:00,26.4,79,101.00,0.00,0,0.00,24.7,24.4,23.6
2026-05-24 00:00:00,26.3,99,101.00,0.00,0,0.10,26.2,24.3,26.3
2026-05-24 00:03:00,26.3,54,101.00,0.00,0,0.00,21.9,24.3,19.8
2026-05-24 00:07:00,26.2,100,101.00,0.00,0,0.00,26.2,24.2,26.3
2026-05-24 00:10:00,26.2,100,101.00,0.00,0,0.00,26.2,24.2,26.3
2026-05-24 00:13:00,26.2,61,101.00,0.00,0,0.00,22.6,24.2,20.8
2026-05-24 00:16:00,26.3,100,100.90,0.00,0,0.00,26.3,24.3,26.4
2026-05-24 00:19:00,26.3,92,100.90,0.00,0,0.00,25.7,24.3,25.3
2026-05-24 00:22:00,26.3,59,100.90,0.00,0,0.00,22.5,24.3,20.6
2026-05-24 00:26:00,26.3,74,100.90,0.00,0,0.00,24.1,24.3,22.8
2026-05-24 00:29:00,26.2,57,100.90,0.00,0,0.00,22.2,24.2,20.2
2026-05-24 00:32:00,26.2,100,100.90,0.00,0,0.00,26.2,24.2,26.3
2026-05-24 00:35:00,26.2,81,100.90,0.00,0,0.00,24.7,24.2,23.7
2026-05-24 00:38:00,26.2,98,100.90,0.00,0,0.00,26.1,24.2,26.0
2026-05-24 00:41:00,26.2,100,100.90,0.00,0,0.00,26.2,24.2,26.3
2026-05-24 00:45:00,26.2,69,100.90,0.00,0,0.00,23.5,24.2,21.9
2026-05-24 00:48:00,26.2,73,100.90,0.00,0,0.00,23.9,24.2,22.5
2026-05-24 00:51:00,26.1,100,100.90,0.00,0,0.00,26.1,24.1,26.2
2026-05-24 00:54:00,26.1,85,100.90,0.00,0,0.10,24.9,24.1,24.1
2026-05-24 00:57:00,26.1,100,100.90,0.00,0,0.00,26.1,24.1,26.2
2026-05-24 01:00:00,26.1,72,100.90,0.00,0,0.00,23.7,24.1,22.3
2026-05-24 01:04:00,26.1,54,100.90,0.00,0,0.00,21.7,24.1,19.6
2026-05-24 01:07:00,26.1,81,100.90,0.00,0,0.00,24.6,24.1,23.6
2026-05-24 01:10:00,26.1,100,100.90,0.00,0,0.00,26.1,24.1,26.2
2026-05-24 01:13:00,26.1,100,100.90,0.00,0,0.10,26.1,24.1,26.2
2026-05-24 01:16:00,26.2,59,100.90,0.00,0,0.00,22.4,24.2,20.5
2026-05-24 01:19:00,26.2,74,100.90,0.00,0,0.00,24.0,24.2,22.7
2026-05-24 01:23:00,26.3,59,100.90,0.00,0,0.00,22.5,24.3,20.6
2026-05-24 01:26:00,26.3,98,100.90,0.00,0,0.00,26.2,24.3,26.1
2026-05-24 01:29:00,26.3,100,100.90,0.00,0,0.00,26.3,24.3,26.4
2026-05-24 01:32:00,26.3,76,100.90,0.00,0,0.00,24.3,24.3,23.0
2026-05-24 01:35:00,26.2,100,100.90,0.00,0,0.00,26.2,24.2,26.3
2026-05-24 01:38:00,26.3,58,100.90,0.00,0,0.00,22.4,24.3,20.4
2026-05-24 01:42:00,26.3,100,100.90,0.00,0,0.00,26.3,24.3,26.4
2026-05-24 01:45:00,26.3,68,100.90,0.00,0,0.00,23.5,24.3,21.9
2026-05-24 01:48:00,26.3,61,100.90,0.00,0,0.00,22.7,24.3,20.9
2026-05-24 01:51:00,26.3,100,100.90,0.00,0,0.00,26.3,24.3,26.4
2026-05-24 01:54:00,26.3,59,100.90,0.00,0,0.00,22.5,24.3,20.6
2026-05-24 01:57:00,26.3,79,100.90,0.00,0,0.00,24.6,24.3,23.5
2026-05-24 02:01:00,26.2,60,100.90,0.00,0,0.00,22.5,24.2,20.6
2026-05-24 02:04:00,26.2,100,100.90,0.00,0,0.00,26.2,24.2,26.3
2026-05-24 02:07:00,26.2,68,100.90,0.00,0,0.00,23.4,24.2,21.8
2026-05-24 02:10:00,26.1,66,100.90,0.00,0,0.00,23.1,24.1,21.4
2026-05-24 02:13:00,26.0,100,100.90,0.00,0,0.00,26.0,26.0,26.1
2026-05-24 02:16:00,26.2,100,100.90,0.00,0,0.10,26.2,24.2,26.3
2026-05-24 02:20:00,26.2,100,100.90,0.00,0,0.00,26.2,24.2,26.3
2026-05-24 02:23:00,26.2,100,100.90,0.00,0,0.00,26.2,24.2,26.3
2026-05-24 02:26:00,26.2,91,100.90,0.00,0,0.00,25.5,24.2,25.0
2026-05-24 02:29:00,26.1,67,100.90,0.00,0,0.00,23.2,24.1,21.6
2026-05-24 02:32:00,26.1,76,100.90,0.00,0,0.00,24.1,24.1,22.9
2026-05-24 02:35:00,26.1,80,100.90,0.00,0,0.00,24.5,24.1,23.4
2026-05-24 02:39:00,26.2,59,100.90,0.00,0,0.00,22.4,24.2,20.5
2026-05-24 02:42:00,26.2,88,100.90,0.00,0,0.00,25.3,24.2,24.6
2026-05-24 02:45:00,26.1,87,100.90,0.00,0,0.10,25.1,24.1,24.4
2026-05-24 02:48:00,26.1,100,100.90,0.00,0,0.00,26.1,24.1,26.2
2026-05-24 02:51:00,26.1,98,100.90,0.00,0,0.00,26.0,24.1,25.9
2026-05-24 02:54:00,26.1,100,100.90,0.00,0,0.00,26.1,24.1,26.2
2026-05-24 02:58:00,26.0,70,100.90,0.00,0,0.00,23.4,26.0,21.9
2026-05-24 03:01:00,26.0,100,100.90,0.00,0,0.00,26.0,26.0,26.1
2026-05-24 03:04:00,25.9,65,100.90,0.00,0,0.00,22.8,25.9,21.1
2026-05-24 03:07:00,25.9,100,100.90,0.00,0,0.00,25.9,25.9,26.0
2026-05-24 03:10:00,26.0,73,100.90,0.00,0,0.00,23.7,26.0,22.3
2026-05-24 03:13:00,25.9,77,100.90,0.00,0,0.00,24.0,25.9,22.8
2026-05-24 03:17:00,26.0,100,100.90,0.00,0,0.00,26.0,26.0,26.1
2026-05-24 03:20:00,26.0,100,100.90,0.00,0,0.10,26.0,26.0,26.1
2026-05-24 03:23:00,25.9,72,100.90,0.00,0,0.00,23.5,25.9,22.1
2026-05-24 03:26:00,25.9,91,100.90,0.00,0,0.00,25.2,25.9,24.7
2026-05-24 03:29:00,25.9,58,100.90,0.00,0,0.00,22.0,25.9,20.0
2026-05-24 03:32:00,25.9,54,100.90,0.00,0,0.00,21.5,25.9,19.4
2026-05-24 03:36:00,25.9,74,100.90,0.00,0,0.00,23.7,25.9,22.4
2026-05-24 03:39:00,26.0,62,100.90,0.00,0,0.00,22.6,26.0,20.7
2026-05-24 03:42:00,26.0,80,100.90,0.00,0,0.00,24.4,26.0,23.3
2026-05-24 03:45:00,26.0,97,100.90,0.00,0,0.00,25.8,26.0,25.7
2026-05-24 03:48:00,26.0,85,100.90,0.00,0,0.10,24.8,26.0,24.0
2026-05-24 03:51:00,26.0,81,100.90,0.00,0,0.00,24.5,26.0,23.5
2026-05-24 03:55:00,26.0,91,100.90,0.00,0,0.00,25.3,26.0,24.8
2026-05-24 03:58:00,26.0,100,100.90,0.00,0,0.00,26.0,26.0,26.1
2026-05-24 04:01:00,26.0,53,100.90,0.00,0,0.00,21.4,26.0,19.4
2026-05-24 04:04:00,26.0,100,100.90,0.00,0,0.00,26.0,26.0,26.1
2026-05-24 04:07:00,26.0,70,100.90,0.00,0,0.00,23.4,26.0,21.9
2026-05-24 04:10:00,25.9,73,100.90,0.00,0,0.00,23.6,25.9,22.2
2026-05-24 04:14:00,25.9,100,100.90,0.00,0,0.00,25.9,25.9,26.0
2026-05-24 04:17:00,25.8,74,100.90,0.00,0,0.00,23.6,25.8,22.3
2026-05-24 04:20:00,25.8,64,100.90,0.00,0,0.00,22.6,25.8,20.8
2026-05-24 04:23:00,25.9,76,100.90,0.00,0,0.00,23.9,25.9,22.7
2026-05-24 04:26:00,25.9,100,100.90,0.00,0,0.00,25.9,25.9,26.0
2026-05-24 04:29:00,25.8,74,100.90,0.00,0,0.00,23.6,25.8,22.3
2026-05-24 04:33:00,25.9,76,101.00,0.00,0,0.00,23.9,25.9,22.7
2026-05-24 04:36:00,25.9,79,100.90,0.00,0,0.00,24.2,25.9,23.1
2026-05-24 04:39:00,25.9,54,101.00,0.00,0,0.00,21.5,25.9,19.4
2026-05-24 04:42:00,25.9,67,100.90,0.00,0,0.00,23.0,25.9,21.4
2026-05-24 04:45:00,25.9,59,100.90,0.00,0,0.00,22.1,25.9,20.2
2026-05-24 04:48:00,25.8,100,100.90,0.00,0,0.00,25.8,25.8,25.9
2026-05-24 04:52:00,25.9,79,100.90,0.00,0,0.00,24.2,25.9,23.1
2026-05-24 04:55:00,25.9,58,100.90,0.00,0,0.00,22.0,25.9,20.0
2026-05-24 04:58:00,25.9,100,100.90,0.00,0,0.00,25.9,25.9,26.0
2026-05-24 05:01:00,25.9,88,100.90,0.00,0,0.10,25.0,25.9,24.3
2026-05-24 05:04:00,25.9,100,100.90,0.00,0,0.00,25.9,25.9,26.0
2026-05-24 05:07:00,25.9,100,100.90,0.00,0,0.00,25.9,25.9,26.0
2026-05-24 05:11:00,26.0,55,100.90,0.00,0,0.00,21.7,26.0,19.7
2026-05-24 05:14:00,26.0,100,100.90,0.00,0,0.00,26.0,26.0,26.1
2026-05-24 05:17:00,26.0,66,100.90,0.00,0,0.00,23.0,26.0,21.3
2026-05-24 05:20:00,26.0,100,100.90,0.00,0,0.00,26.0,26.0,26.1
2026-05-24 05:23:00,26.0,63,100.90,0.00,0,0.00,22.7,26.0,20.9
2026-05-24 05:26:00,25.9,71,100.90,0.00,0,0.00,23.4,25.9,21.9
2026-05-24 05:30:00,25.8,57,100.90,0.00,0,0.00,21.8,25.8,19.8
2026-05-24 05:33:00,25.8,88,100.90,0.00,0,0.00,24.9,25.8,24.2
2026-05-24 05:36:00,25.7,78,100.90,0.00,0,0.00,23.9,25.7,22.7
2026-05-24 05:39:00,25.7,100,100.90,0.00,0,0.00,25.7,25.7,25.8
2026-05-24 05:42:00,25.7,100,100.90,0.00,0,0.10,25.7,25.7,25.8
2026-05-24 05:45:00,25.8,57,100.90,0.00,0,0.00,21.8,25.8,19.8
2026-05-24 05:49:00,25.7,67,100.90,0.00,0,0.00,22.8,25.7,21.2
2026-05-24 05:52:00,25.8,100,100.90,0.00,0,0.00,25.8,25.8,25.9
2026-05-24 05:55:00,25.8,61,100.90,0.00,0,0.00,22.2,25.8,20.4
2026-05-24 05:58:00,25.8,100,100.90,0.00,0,0.00,25.8,25.8,25.9
2026-05-24 06:01:00,25.8,100,100.90,0.00,0,0.00,25.8,25.8,25.9
2026-05-24 06:04:00,25.8,79,100.90,0.00,0,0.00,24.1,25.8,23.0
2026-05-24 06:08:00,25.8,100,100.90,0.00,0,0.10,25.8,25.8,25.9
2026-05-24 06:11:00,25.8,41,100.90,1.00,0,0.00,19.4,25.8,17.2
2026-05-24 06:14:00,25.9,57,100.90,0.00,0,0.00,21.9,25.9,19.9
2026-05-24 06:17:00,25.9,74,100.90,0.00,0,0.00,23.7,25.9,22.4
2026-05-24 06:20:00,25.9,88,100.90,0.00,0,0.00,25.0,25.9,24.3
2026-05-24 06:23:00,25.9,91,100.90,0.00,0,0.10,25.2,25.9,24.7
2026-05-24 06:27:00,25.9,100,101.00,0.00,0,0.00,25.9,25.9,26.0
2026-05-24 06:30:00,25.9,77,101.00,0.00,0,0.00,24.0,25.9,22.8
2026-05-24 06:33:00,25.9,97,100.90,0.00,0,0.00,25.7,25.9,25.6
2026-05-24 06:36:00,26.0,56,101.00,0.00,0,0.00,21.8,26.0,19.8
2026-05-24 06:39:00,26.0,96,101.00,0.00,0,0.00,25.7,26.0,25.5
2026-05-24 06:42:00,26.0,80,101.00,0.00,0,0.00,24.4,26.0,23.3
2026-05-24 06:46:00,26.0,57,101.00,0.00,0,0.00,22.0,26.0,20.0
2026-05-24 06:49:00,26.0,84,101.00,1.00,0,0.00,24.7,26.0,23.9
2026-05-24 06:52:00,26.0,100,101.00,0.00,0,0.00,26.0,26.0,26.1
2026-05-24 06:55:00,26.1,75,101.00,0.00,0,0.00,24.0,24.1,22.7
2026-05-24 06:58:00,26.0,98,101.00,0.00,0,0.00,25.9,26.0,25.8
2026-05-24 07:01:00,25.9,87,101.00,0.00,0,0.00,24.9,25.9,24.2
2026-05-24 07:05:00,26.0,100,101.00,1.00,0,0.00,26.0,26.0,26.1
2026-05-24 07:08:00,25.9,57,101.00,0.00,0,0.00,21.9,25.9,19.9
2026-05-24 07:11:00,26.0,44,101.00,1.00,0,0.00,20.1,26.0,17.9
2026-05-24 07:14:00,26.0,55,101.00,0.00,0,0.00,21.7,26.0,19.7
2026-05-24 07:17:00,26.0,100,101.00,0.00,0,0.00,26.0,26.0,26.1
2026-05-24 07:20:00,25.9,56,101.00,0.00,0,0.00,21.7,25.9,19.7
2026-05-24 07:24:00,26.0,100,101.00,0.00,0,0.00,26.0,26.0,26.1
2026-05-24 07:27:00,26.0,55,101.00,0.00,0,0.00,21.7,26.0,19.7
2026-05-24 07:30:00,25.9,44,101.00,1.00,0,0.00,20.0,25.9,17.8
2026-05-24 07:33:00,26.0,100,101.00,0.00,0,0.10,26.0,26.0,26.1
2026-05-24 07:36:00,26.0,93,101.00,0.00,0,0.00,25.5,26.0,25.1
2026-05-24 07:39:00,26.0,58,101.00,0.00,0,0.00,22.1,26.0,20.1
2026-05-24 07:43:00,26.0,100,101.00,0.00,0,0.00,26.0,26.0,26.1
2026-05-24 07:46:00,26.0,100,101.00,0.00,0,0.00,26.0,26.0,26.1
2026-05-24 07:49:00,26.0,60,101.00,0.00,0,0.00,22.3,26.0,20.4
2026-05-24 07:52:00,26.0,100,101.00,0.00,0,0.00,26.0,26.0,26.1
2026-05-24 07:55:00,26.0,91,101.00,0.00,0,0.00,25.3,26.0,24.8
2026-05-24 07:58:00,26.0,85,101.00,0.00,0,0.10,24.8,26.0,24.0
2026-05-24 08:02:00,26.0,55,101.00,0.00,0,0.00,21.7,26.0,19.7
2026-05-24 08:05:00,26.0,100,101.00,1.00,0,0.00,26.0,26.0,26.1
2026-05-24 08:08:00,26.0,63,101.00,1.00,0,0.00,22.7,26.0,20.9
2026-05-24 08:11:00,26.0,100,101.00,0.00,0,0.00,26.0,26.0,26.1
2026-05-24 08:14:00,26.1,77,101.00,0.00,0,0.00,24.2,24.1,23.0
2026-05-24 08:17:00,26.0,64,101.00,0.00,0,0.00,22.8,26.0,21.0
2026-05-24 08:21:00,26.0,67,101.00,0.00,0,0.00,23.1,26.0,21.5
2026-05-24 08:24:00,26.1,87,101.00,0.00,0,0.00,25.1,24.1,24.4
2026-05-24 08:27:00,26.0,80,101.00,1.00,0,0.00,24.4,26.0,23.3
2026-05-24 08:30:00,26.0,98,101.00,0.00,0,0.00,25.9,26.0,25.8
2026-05-24 08:33:00,26.1,100,101.00,0.00,0,0.10,26.1,24.1,26.2
2026-05-24 08:36:00,26.1,56,101.00,0.00,0,0.00,21.9,24.1,19.9
2026-05-24 08:40:00,26.7,70,101.00,1.00,0,0.00,24.1,24.7,22.6
2026-05-24 10:08:00,27.4,88,101.00,0.00,0,0.00,26.5,29.7,25.8
2026-05-24 10:11:00,27.3,88,101.00,0.00,0,0.00,26.3,29.3,25.6
2026-05-24 10:14:00,27.5,90,101.00,0.00,0,0.00,26.7,30.1,26.1
2026-05-24 10:18:00,27.6,94,101.00,0.00,0,0.00,27.1,31.0,26.8
2026-05-24 10:21:00,27.3,88,101.00,0.00,0,0.00,26.4,29.4,25.7
2026-05-24 10:24:00,27.4,88,101.00,0.00,0,0.00,26.5,29.7,25.8
2026-05-24 10:28:00,27.3,88,101.00,0.00,0,0.00,26.4,29.4,25.7
2026-05-24 10:31:00,27.3,90,101.00,0.00,0,0.00,26.6,29.7,26.0
2026-05-24 10:34:00,27.3,90,101.00,0.00,0,0.00,26.5,29.5,25.9
2026-05-24 10:37:00,27.2,92,101.00,0.00,0,0.10,26.6,29.6,26.2
2026-05-24 10:40:00,27.1,93,101.00,0.00,0,0.00,26.6,29.4,26.2
2026-05-24 10:43:00,27.2,90,101.00,0.00,0,0.00,26.5,29.4,25.9
2026-05-24 10:46:00,27.3,92,101.00,0.00,0,0.00,26.7,29.9,26.3
2026-05-24 10:59:00,27.4,92,101.00,0.00,0,0.00,26.8,30.2,26.4
2026-05-24 11:02:00,27.3,92,101.00,0.00,0,0.00,26.6,29.8,26.2
2026-05-24 11:05:00,27.0,86,101.00,0.00,0,0.00,25.9,28.4,25.2
2026-05-24 11:08:00,27.0,89,101.00,0.00,0,0.00,26.2,28.7,25.6
2026-05-24 11:11:00,27.1,86,101.00,0.00,0,0.00,26.0,28.6,25.3
2026-05-24 11:14:00,27.2,89,101.00,0.00,0,0.00,26.4,29.2,25.8
2026-05-24 11:17:00,27.2,87,101.00,0.00,0,0.00,26.2,29.0,25.5
2026-05-24 11:26:00,27.1,84,101.00,0.00,0,0.00,25.8,28.4,25.0
2026-05-24 11:29:00,27.2,87,100.90,0.00,0,0.00,26.2,29.0,25.5
2026-05-24 11:35:00,27.1,87,100.90,0.00,0,0.00,26.1,28.7,25.4
2026-05-24 11:38:00,27.0,90,101.00,0.00,0,0.00,26.3,28.8,25.7
2026-05-24 11:41:00,27.0,86,100.90,0.00,0,0.00,25.9,28.4,25.2
2026-05-24 11:44:00,26.9,91,101.00,0.00,0,0.00,26.2,24.9,25.8
2026-05-24 12:37:00,27.2,90,100.90,0.00,0,0.00,26.5,29.4,25.9
2026-05-24 12:46:00,27.0,90,100.90,0.00,0,0.10,26.3,28.8,25.7
2026-05-24 12:49:00,27.0,90,100.90,0.00,0,0.00,26.3,28.8,25.7
2026-05-24 12:52:00,27.0,91,100.90,0.00,0,0.00,26.3,28.9,25.9
2026-05-24 12:59:00,27.0,91,100.90,0.00,0,0.00,26.3,28.9,25.9
2026-05-24 13:02:00,27.1,90,100.90,0.00,0,0.00,26.4,29.1,25.8
2026-05-24 13:08:00,27.0,91,100.90,0.00,0,0.00,26.3,28.9,25.9
2026-05-24 13:11:00,27.0,88,100.90,0.00,0,0.00,26.1,28.6,25.4
2026-05-24 13:14:00,27.2,88,100.90,0.00,0,0.00,26.3,29.1,25.6
2026-05-24 13:17:00,27.3,92,100.90,0.00,0,0.00,26.6,29.8,26.2
2026-05-24 13:20:00,27.2,91,100.90,0.00,0,0.10,26.5,29.5,26.1
2026-05-24 13:23:00,27.2,92,100.90,0.00,0,0.00,26.6,29.6,26.2
2026-05-24 13:29:00,27.3,88,100.90,0.00,0,0.00,26.4,29.4,25.7
2026-05-24 13:32:00,27.2,87,100.90,0.00,0,0.00,26.2,29.0,25.5
2026-05-24 13:35:00,27.1,92,100.90,0.00,0,0.00,26.5,29.3,26.1
2026-05-24 13:38:00,27.3,92,100.90,0.00,0,0.00,26.6,29.8,26.2
2026-05-24 13:41:00,27.5,90,100.90,0.00,0,0.00,26.7,30.1,26.1
2026-05-24 13:44:00,28.5,100,100.90,0.00,0,0.00,28.5,35.6,28.6
2026-05-24 13:50:00,28.2,100,100.90,0.00,0,0.00,28.2,34.4,28.3
2026-05-24 13:53:00,28.0,82,100.90,0.00,0,0.00,26.5,30.3,25.4
2026-05-24 14:06:00,27.5,88,100.90,0.00,150,0.00,30.6,30.0,34.6
2026-05-24 14:13:00,30.6,95,100.90,0.00,46,0.00,24.8,43.0,22.1
2026-05-24 14:16:00,28.7,94,100.90,0.00,117,0.10,29.9,34.9,31.1
2026-05-24 14:21:00,27.6,94,100.90,0.00,7,0.00,8.9,31.0,10.2
2026-05-24 14:24:00,27.2,91,100.90,0.00,7,0.10,8.5,29.5,10.0
2026-05-24 14:42:00,27.4,92,100.80,0.00,42,0.00,25.8,30.1,18.7
2026-05-24 14:47:00,27.4,92,100.80,0.00,345,0.00,26.0,30.2,65.4
2026-05-24 14:50:00,27.4,94,100.80,0.00,344,0.10,26.2,30.4,65.3
2026-05-24 14:53:00,27.6,94,100.80,0.00,344,0.00,26.4,31.0,65.5
2026-05-24 14:56:00,27.6,94,100.80,0.00,344,0.00,26.3,31.0,65.5
2026-05-24 14:59:00,27.6,90,100.80,0.00,344,0.00,25.6,30.4,65.5
2026-05-24 15:02:00,27.6,94,100.80,0.00,350,0.00,26.4,31.0,66.6
2026-05-24 15:05:00,27.6,92,100.80,0.00,344,0.00,26.2,30.9,65.5
2026-05-24 15:08:00,27.7,90,100.80,0.00,344,0.00,25.9,30.9,65.6
2026-05-24 15:11:00,27.7,92,100.80,0.00,344,0.00,26.2,31.2,65.6
2026-05-24 15:14:00,27.6,92,100.80,0.00,344,0.10,26.2,30.9,65.5
2026-05-24 15:17:00,27.6,90,100.80,0.00,344,0.00,25.8,30.6,65.5
2026-05-24 15:20:00,27.6,92,100.80,0.00,344,0.00,26.2,30.9,65.5
2026-05-24 15:26:00,27.6,92,100.80,0.00,352,0.00,26.2,30.9,66.9
2026-05-24 15:29:00,27.6,92,100.80,0.00,348,0.00,26.2,30.9,66.1
2026-05-24 15:32:00,27.6,94,100.80,0.00,349,0.10,26.5,31.2,66.5
2026-05-24 15:35:00,27.6,96,100.80,0.00,294,0.00,26.7,31.3,56.8
2026-05-24 15:38:00,27.6,90,100.80,0.00,285,0.00,25.8,30.6,55.3
2026-05-24 15:41:00,27.6,96,100.80,0.00,291,0.00,26.8,31.3,56.4
2026-05-24 15:44:00,27.6,92,100.80,0.00,289,0.00,26.0,30.7,55.9
2026-05-24 15:50:00,27.7,94,100.80,0.00,4,0.00,26.6,31.5,26.9
2026-05-24 15:53:00,27.7,94,100.80,0.00,10,0.00,26.5,31.4,26.8
2026-05-24 15:56:00,27.5,94,100.70,0.00,9,0.00,26.2,30.7,26.5
2026-05-24 15:59:00,27.6,92,100.80,0.00,296,0.00,26.0,30.7,26.4
2026-05-24 16:02:00,28.1,90,100.80,0.00,342,0.00,26.1,32.0,26.6
2026-05-24 16:05:00,27.5,94,100.80,0.00,80,0.00,26.5,30.8,26.7
2026-05-24 16:08:00,27.7,90,100.80,0.00,106,0.00,25.9,30.9,26.4
2026-05-24 16:23:00,27.9,89,100.80,0.00,17,0.00,25.7,31.2,26.3
2026-05-24 17:32:00,27.9,82,100.70,0.00,20,0.00,24.3,30.1,25.2
2026-05-24 17:48:00,27.8,93,100.70,0.00,20,0.00,26.4,31.5,26.8
2026-05-24 17:54:00,27.7,100,100.80,0.00,20,0.00,27.6,32.4,27.7
2026-05-24 18:00:00,27.8,96,100.70,0.00,20,0.00,26.9,32.0,27.2
2026-05-24 18:03:00,27.8,88,100.70,0.00,20,0.00,25.4,30.7,26.0
2026-05-24 18:06:00,27.8,97,100.70,0.00,20,0.10,27.1,32.2,27.3
2026-05-24 18:13:00,27.8,93,100.80,0.00,20,0.00,26.4,31.5,26.7
2026-05-24 18:16:00,27.7,100,100.80,0.00,20,0.00,27.7,32.4,27.8
2026-05-24 18:19:00,27.7,94,100.80,0.00,20,0.00,26.6,31.5,26.9
2026-05-24 18:22:00,27.7,100,100.80,0.00,20,0.00,27.7,32.4,27.8
2026-05-24 18:28:00,27.7,94,100.70,0.00,20,0.00,26.5,31.4,26.8
2026-05-24 18:31:00,27.7,96,100.80,0.00,21,0.00,26.8,31.7,27.1
2026-05-24 18:34:00,27.4,94,100.80,0.00,0,0.00,26.2,30.4,26.5
2026-05-24 18:37:00,27.2,83,100.80,0.00,0,0.00,24.1,28.6,24.9
2026-05-24 18:40:00,27.0,83,100.80,0.00,0,0.00,23.9,28.1,24.7
2026-05-24 18:43:00,27.0,83,100.80,0.00,0,0.00,23.8,28.1,24.6
2026-05-24 18:46:00,27.1,97,100.80,1.10,0,0.00,26.6,29.9,26.7
2026-05-24 18:49:00,27.0,88,100.80,1.10,0,0.00,24.8,28.6,25.4
2026-05-24 18:52:00,27.1,88,100.80,0.00,0,0.00,24.9,28.8,25.5
2026-05-24 18:55:00,27.0,89,100.80,0.00,0,0.00,25.0,28.7,25.5
2026-05-24 18:58:00,27.1,86,100.80,0.00,0,0.00,24.6,28.6,25.2
2026-05-24 19:01:00,27.2,92,100.80,0.00,0,0.00,25.8,29.6,26.2
2026-05-24 19:04:00,27.2,89,100.80,0.00,203,0.00,25.2,29.2,25.7
2026-05-24 19:14:00,27.1,92,100.80,0.00,203,0.00,25.7,29.3,26.0
2026-05-24 19:20:00,27.0,89,100.80,0.00,203,0.00,25.1,28.7,25.6
2026-05-24 19:23:00,27.1,89,100.80,0.00,203,0.00,25.2,29.0,25.7
2026-05-24 19:26:00,27.1,88,100.80,0.00,203,0.00,25.0,28.8,25.5
2026-05-24 19:29:00,27.1,93,100.80,0.00,203,0.00,25.9,29.4,26.2
2026-05-24 19:32:00,27.2,90,100.80,0.00,203,0.00,25.4,29.4,25.9
2026-05-24 19:35:00,27.3,92,100.80,0.00,203,0.00,25.9,29.9,26.2
2026-05-24 19:41:00,27.4,92,100.80,0.00,203,0.00,26.0,30.2,26.4
2026-05-24 19:44:00,27.5,94,100.80,0.00,203,0.00,26.2,30.7,26.5
2026-05-24 19:47:00,27.4,90,100.80,0.00,203,0.00,25.4,29.8,25.9
2026-05-24 19:50:00,27.3,94,100.80,0.00,203,0.00,26.3,30.2,26.6
2026-05-24 19:56:00,27.5,94,100.80,0.00,203,0.00,26.3,30.7,26.6
2026-05-24 19:59:00,27.5,90,100.80,0.00,203,0.00,25.5,30.1,26.0
2026-05-24 20:02:00,27.5,94,100.80,0.00,203,0.00,26.3,30.7,26.6
2026-05-24 20:05:00,27.4,92,100.80,0.00,203,0.00,25.8,30.1,26.2
2026-05-24 20:08:00,27.5,88,100.80,0.00,203,0.00,25.3,30.0,25.9
2026-05-24 20:11:00,27.5,92,100.80,0.00,203,0.00,26.1,30.6,26.4
2026-05-24 20:14:00,27.5,92,100.80,0.00,203,0.10,26.1,30.6,26.5
2026-05-24 20:17:00,27.5,88,100.80,0.00,203,0.00,25.3,30.0,25.8
2026-05-24 20:21:00,27.4,92,100.80,0.00,203,0.00,25.8,30.1,26.2
2026-05-24 20:27:00,27.5,92,100.80,0.00,203,0.10,26.1,30.6,26.4
2026-05-24 20:30:00,27.5,94,100.80,0.00,203,0.00,26.2,30.7,26.5
2026-05-24 20:33:00,27.5,90,100.80,0.00,203,0.00,25.5,30.1,26.0
2026-05-24 20:45:00,27.5,94,100.80,0.00,203,0.00,26.3,30.7,26.6
2026-05-24 20:54:00,27.6,92,100.80,0.00,203,0.00,26.0,30.7,26.4
2026-05-24 20:57:00,27.5,94,100.80,0.00,203,0.00,26.5,30.8,26.8
2026-05-24 21:00:00,27.5,94,100.90,0.00,203,0.00,26.5,30.8,26.8
2026-05-24 21:06:00,27.4,94,100.80,0.00,203,0.00,26.2,30.4,26.5
2026-05-24 21:12:00,27.4,88,100.90,0.00,286,0.00,25.2,29.7,25.8
2026-05-24 21:20:00,27.4,88,100.80,0.00,2,0.00,25.3,29.7,25.8
2026-05-24 21:26:00,27.2,88,100.80,0.00,2,0.00,25.0,29.1,25.5
2026-05-24 21:32:00,27.3,92,100.80,0.00,2,0.10,25.9,29.9,26.2
2026-05-24 21:42:00,27.3,92,100.80,0.00,2,0.00,25.7,29.8,26.1
2026-05-24 21:45:00,27.3,94,100.80,0.00,2,0.00,26.1,30.0,26.4
2026-05-24 21:48:00,27.4,90,100.80,0.00,2,0.00,25.4,29.8,25.9
2026-05-24 21:51:00,27.4,92,100.80,0.00,2,0.00,26.0,30.2,26.3
2026-05-24 21:57:00,27.3,92,100.80,0.00,2,0.00,25.9,29.9,26.3
2026-05-24 22:00:00,27.3,88,100.80,0.00,2,0.00,25.1,29.4,25.7
2026-05-24 22:06:00,27.3,88,100.80,0.00,2,1.80,25.1,29.4,25.7
2026-05-24 22:14:00,29.7,100,100.50,0.00,0,0.00,29.7,40.8,29.8
2026-05-24 22:19:00,29.8,100,100.50,0.00,0,0.00,29.8,41.3,29.9
2026-05-24 22:25:00,29.6,100,100.50,0.00,0,0.00,29.4,40.3,29.5
2026-05-24 22:30:00,29.8,100,100.50,0.00,0,0.00,29.8,41.3,29.9
2026-05-24 22:36:00,30.4,90,100.50,0.00,0,0.00,28.3,40.3,28.8
2026-05-24 22:42:00,30.3,82,100.50,0.00,0,0.00,26.7,37.2,27.6
2026-05-24 22:47:00,30.1,100,100.50,0.00,0,0.00,30.1,42.7,30.1
2026-05-24 22:53:00,30.3,100,100.50,0.00,0,0.00,30.3,43.6,30.4
2026-05-24 22:59:00,30.2,75,100.50,0.00,0,0.00,25.1,34.9,26.4
2026-05-24 23:04:00,29.7,73,100.50,0.00,0,0.00,24.1,33.0,25.6
2026-05-24 23:10:00,29.6,99,100.50,0.00,0,0.00,29.2,40.0,29.3
2026-05-24 23:16:00,29.5,100,100.50,0.00,0,0.00,29.5,39.9,29.6
2026-05-24 23:21:00,29.8,82,100.50,0.00,0,0.00,26.1,35.6,27.1
2026-05-24 23:27:00,30.1,96,100.50,0.00,0,0.00,29.2,41.2,29.5
2026-05-24 23:33:00,30.4,100,100.50,0.00,0,0.00,30.4,44.1,30.5
2026-05-24 23:38:00,30.4,100,100.50,0.00,0,0.00,30.4,44.1,30.5
2026-05-24 23:44:00,30.5,100,100.50,0.00,0,0.00,30.5,44.6,30.6
2026-05-24 23:50:00,30.5,74,100.50,0.00,0,0.00,25.1,35.4,26.6
2026-05-24 23:55:00,30.6,79,100.50,0.00,0,0.00,26.3,37.3,27.4
2026-05-25 00:01:00,30.5,89,100.40,0.00,0,0.00,28.3,40.3,28.8
2026-05-25 00:07:00,30.5,100,100.40,0.00,0,0.00,30.4,44.6,30.5
2026-05-25 00:12:00,30.3,100,100.40,0.00,0,0.00,30.3,43.6,30.3
2026-05-25 00:18:00,30.1,75,100.40,0.00,0,0.00,24.9,34.6,26.3
2026-05-25 00:24:00,29.9,100,100.40,0.00,0,0.00,29.9,41.7,30.0
2026-05-25 00:29:00,30.1,76,100.40,0.00,0,0.00,25.1,34.9,26.4
2026-05-25 00:35:00,30.2,81,100.40,0.00,0,0.00,26.4,36.6,27.3
2026-05-25 00:41:00,30.4,99,100.40,0.00,0,0.00,30.0,43.7,30.1
2026-05-25 00:46:00,29.9,100,100.40,0.00,68,0.00,29.8,41.7,29.9
2026-05-25 00:52:00,29.4,100,100.40,0.00,0,0.00,29.4,39.5,29.5
2026-05-25 00:58:00,29.4,100,100.40,0.00,0,0.00,29.4,39.5,29.4
2026-05-25 01:03:00,29.7,92,100.40,0.00,0,0.00,28.1,38.2,28.5
2026-05-25 01:09:00,29.6,86,100.40,0.00,0,0.00,26.8,36.1,27.5
2026-05-25 01:15:00,29.9,84,100.40,0.00,0,0.00,26.7,36.5,27.5
2026-05-25 01:20:00,29.9,77,100.40,0.00,0,0.00,25.2,34.5,26.4
2026-05-25 01:26:00,29.9,75,100.40,0.00,0,0.00,24.8,34.0,26.2
2026-05-25 01:32:00,29.8,80,100.40,0.00,0,0.00,25.7,35.0,26.8
2026-05-25 01:37:00,29.8,87,100.40,0.00,0,0.00,27.2,37.0,27.8
2026-05-25 01:43:00,30.3,73,100.40,0.00,0,0.00,24.6,34.6,26.2
2026-05-25 01:49:00,30.2,77,100.40,0.00,0,0.00,25.5,35.4,26.7
2026-05-25 01:54:00,30.0,87,100.40,0.00,0,0.00,27.4,37.8,28.0
2026-05-25 02:00:00,30.0,76,100.40,0.00,0,0.00,25.1,34.6,26.4
2026-05-25 02:06:00,30.3,100,100.40,0.00,0,0.00,30.3,43.6,30.4
2026-05-25 02:11:00,30.3,100,100.30,0.00,0,0.00,30.3,43.6,30.4
2026-05-25 02:17:00,30.3,91,100.30,0.00,0,0.00,28.4,40.2,28.9
2026-05-25 02:22:00,29.9,94,100.30,0.00,0,0.00,28.6,39.6,28.9
2026-05-25 02:28:00,29.6,100,100.30,0.00,0,0.00,29.6,40.4,29.7
2026-05-25 02:34:00,29.8,70,100.30,0.00,0,0.00,23.5,32.5,25.2
2026-05-25 02:39:00,29.6,72,100.30,0.00,0,0.00,23.7,32.5,25.3
2026-05-25 02:45:00,30.6,83,100.30,0.00,0,0.00,27.1,38.6,28.0
2026-05-25 02:51:00,30.2,87,100.30,0.00,0,0.00,27.6,38.5,28.2
2026-05-25 02:56:00,30.3,75,100.30,0.00,0,0.00,25.1,35.2,26.5
2026-05-25 03:02:00,30.3,88,100.30,0.00,0,0.00,27.8,39.2,28.4
2026-05-25 03:08:00,30.1,78,100.30,0.00,0,0.00,25.6,35.4,26.7
2026-05-25 03:13:00,29.9,100,100.30,0.00,3,0.00,29.9,41.7,30.0
2026-05-25 03:19:00,30.0,76,100.30,0.00,5,0.00,25.1,34.6,26.4
2026-05-25 03:25:00,29.8,73,100.30,0.00,5,0.00,24.2,33.3,25.8
2026-05-25 03:30:00,29.5,83,100.30,0.00,3,0.00,26.1,34.9,26.9
2026-05-25 03:36:00,29.2,71,100.30,0.00,5,0.00,23.1,31.3,24.8
2026-05-25 03:42:00,29.1,92,100.30,0.00,5,0.00,27.5,35.9,27.9
2026-05-25 03:47:00,29.1,100,100.30,0.00,5,0.00,29.1,38.2,29.2
2026-05-25 03:53:00,29.1,70,100.30,0.00,5,0.00,22.9,30.9,24.6
2026-05-25 03:59:00,29.4,96,100.30,0.00,5,0.00,28.5,38.2,28.7
2026-05-25 04:04:00,29.3,100,100.30,0.00,5,0.00,29.3,39.0,29.4
2026-05-25 04:10:00,29.4,100,100.30,0.00,5,0.00,29.4,39.5,29.5
2026-05-25 04:16:00,29.1,87,100.30,0.00,5,0.00,26.5,34.6,27.2
2026-05-25 04:21:00,29.2,94,100.30,0.00,5,0.00,28.0,36.8,28.3
2026-05-25 04:27:00,29.3,99,100.30,0.00,5,0.00,28.9,38.7,29.0
2026-05-25 04:33:00,29.4,100,100.30,0.00,5,0.00,29.4,39.5,29.4
2026-05-25 04:38:00,29.1,100,100.30,0.00,5,0.00,29.1,38.2,29.2
2026-05-25 04:44:00,29.0,89,100.30,0.00,5,0.00,26.8,34.8,27.3
2026-05-25 04:50:00,29.1,83,100.30,0.00,5,0.00,25.7,33.7,26.6
2026-05-25 04:55:00,29.3,100,100.30,0.00,5,0.00,29.3,39.0,29.4
2026-05-25 05:01:00,29.6,100,100.30,0.00,5,0.00,29.6,40.4,29.6
2026-05-25 05:07:00,29.7,100,100.30,0.00,5,0.00,29.7,40.8,29.8
2026-05-25 05:12:00,29.7,100,100.30,0.00,5,0.00,29.7,40.8,29.8
2026-05-25 05:18:00,29.5,76,100.30,0.00,5,0.00,24.6,33.2,25.9
2026-05-25 05:24:00,29.8,81,100.30,0.00,5,0.00,25.9,35.3,26.9
2026-05-25 05:29:00,29.7,100,100.30,0.00,5,0.00,29.7,40.8,29.8
2026-05-25 05:35:00,29.4,100,100.30,0.00,5,0.00,29.4,39.5,29.5
2026-05-25 05:41:00,29.4,100,100.30,0.00,5,0.00,29.4,39.5,29.4
2026-05-25 05:46:00,29.5,69,100.30,0.00,5,0.00,22.9,31.6,24.8
2026-05-25 05:52:00,29.4,86,100.30,0.00,5,0.00,26.6,35.4,27.3
2026-05-25 05:58:00,29.3,90,100.30,0.00,5,0.00,27.3,36.1,27.8
2026-05-25 06:03:00,29.3,70,100.30,0.00,5,0.00,23.0,31.4,24.7
2026-05-25 06:09:00,29.4,74,100.30,0.00,5,0.00,24.1,32.5,25.5
2026-05-25 06:14:00,29.6,77,100.30,0.00,5,0.00,24.9,33.7,26.2
2026-05-25 06:20:00,29.7,73,100.30,0.00,5,0.00,24.1,33.0,25.7
2026-05-25 06:26:00,29.7,77,100.30,0.00,5,0.00,25.0,34.0,26.2
2026-05-25 06:31:00,29.5,100,100.20,0.00,5,0.00,29.5,39.9,29.6
2026-05-25 06:37:00,29.6,94,100.20,0.00,5,0.00,28.4,38.4,28.7
2026-05-25 06:43:00,29.6,92,100.30,0.00,5,0.00,27.9,37.8,28.4
2026-05-25 06:48:00,29.4,100,100.30,0.00,5,0.00,29.4,39.5,29.5
2026-05-25 06:54:00,29.3,100,100.30,0.00,5,0.00,29.3,39.0,29.3
2026-05-25 07:00:00,29.2,70,100.30,0.00,5,0.00,22.9,31.1,24.7
2026-05-25 07:05:00,29.1,100,100.30,0.00,5,0.00,29.1,38.2,29.2
2026-05-25 07:11:00,29.0,97,100.30,0.00,5,0.00,28.3,36.8,28.5
2026-05-25 07:17:00,29.1,100,100.30,0.00,6,0.00,29.1,38.2,29.2
2026-05-25 07:22:00,29.0,100,100.30,0.00,5,0.00,29.0,37.7,29.1
2026-05-25 07:28:00,29.0,68,100.30,0.00,5,0.00,22.2,30.3,24.2
2026-05-25 07:34:00,28.9,100,100.30,0.00,5,0.00,28.9,37.3,29.0
2026-05-25 07:39:00,28.9,75,100.30,0.00,5,0.00,23.8,31.4,25.2
2026-05-25 07:45:00,28.9,68,100.20,0.00,5,0.00,22.1,30.1,24.1
2026-05-25 07:51:00,28.9,100,100.30,0.00,5,0.00,28.9,37.3,29.0
2026-05-25 07:56:00,29.0,100,100.30,0.00,5,0.00,29.0,37.7,29.1
2026-05-25 08:02:00,29.0,94,100.20,0.00,5,0.00,27.8,36.0,28.1
2026-05-25 08:08:00,29.0,98,100.20,0.00,5,0.00,28.4,37.1,28.6
2026-05-25 08:13:00,29.0,92,100.20,0.00,5,0.00,27.4,35.5,27.8
2026-05-25 08:19:00,28.9,95,100.20,0.00,5,0.00,27.9,35.9,28.1
2026-05-25 08:25:00,29.1,87,100.20,0.00,5,0.00,26.5,34.6,27.2
2026-05-25 08:30:00,29.2,81,100.30,0.00,5,0.00,25.4,33.5,26.4
2026-05-25 08:36:00,29.2,92,100.20,0.00,5,0.00,27.6,36.3,28.0
2026-05-25 08:42:00,29.3,86,100.20,0.00,6,0.00,26.5,35.0,27.1
2026-05-25 08:47:00,29.1,100,100.20,0.00,5,0.00,28.9,38.1,29.0
2026-05-25 08:53:00,29.0,68,100.20,0.00,5,0.00,22.3,30.3,24.2
2026-05-25 08:59:00,29.0,100,100.20,0.00,5,0.00,29.0,37.7,29.0
2026-05-25 09:04:00,28.9,85,100.30,0.00,6,0.00,25.9,33.5,26.7
2026-05-25 09:10:00,29.0,76,100.30,0.00,5,0.00,24.1,31.9,25.4
2026-05-25 09:16:00,29.0,100,100.30,0.00,6,0.00,29.0,37.7,29.1
2026-05-25 09:21:00,28.9,100,100.30,0.00,6,0.00,28.9,37.3,29.0
2026-05-25 09:27:00,28.9,90,100.30,0.00,6,0.00,26.9,34.7,27.4
2026-05-25 09:33:00,28.9,94,100.30,0.00,6,0.00,27.6,35.7,27.9
2026-05-25 09:38:00,28.8,69,100.30,0.00,6,0.00,22.3,30.1,24.2
2026-05-25 09:44:00,28.7,100,100.30,0.00,6,0.00,28.7,36.5,28.8
2026-05-25 09:50:00,25.9,100,100.60,0.00,6,0.00,25.9,25.9,26.0
2026-05-25 09:55:00,25.9,100,100.50,0.00,6,0.00,25.9,25.9,26.0
2026-05-25 10:01:00,26.0,100,100.50,0.00,6,0.00,25.9,26.0,26.0
2026-05-25 10:06:00,25.9,84,100.50,0.00,6,0.00,23.0,25.9,23.8
2026-05-25 10:12:00,26.0,82,100.50,0.00,6,0.00,22.7,26.0,23.5
2026-05-25 10:18:00,26.0,85,100.60,0.00,6,0.00,23.3,26.0,24.0
2026-05-25 10:23:00,26.0,100,100.60,0.00,6,0.00,26.0,26.0,26.0
2026-05-25 10:29:00,26.0,62,100.60,0.00,6,0.00,18.2,26.0,20.7
2026-05-25 10:35:00,26.0,80,100.60,0.00,6,0.00,22.3,26.0,23.3
2026-05-25 10:40:00,26.0,100,100.60,0.00,6,0.00,26.0,26.0,26.1
2026-05-25 10:46:00,26.0,72,100.60,0.00,6,0.00,20.6,26.0,22.2
2026-05-25 10:52:00,26.1,72,100.60,0.00,6,0.00,20.6,24.1,22.2
2026-05-25 10:57:00,26.1,95,100.60,0.00,6,0.00,25.2,24.1,25.5
2026-05-25 11:03:00,26.1,100,100.60,0.00,6,0.00,26.1,24.1,26.2
2026-05-25 11:09:00,26.1,86,100.60,0.00,6,0.00,23.6,24.1,24.2
2026-05-25 11:14:00,26.1,71,100.60,0.00,0,0.00,20.4,24.1,22.1
2026-05-25 11:20:00,26.1,100,100.60,0.00,0,0.00,26.1,24.1,26.2
2026-05-25 11:26:00,26.2,100,100.60,0.00,0,0.00,26.2,24.2,26.2
2026-05-25 11:31:00,26.2,83,100.60,0.00,0,0.00,23.1,24.2,23.9
2026-05-25 11:37:00,26.3,71,100.60,0.00,0,0.00,20.6,24.3,22.2
2026-05-25 11:43:00,26.3,100,100.60,0.00,0,0.00,26.2,24.3,26.3
2026-05-25 11:48:00,26.3,100,100.60,0.00,0,0.00,26.3,24.3,26.3
2026-05-25 11:54:00,26.3,65,100.60,0.00,0,0.00,19.2,24.3,21.4
2026-05-25 12:00:00,26.3,81,100.60,0.00,0,0.00,22.8,24.3,23.7
2026-05-25 12:05:00,26.3,88,100.60,0.00,0,0.00,24.2,24.3,24.7
2026-05-25 12:11:00,26.4,100,100.60,0.00,0,0.00,26.4,24.4,26.4
2026-05-25 12:17:00,26.3,100,100.60,0.00,0,0.00,26.3,24.3,26.4
2026-05-25 12:22:00,26.3,88,100.60,0.00,0,0.00,24.2,24.3,24.7
2026-05-25 12:28:00,26.3,100,100.60,0.00,0,0.00,26.3,24.3,26.4
2026-05-25 12:34:00,26.3,63,100.60,0.00,0,0.00,18.7,24.3,21.1
2026-05-25 12:39:00,26.3,100,100.60,0.00,0,0.00,26.3,24.3,26.3
2026-05-25 12:45:00,26.3,94,100.60,0.00,0,0.00,25.2,24.3,25.5
2026-05-25 12:51:00,26.2,74,100.60,0.00,0,0.00,21.2,24.2,22.7
2026-05-25 12:56:00,26.3,86,100.60,0.00,0,0.00,23.7,24.3,24.4
2026-05-25 13:02:00,26.3,75,100.60,0.00,0,0.00,21.5,24.3,22.9
2026-05-25 13:08:00,26.4,91,100.60,0.00,0,0.00,24.8,24.4,25.2
2026-05-25 13:13:00,26.4,96,100.60,0.00,0,0.00,25.7,24.4,25.9
2026-05-25 13:19:00,26.4,91,100.60,0.00,0,0.00,24.8,24.4,25.2
2026-05-25 13:25:00,26.4,100,100.60,0.00,0,0.00,26.4,24.4,26.5
2026-05-25 13:30:00,26.4,88,100.60,0.00,0,0.00,24.3,24.4,24.8
2026-05-25 13:36:00,26.4,94,100.60,0.00,0,0.00,25.4,24.4,25.7
2026-05-25 13:42:00,26.5,100,100.60,0.00,0,0.00,26.4,24.5,26.5
2026-05-25 13:47:00,26.4,66,100.60,0.00,0,0.00,19.5,24.4,21.7
2026-05-25 13:53:00,26.6,71,100.60,0.00,2,0.00,20.9,24.6,22.5
2026-05-25 13:59:00,26.7,90,100.60,0.00,2,0.00,24.9,24.7,25.4
2026-05-25 14:04:00,26.8,92,100.60,0.00,2,0.00,25.4,24.8,25.7
2026-05-25 14:10:00,26.9,100,100.60,0.00,2,0.00,26.9,24.9,27.0
2026-05-25 14:15:00,26.8,75,100.60,0.00,2,0.00,22.0,24.8,23.4
2026-05-25 14:21:00,26.9,71,100.60,0.00,2,0.00,21.2,24.9,22.9
2026-05-25 14:27:00,27.0,100,100.60,0.00,2,0.00,27.0,29.8,27.0
2026-05-25 14:32:00,27.0,100,100.70,0.00,2,0.00,27.0,29.8,27.0
2026-05-25 14:38:00,27.0,65,100.60,0.00,2,0.00,19.8,26.5,22.1
2026-05-25 14:44:00,27.1,100,100.70,0.00,2,0.00,27.1,30.2,27.1
2026-05-25 14:49:00,27.1,86,100.60,0.00,2,0.00,24.6,28.6,25.2
2026-05-25 14:55:00,27.2,100,100.60,0.00,2,0.00,27.2,30.6,27.3
2026-05-25 15:01:00,27.2,100,100.60,0.00,2,0.00,27.2,30.6,27.2
2026-05-25 15:06:00,27.1,65,100.60,0.00,2,0.00,20.0,26.6,22.2
2026-05-25 15:12:00,27.2,67,100.60,0.00,2,0.00,20.5,27.0,22.5
2026-05-25 15:18:00,27.3,90,100.60,0.00,2,0.00,25.5,29.7,25.9
2026-05-25 15:23:00,27.3,100,100.60,0.00,2,0.00,27.3,30.9,27.4
2026-05-25 15:29:00,27.4,68,100.60,0.00,2,0.00,20.7,27.3,22.7
2026-05-25 15:35:00,27.5,74,100.60,0.00,2,0.00,22.5,28.2,23.9
2026-05-25 15:40:00,27.4,68,100.60,0.00,2,0.00,20.7,27.3,22.7
2026-05-25 15:46:00,27.4,86,100.60,0.00,2,0.00,24.8,29.4,25.5
2026-05-25 15:52:00,27.5,68,100.60,0.00,2,0.00,20.8,27.5,22.8
2026-05-25 15:57:00,27.5,100,100.60,0.00,2,0.00,27.5,31.7,27.6
2026-05-25 16:03:00,27.5,96,100.60,0.00,2,0.00,26.6,31.0,26.9
2026-05-25 16:09:00,27.4,100,100.60,0.00,2,0.00,27.4,31.3,27.5
2026-05-25 16:14:00,27.2,83,100.60,0.00,2,0.00,24.1,28.6,24.9
2026-05-25 16:20:00,27.1,68,100.60,0.00,2,0.00,20.7,26.9,22.6
2026-05-25 16:26:00,27.2,90,100.60,0.00,2,0.00,25.4,29.4,25.8
2026-05-25 16:31:00,27.4,72,100.60,0.00,2,0.00,21.9,27.8,23.5
2026-05-25 16:37:00,27.6,88,100.60,0.00,2,0.00,25.4,30.3,26.0
2026-05-25 16:43:00,27.8,82,100.60,0.00,2,0.00,24.2,29.8,25.2
2026-05-25 16:48:00,27.9,100,100.60,0.00,2,0.00,27.9,33.2,27.9
2026-05-25 16:54:00,28.0,100,100.60,0.00,2,0.00,28.0,33.6,28.0
2026-05-25 17:00:00,27.9,100,100.60,0.00,2,0.00,27.9,33.2,27.9
2026-05-25 17:05:00,27.8,98,100.60,0.00,2,0.00,27.3,32.4,27.4
2026-05-25 17:11:00,27.7,68,100.60,0.00,2,0.00,21.3,27.9,23.2
2026-05-25 17:17:00,27.8,100,100.60,0.00,2,0.00,27.8,32.8,27.9
2026-05-25 17:22:00,27.9,100,100.60,0.00,2,0.00,27.9,33.2,27.9
2026-05-25 17:28:00,27.9,100,100.60,0.00,2,0.00,27.9,33.2,28.0
2026-05-25 17:34:00,27.9,100,100.60,0.00,2,0.00,27.9,33.2,28.0
2026-05-25 17:39:00,27.9,100,100.60,0.00,2,0.00,27.9,33.2,27.9
2026-05-25 17:45:00,27.9,88,100.60,0.00,0,0.00,25.5,31.0,26.1
2026-05-25 18:54:00,29.0,89,100.30,1.10,3,0.00,26.8,34.8,9.6
2026-05-25 19:45:00,28.9,89,100.30,0.00,20,0.00,26.7,34.4,15.0
2026-05-25 20:19:00,28.9,88,100.30,0.00,20,0.00,19.8,34.2,21.5
2026-05-25 20:31:00,28.8,89,100.30,1.10,20,0.00,26.6,34.1,27.2
2026-05-25 20:42:00,28.7,94,100.30,0.00,60,0.00,27.4,34.9,27.8
2026-05-25 20:48:00,28.7,89,100.40,1.10,60,0.00,26.5,33.8,27.1
2026-05-25 20:49:00,28.8,89,100.40,0.00,60,0.00,26.6,34.1,27.1
2026-05-25 20:50:00,28.7,94,100.40,0.00,60,0.00,27.5,34.9,27.8
2026-05-25 20:51:00,28.7,93,100.40,0.00,60,0.00,27.2,34.7,27.6
2026-05-25 20:52:00,28.7,91,100.40,0.00,60,0.00,26.9,34.2,27.3
2026-05-25 20:53:00,28.7,93,100.40,0.00,60,0.20,27.3,34.7,27.6
2026-05-25 20:54:00,28.7,88,100.40,0.00,60,0.00,26.3,33.5,26.9
2026-05-25 20:55:00,28.7,90,100.40,0.00,60,0.00,26.7,34.0,27.2
2026-05-25 20:56:00,28.7,89,100.40,0.00,60,0.00,26.5,33.8,27.1
2026-05-25 20:57:00,28.7,92,100.40,0.00,62,0.00,27.1,34.4,27.5
2026-05-25 20:58:00,29.7,81,100.40,0.00,74,0.00,25.9,35.0,26.9
2026-05-25 20:59:00,30.6,81,100.40,0.00,206,0.00,26.7,37.9,27.7
2026-05-25 21:00:00,30.9,92,100.40,0.00,51,0.00,29.2,43.1,29.6
2026-05-25 21:01:00,30.8,92,100.40,0.00,51,0.00,29.2,42.7,29.6
2026-05-25 21:02:00,30.9,90,100.40,0.00,209,0.00,28.8,42.3,29.3
2026-05-25 21:03:00,30.6,92,100.40,0.00,220,0.00,29.0,41.9,29.4
2026-05-25 21:04:00,30.3,87,100.40,0.00,272,0.00,27.6,38.9,28.3
2026-05-25 21:05:00,29.9,93,100.40,0.00,11,0.00,28.5,39.3,28.8
2026-05-25 21:06:00,29.7,87,100.40,0.00,11,0.00,27.1,36.7,27.7
2026-05-25 21:07:00,29.5,88,100.40,0.00,11,0.00,27.1,36.3,27.7
2026-05-25 21:08:00,29.3,93,100.40,0.00,11,0.00,27.9,36.9,28.3
2026-05-25 21:09:00,29.2,88,100.40,0.00,11,0.00,26.8,35.2,27.4
2026-05-25 21:10:00,29.1,89,100.40,0.00,9,0.00,26.9,35.1,27.5
2026-05-25 21:11:00,29.1,86,100.40,0.00,65,0.00,26.3,34.4,27.0
2026-05-25 21:12:00,29.0,89,100.40,0.00,66,0.00,26.8,34.8,27.3
2026-05-25 21:13:00,28.9,88,100.40,0.00,63,0.00,26.5,34.2,27.1
2026-05-25 21:14:00,28.9,87,100.40,0.00,57,0.00,26.3,34.0,27.0
2026-05-25 21:15:00,28.9,88,100.40,0.00,65,0.00,26.5,34.2,27.1
2026-05-25 21:16:00,28.8,93,100.40,0.00,65,0.00,27.4,35.0,27.8
2026-05-25 21:17:00,28.8,88,100.40,0.00,59,0.00,26.4,33.9,27.0
2026-05-25 21:18:00,28.7,91,100.40,0.00,65,0.00,26.9,34.2,27.3
2026-05-25 21:21:00,28.6,92,100.40,0.00,65,0.00,27.0,34.1,27.4
2026-05-25 21:22:00,28.6,91,100.40,0.00,65,0.00,26.8,33.9,27.3
2026-05-25 21:23:00,28.6,93,100.40,0.00,65,0.00,27.2,34.3,27.5
2026-05-25 21:24:00,28.6,87,100.40,0.00,65,0.00,26.0,33.0,26.7
2026-05-25 21:25:00,28.6,93,100.40,0.00,65,0.00,27.2,34.3,27.5
2026-05-25 21:26:00,28.6,89,100.40,0.00,60,0.00,26.4,33.4,26.9
2026-05-25 21:27:00,28.6,88,100.40,0.00,56,0.00,26.2,33.2,26.8
2026-05-25 21:28:00,28.6,93,100.40,0.00,65,0.00,27.1,34.3,27.5
2026-05-25 21:29:00,28.6,88,100.40,0.00,65,0.00,26.2,33.2,26.8
2026-05-25 21:30:00,28.6,87,100.40,0.00,57,0.00,26.0,33.0,26.6
2026-05-25 21:31:00,28.5,88,100.40,0.00,63,0.00,26.2,32.9,26.7
2026-05-25 21:32:00,28.5,93,100.40,0.00,65,0.00,27.1,34.0,27.4
2026-05-25 21:33:00,28.5,88,100.40,0.00,65,0.00,26.1,32.9,26.7
2026-05-25 21:34:00,28.5,92,100.40,0.00,65,0.00,26.9,33.7,27.3
2026-05-25 21:35:00,28.5,91,100.40,0.00,137,0.00,26.7,33.5,27.2
2026-05-25 21:36:00,28.5,86,100.40,0.00,150,0.00,25.7,32.5,26.4
2026-05-25 21:37:00,28.5,93,100.40,0.00,164,0.00,27.1,34.0,27.4
2026-05-25 21:38:00,28.5,88,100.40,0.00,144,0.00,26.1,32.9,26.7
2026-05-25 21:39:00,28.5,88,100.40,0.00,147,0.00,26.1,32.9,26.7
2026-05-25 21:40:00,28.5,87,100.40,0.00,150,0.00,25.9,32.7,26.6
2026-05-25 21:41:00,28.5,88,100.40,0.00,147,0.00,26.1,32.9,26.7
2026-05-25 21:42:00,28.5,89,100.40,0.00,147,0.00,26.3,33.1,26.8
2026-05-25 21:43:00,28.5,89,100.40,0.00,156,0.00,26.3,33.1,26.8
2026-05-25 21:44:00,28.5,87,100.40,0.00,156,0.00,25.9,32.7,26.5
2026-05-25 21:45:00,28.5,93,100.40,0.00,140,0.00,27.0,34.0,27.4
2026-05-25 21:46:00,28.5,88,100.40,0.00,141,0.00,26.1,32.9,26.7
2026-05-25 21:47:00,28.4,89,100.40,0.00,140,0.00,26.2,32.8,26.8
2026-05-25 21:48:00,28.4,94,100.40,0.00,141,0.00,27.2,33.8,27.5
2026-05-25 21:49:00,28.4,93,100.40,0.00,140,0.10,27.0,33.6,27.4
2026-05-25 21:50:00,28.5,93,100.40,0.00,141,0.00,27.0,34.0,27.4
2026-05-25 21:51:00,28.5,91,100.40,0.00,141,0.00,26.7,33.5,27.1
2026-05-25 21:52:00,28.5,91,100.40,0.00,141,0.00,26.7,33.5,27.1
2026-05-25 21:53:00,28.5,88,100.40,0.00,141,0.00,26.1,32.9,26.7
2026-05-25 21:54:00,28.5,93,100.40,0.00,141,0.00,27.0,34.0,27.4
2026-05-25 21:56:00,28.4,88,100.40,0.00,141,0.00,26.1,32.6,26.7
2026-05-25 21:57:00,28.4,87,100.40,0.00,143,0.00,25.8,32.4,26.5
2026-05-25 21:58:00,28.4,87,100.40,0.00,143,0.00,25.8,32.4,26.5
2026-05-25 21:59:00,28.4,94,100.40,0.00,144,0.00,27.2,33.8,27.5
2026-05-25 22:00:00,28.4,94,100.40,0.00,143,0.00,27.2,33.8,27.5
2026-05-25 22:02:00,28.4,93,100.40,0.00,144,0.00,27.0,33.6,27.3
2026-05-25 22:03:00,28.4,88,100.40,0.00,144,0.00,26.0,32.6,26.6
2026-05-25 22:04:00,28.4,89,100.40,0.00,144,0.00,26.2,32.8,26.7
2026-05-25 22:06:00,28.3,92,100.40,0.00,144,0.00,26.7,33.0,27.1
2026-05-25 22:08:00,28.3,87,100.40,0.00,144,0.00,25.7,32.1,26.4
2026-05-25 22:09:00,28.3,87,100.40,0.00,140,0.00,25.7,32.1,26.4
2026-05-25 22:10:00,28.3,87,100.40,0.00,140,0.00,25.8,32.1,26.4
2026-05-25 22:11:00,28.3,92,100.40,0.00,141,0.00,26.7,33.0,27.1
2026-05-25 22:18:00,28.3,92,100.30,1.00,141,0.00,26.7,33.0,27.1
2026-05-25 22:33:00,28.2,100,100.30,1.00,30,0.00,28.2,34.4,28.2
2026-05-25 22:48:00,27.9,100,100.30,0.00,0,0.00,27.7,33.1,27.8
2026-05-25 23:03:00,27.9,100,100.30,0.00,0,0.00,27.9,33.2,27.9
2026-05-25 23:18:00,27.9,76,100.20,0.00,0,0.00,23.0,29.2,24.4
2026-05-25 23:33:00,27.8,100,100.20,0.00,0,0.00,27.8,32.8,27.9
2026-05-25 23:48:00,27.8,100,100.30,0.00,0,0.00,27.8,32.8,27.9
2026-05-26 00:03:00,27.8,78,100.20,0.00,0,0.00,23.3,29.3,24.5
2026-05-26 00:18:00,27.8,100,100.20,0.00,0,0.00,27.7,32.8,27.8
2026-05-26 00:33:00,27.7,90,100.20,0.00,0,0.00,25.9,30.9,26.3
2026-05-26 00:48:00,27.6,100,100.20,0.00,0,0.00,27.6,32.1,27.6
2026-05-26 01:03:00,27.6,78,100.10,0.00,0,0.00,23.4,28.9,24.5
2026-05-26 01:18:00,27.5,68,100.10,0.00,0,0.00,20.8,27.5,22.8
2026-05-26 01:33:00,27.5,66,100.10,0.00,0,0.00,20.5,27.4,22.6
2026-05-26 01:48:00,27.4,88,100.10,0.00,0,0.00,25.1,29.6,25.7
2026-05-26 02:03:00,27.4,76,100.10,0.00,0,0.00,22.8,28.2,24.0
2026-05-26 02:18:00,27.4,100,100.10,0.00,0,0.00,27.4,31.3,27.4
2026-05-26 02:33:00,27.3,72,100.10,0.00,0,0.00,21.6,27.5,23.2
2026-05-26 02:48:00,27.3,100,100.10,0.00,0,0.00,27.3,30.9,27.4
2026-05-26 03:03:00,27.3,92,100.00,0.00,0,0.00,25.7,29.8,26.1
2026-05-26 03:18:00,27.3,100,100.00,0.00,0,0.00,27.3,30.9,27.4
2026-05-26 03:33:00,27.3,64,100.00,0.00,0,0.00,19.6,26.8,22.0
2026-05-26 03:48:00,27.3,100,100.00,0.00,0,0.00,27.3,30.9,27.3
2026-05-26 04:03:00,27.3,84,100.00,0.00,0,0.00,24.1,28.8,25.0
2026-05-26 04:18:00,27.3,66,100.00,0.00,0,0.00,20.4,27.0,22.5
2026-05-26 04:33:00,27.3,68,100.00,0.00,0,0.00,20.6,27.1,22.6
2026-05-26 04:48:00,27.3,72,100.00,0.00,0,0.00,21.8,27.6,23.4
2026-05-26 05:03:00,27.3,90,100.00,0.00,0,0.00,25.3,29.5,25.8
2026-05-26 05:18:00,27.4,82,100.00,0.00,0,0.00,24.0,28.9,24.9
2026-05-26 05:33:00,27.4,88,100.10,0.00,0,0.00,25.0,29.6,25.6
2026-05-26 05:48:00,27.3,90,100.20,0.00,0,0.00,25.4,29.5,25.9
2026-05-26 06:03:00,27.5,88,100.10,0.00,0,0.00,25.3,30.0,25.8
2026-05-26 06:18:00,27.5,98,100.20,0.00,0,0.00,27.0,31.3,27.2
2026-05-26 06:33:00,27.5,100,100.20,0.00,0,0.00,27.5,31.7,27.6
2026-05-26 06:48:00,27.5,62,100.20,0.00,0,0.00,19.6,27.0,22.1
2026-05-26 07:03:00,27.6,96,100.20,0.00,0,0.00,26.9,31.5,27.1
2026-05-26 07:18:00,27.6,78,100.20,0.00,0,0.00,23.2,28.8,24.4
2026-05-26 07:33:00,27.6,70,100.20,0.00,0,0.00,21.4,27.9,23.2
2026-05-26 07:48:00,27.9,69,100.20,0.00,0,0.00,21.5,28.3,23.4
2026-05-26 08:03:00,28.0,85,100.20,0.00,0,0.00,25.1,30.8,25.8
2026-05-26 08:18:00,28.2,96,100.20,0.00,0,0.00,27.3,33.5,27.6
2026-05-26 08:33:00,28.1,70,100.20,0.00,0,0.00,21.9,28.8,23.7
2026-05-26 08:48:00,28.1,100,100.20,0.00,0,0.00,28.1,34.0,28.2
2026-05-26 09:03:00,27.9,100,100.10,0.00,0,0.00,27.9,33.2,27.9
2026-05-26 09:18:00,27.8,64,100.20,0.00,0,0.00,20.0,27.5,22.4
2026-05-26 09:33:00,27.8,87,100.20,0.00,0,0.00,25.2,30.6,25.8
2026-05-26 09:48:00,28.2,65,100.20,0.00,0,0.00,20.8,28.3,23.0
2026-05-26 10:03:00,27.6,100,100.20,0.00,0,0.00,27.6,32.1,27.7
2026-05-26 10:18:00,27.6,60,100.10,0.00,0,0.00,19.2,26.9,21.9
2026-05-26 10:33:00,27.6,60,100.10,0.00,0,0.00,19.1,26.9,21.8
2026-05-26 10:48:00,27.5,84,100.10,0.00,0,0.00,24.6,29.5,25.3
2026-05-26 11:03:00,28.0,100,100.10,0.00,0,0.00,28.0,33.6,28.0
2026-05-26 11:18:00,28.0,79,100.10,0.00,0,0.00,23.8,29.9,24.9
2026-05-26 11:33:00,28.1,78,100.10,0.00,0,0.00,23.7,30.0,24.9
2026-05-26 11:48:00,27.9,87,100.10,0.00,0,0.00,25.3,30.9,25.9
2026-05-26 12:03:00,28.2,94,100.10,0.00,0,0.00,27.0,33.1,27.3
2026-05-26 12:18:00,28.7,67,100.10,0.00,0,0.00,21.7,29.5,23.8
2026-05-26 12:33:00,29.0,100,100.10,0.00,0,0.00,29.0,37.7,29.0
2026-05-26 12:48:00,30.1,77,100.10,0.00,0,0.00,25.4,35.1,26.6
2026-05-26 13:03:00,29.8,100,100.10,0.00,0,0.00,29.8,41.3,29.9
2026-05-26 13:18:00,30.0,72,100.10,0.00,0,0.00,24.2,33.5,25.8
2026-05-26 13:33:00,30.3,81,100.00,0.00,0,0.00,26.4,36.9,27.4
2026-05-26 13:48:00,30.5,71,100.00,0.00,0,0.00,24.4,34.6,26.0
2026-05-26 14:03:00,30.5,100,100.00,0.00,0,0.00,30.5,44.6,30.6
2026-05-26 14:18:00,31.1,94,100.00,0.00,0,0.00,29.8,44.9,30.2
2026-05-26 14:33:00,30.9,100,100.00,0.00,0,0.00,30.9,45.0,30.9
2026-05-26 14:48:00,30.2,100,100.00,0.00,0,0.00,30.2,43.1,30.3
2026-05-26 15:03:00,30.4,100,100.00,0.00,0,0.00,30.4,44.1,30.5
2026-05-26 15:18:00,30.3,100,100.00,0.00,0,0.00,30.3,43.6,30.4
2026-05-26 15:33:00,30.5,73,100.00,0.00,0,0.00,24.9,35.2,26.4
2026-05-26 15:48:00,30.0,71,100.00,0.00,0,0.00,24.0,33.3,25.6
2026-05-26 16:03:00,30.5,76,100.00,0.00,0,0.00,25.5,36.0,26.8
2026-05-26 16:18:00,30.4,100,100.00,0.00,0,0.00,30.4,44.1,30.5
2026-05-26 16:33:00,30.5,78,100.00,0.00,0,0.00,26.0,36.6,27.2
2026-05-26 16:48:00,30.9,100,100.00,0.00,0,0.00,30.9,45.0,31.0
2026-05-26 17:03:00,30.5,100,100.00,0.00,0,0.00,30.5,44.6,30.6
2026-05-26 17:18:00,30.7,74,100.00,0.00,0,0.00,25.3,36.0,26.8
2026-05-26 17:33:00,30.3,100,100.00,0.00,0,0.00,30.3,43.6,30.4
2026-05-26 17:48:00,30.5,100,100.00,0.00,0,0.00,30.5,44.6,30.6
2026-05-26 18:03:00,30.4,100,100.10,0.00,0,0.00,30.4,44.1,30.5
2026-05-26 18:18:00,30.4,94,100.10,0.00,0,0.00,29.1,41.8,29.4
2026-05-26 18:33:00,29.4,73,100.10,0.00,0,0.00,23.8,32.2,25.4
2026-05-26 18:48:00,29.6,84,100.10,1.00,99,0.00,26.4,35.5,27.2
2026-05-26 18:45:00,29.5,91,100.20,1.10,299,0.00,27.7,37.1,28.2
2026-05-26 18:46:00,29.5,92,100.20,0.00,340,0.00,27.9,37.4,28.3
2026-05-26 18:47:00,29.5,89,100.20,0.00,50,0.00,27.3,36.5,27.8
2026-05-26 18:48:00,29.5,88,100.20,0.00,341,0.00,27.1,36.3,27.7
2026-05-26 18:49:00,29.4,92,100.20,0.00,68,0.00,27.8,37.0,28.2
2026-05-26 18:50:00,29.4,88,100.20,0.00,117,0.00,27.0,35.9,27.6
2026-05-26 18:51:00,29.4,92,100.20,0.00,326,0.00,27.8,37.0,28.2
2026-05-26 18:52:00,29.4,92,100.20,0.00,308,0.00,27.8,37.0,28.2
2026-05-26 18:53:00,29.4,91,100.20,0.00,355,0.00,27.6,36.7,28.0
2026-05-26 18:54:00,29.4,88,100.20,0.00,332,0.00,27.0,35.9,27.6
2026-05-26 18:55:00,29.4,92,100.20,0.00,296,0.00,27.7,37.0,28.1
2026-05-26 18:56:00,29.3,88,100.20,0.00,307,0.00,26.9,35.6,27.5
2026-05-26 18:57:00,29.3,93,100.20,0.00,292,0.00,27.9,36.9,28.2
2026-05-26 18:58:00,29.3,91,100.20,0.00,304,0.00,27.5,36.4,28.0
2026-05-26 19:01:00,29.3,90,100.20,0.00,301,0.00,27.3,36.1,27.8
2026-05-26 19:02:00,29.3,88,100.20,0.00,308,0.00,26.9,35.6,27.5
2026-05-26 19:03:00,29.3,89,100.20,0.00,310,0.00,27.1,35.8,27.6
2026-05-26 19:04:00,29.3,94,100.20,0.00,326,0.00,28.0,37.2,28.3
2026-05-26 19:05:00,29.3,94,100.20,0.00,352,0.00,28.0,37.2,28.3
2026-05-26 19:06:00,29.3,94,100.20,0.00,353,0.00,28.0,37.2,28.3
2026-05-26 19:07:00,29.2,94,100.20,0.00,296,0.00,28.0,36.8,28.3
2026-05-26 19:08:00,29.3,89,100.20,0.00,38,0.00,27.1,35.8,27.6
2026-05-26 19:09:00,29.3,90,100.20,0.00,15,0.00,27.3,36.1,27.8
2026-05-26 19:10:00,29.3,96,100.20,0.00,310,0.00,28.4,37.8,28.6
2026-05-26 19:11:00,29.3,88,100.20,0.00,188,0.00,26.9,35.6,27.5
2026-05-26 19:12:00,29.3,92,100.20,0.00,32,0.00,27.6,36.6,28.0
2026-05-26 19:13:00,29.3,94,100.20,0.00,195,0.00,28.0,37.2,28.3
2026-05-26 19:14:00,29.3,96,100.20,0.00,3,0.00,28.4,37.8,28.6
2026-05-26 19:15:00,29.3,92,100.20,0.00,221,0.00,27.7,36.6,28.1
2026-05-26 19:16:00,29.3,96,100.20,0.00,102,0.00,28.5,37.8,28.7
2026-05-26 19:17:00,29.4,91,100.30,0.00,59,0.00,27.6,36.7,28.0
2026-05-26 19:18:00,29.4,90,100.30,0.00,281,0.00,27.4,36.5,27.9
2026-05-26 19:19:00,29.4,97,100.20,0.00,0,0.00,28.7,38.5,28.9
2026-05-26 19:20:00,29.5,91,100.30,0.00,304,0.00,27.6,37.1,28.1
2026-05-26 19:21:00,29.5,92,100.30,0.00,4,0.00,27.8,37.4,28.3
2026-05-26 19:22:00,29.5,91,100.30,0.00,60,0.00,27.7,37.1,28.1
2026-05-26 19:23:00,29.5,94,100.30,0.00,35,0.00,28.3,38.0,28.6
2026-05-26 19:24:00,29.5,89,100.30,0.00,39,0.00,27.3,36.5,27.8
2026-05-26 19:25:00,29.5,97,100.30,0.00,20,0.00,28.8,38.9,29.0
2026-05-26 19:26:00,29.5,96,100.30,0.00,158,0.00,28.6,38.6,28.9
2026-05-26 19:27:00,29.5,94,100.30,0.00,152,0.00,28.2,38.0,28.6
2026-05-26 19:28:00,29.5,94,100.30,0.00,177,0.00,28.3,38.0,28.6
2026-05-26 19:29:00,29.5,95,100.30,0.00,111,0.00,28.4,38.3,28.7
2026-05-26 19:30:00,29.5,88,100.30,0.00,107,0.00,27.1,36.3,27.7
2026-05-26 19:31:00,29.5,95,100.30,0.00,77,0.00,28.4,38.3,28.7
2026-05-26 19:32:00,29.5,94,100.30,0.00,92,0.00,28.2,38.0,28.6
2026-05-26 19:33:00,29.5,94,100.30,0.00,83,0.00,28.2,38.0,28.5
2026-05-26 19:34:00,29.5,90,100.30,0.00,92,0.00,27.5,36.8,28.0
2026-05-26 19:35:00,29.4,96,100.30,0.00,2,0.00,28.6,38.2,28.8
2026-05-26 19:36:00,29.5,96,100.30,1.10,9,0.00,28.6,38.6,28.9
2026-05-26 19:39:00,29.6,93,100.30,0.00,0,0.00,28.1,38.1,28.5
2026-05-26 19:40:00,29.7,88,100.30,0.00,0,0.00,27.3,37.0,27.9
2026-05-26 19:41:00,29.7,86,100.30,0.00,3,0.00,26.9,36.4,27.6
2026-05-26 19:42:00,29.8,87,100.30,0.00,3,0.00,27.2,37.0,27.8
2026-05-26 19:43:00,29.8,95,100.30,0.00,3,0.00,28.7,39.6,29.0
2026-05-26 19:44:00,29.8,90,100.30,0.00,3,0.00,27.7,38.0,28.2
2026-05-26 19:45:00,29.8,87,100.30,0.00,3,0.00,27.2,37.0,27.8
2026-05-26 19:46:00,29.8,87,100.30,0.00,3,0.00,27.2,37.0,27.8
2026-05-26 19:47:00,29.8,93,100.30,0.00,3,0.00,28.3,38.9,28.7
2026-05-26 19:49:00,29.7,93,100.30,0.00,3,0.00,28.3,38.5,28.7
2026-05-26 19:50:00,29.8,98,100.30,1.10,3,0.00,29.2,40.6,29.4
2026-05-26 19:51:00,29.8,83,100.30,1.10,3,0.00,26.4,35.9,27.2
2026-05-26 19:52:00,29.8,96,100.30,1.10,3,0.00,28.9,39.9,29.1
2026-05-26 19:53:00,29.8,94,100.30,0.00,3,0.00,28.6,39.2,28.9
2026-05-26 19:54:00,29.8,93,100.30,0.00,3,0.00,28.4,38.9,28.7
2026-05-26 19:55:00,29.8,94,100.30,0.00,3,0.00,28.5,39.2,28.8
2026-05-26 19:56:00,29.8,96,100.30,1.10,3,0.00,28.9,39.9,29.1
2026-05-26 19:57:00,29.7,85,100.30,0.00,3,0.00,26.7,36.1,27.5
2026-05-26 19:59:00,29.8,92,100.30,0.00,3,0.00,28.1,38.6,28.5
2026-05-26 20:00:00,29.7,88,100.30,0.00,3,0.00,27.3,37.0,27.9
2026-05-26 20:01:00,29.7,88,100.30,0.00,3,0.00,27.3,37.0,27.9
2026-05-26 20:02:00,29.7,92,100.30,0.00,3,0.00,28.1,38.2,28.5
2026-05-26 20:03:00,29.7,86,100.30,0.00,3,0.00,26.9,36.4,27.6
2026-05-26 20:04:00,29.7,93,100.30,0.00,3,0.00,28.3,38.5,28.6
2026-05-26 20:05:00,29.7,87,100.30,0.00,3,0.00,27.1,36.7,27.7
2026-05-26 20:06:00,29.7,87,100.30,0.00,3,0.00,27.1,36.7,27.7
2026-05-26 20:07:00,29.7,96,100.30,1.10,3,0.00,28.8,39.5,29.1
2026-05-26 20:09:00,29.6,90,100.30,0.00,3,0.00,27.6,37.2,28.1
2026-05-26 20:10:00,29.6,87,100.30,0.00,3,0.00,27.0,36.3,27.6
2026-05-26 20:11:00,29.6,94,100.30,0.00,3,0.00,28.3,38.4,28.7
2026-05-26 20:12:00,29.6,92,100.30,0.00,3,0.00,27.9,37.8,28.3
2026-05-26 20:13:00,29.5,86,100.30,0.00,3,0.00,26.7,35.7,27.4
2026-05-26 20:14:00,29.5,89,100.30,0.00,3,0.00,27.3,36.5,27.8
2026-05-26 20:15:00,29.5,93,100.30,0.00,3,0.00,28.0,37.7,28.4
2026-05-26 20:16:00,29.4,94,100.30,0.00,3,0.00,28.2,37.6,28.5
2026-05-26 20:17:00,29.4,87,100.30,0.00,3,0.00,26.8,35.6,27.5
2026-05-26 20:18:00,29.4,92,100.30,0.00,3,0.00,27.8,37.0,28.2
2026-05-26 20:19:00,29.4,92,100.30,0.00,3,0.00,27.8,37.0,28.2
2026-05-26 20:20:00,29.4,94,100.30,0.00,3,0.00,28.1,37.6,28.5
2026-05-26 20:21:00,29.4,86,100.30,0.00,3,0.00,26.6,35.4,27.3
2026-05-26 20:47:00,29.6,87,100.40,0.00,347,0.00,27.0,36.3,27.7
2026-05-26 20:55:00,29.4,72,100.40,0.00,57,0.00,23.6,32.0,25.2
2026-05-26 20:56:00,29.3,70,100.40,0.00,104,0.00,23.1,31.4,24.8
2026-05-26 20:57:00,29.3,68,100.40,0.00,110,0.00,22.5,31.0,24.5
2026-05-26 21:47:00,28.9,72,100.40,0.00,290,0.00,23.1,30.8,24.7
2026-05-26 21:48:00,28.9,75,100.40,0.00,263,0.00,23.8,31.4,25.2
2026-05-26 21:49:00,28.9,67,100.40,0.00,256,0.00,21.9,29.9,24.0
2026-05-26 21:50:00,28.9,75,100.40,0.00,268,0.00,23.8,31.4,25.2
2026-05-26 21:51:00,28.9,63,100.40,0.00,254,0.00,20.9,29.3,23.4
2026-05-26 22:30:00,28.3,92,100.40,0.00,5,0.00,26.7,33.0,27.1
2026-05-26 22:43:00,28.4,94,100.40,0.00,313,0.00,27.1,33.8,27.4
2026-05-26 22:57:00,28.3,87,100.40,0.00,334,0.00,25.8,32.1,26.4
2026-05-26 23:11:00,28.4,95,100.40,1.00,344,0.00,27.3,34.0,27.6
2026-05-26 23:24:00,28.3,100,100.40,1.00,83,0.00,28.3,34.8,28.3
2026-05-26 23:38:00,28.4,100,100.40,0.00,5,0.00,28.4,35.2,28.5
2026-05-26 23:52:00,28.3,98,100.40,0.00,349,0.00,27.8,34.3,28.0
2026-05-27 00:05:00,28.4,66,100.40,0.00,320,0.00,21.1,28.8,23.3
2026-05-27 00:19:00,28.1,100,100.40,0.00,98,0.00,28.1,34.0,28.2
2026-05-27 00:33:00,28.1,100,100.40,0.00,63,0.00,28.1,34.0,28.1
2026-05-27 00:46:00,27.9,57,100.40,0.00,6,0.00,18.3,26.9,21.5
2026-05-27 01:00:00,27.9,100,100.40,0.00,72,0.00,27.9,33.2,28.0
2026-05-27 01:14:00,27.9,60,100.40,0.00,107,0.00,19.1,27.3,21.9
2026-05-27 01:27:00,27.8,70,100.40,0.00,83,0.00,21.6,28.2,23.4
2026-05-27 01:41:00,27.8,90,100.40,0.00,101,0.00,25.8,31.0,26.3
2026-05-27 01:55:00,27.7,98,100.40,1.00,280,0.00,27.3,32.2,27.5
2026-05-27 02:08:00,27.7,100,100.40,0.00,278,0.00,27.6,32.4,27.6
2026-05-27 02:22:00,27.7,94,100.40,0.00,277,0.00,26.5,31.4,26.8
2026-05-27 02:36:00,27.6,100,100.40,0.00,311,0.00,27.6,32.1,27.7
2026-05-27 02:49:00,27.6,96,100.40,0.00,280,0.00,26.9,31.5,27.1
2026-05-27 03:03:00,27.4,98,100.40,0.00,274,0.00,26.8,30.9,27.0
2026-05-27 03:17:00,27.3,100,100.40,0.00,290,0.00,27.3,30.9,27.3
2026-05-27 03:30:00,27.0,100,100.50,0.00,283,0.00,27.0,29.8,27.1
2026-05-27 03:44:00,27.2,68,100.50,0.00,247,0.00,20.8,27.1,22.7
2026-05-27 03:58:00,27.2,100,100.50,0.00,293,0.00,27.2,30.6,27.3
2026-05-27 04:12:00,27.1,67,100.50,0.00,248,0.00,20.4,26.8,22.4
2026-05-27 04:25:00,27.1,53,100.50,0.00,235,0.00,16.7,25.7,20.3
2026-05-27 04:39:00,27.2,100,100.50,0.00,313,0.00,27.2,30.6,27.2
2026-05-27 04:53:00,27.1,59,100.50,0.00,236,0.00,18.4,26.2,21.2
2026-05-27 05:06:00,27.2,77,100.50,0.00,257,0.00,22.8,27.9,24.0
2026-05-27 05:20:00,27.3,60,100.50,0.00,239,0.00,18.8,26.5,21.5
2026-05-27 05:34:00,27.2,59,100.60,0.00,253,0.00,18.5,26.3,21.3
2026-05-27 05:47:00,27.1,82,100.60,0.00,283,0.00,23.7,28.2,24.6
2026-05-27 06:01:00,26.8,100,100.60,0.00,311,0.00,26.8,24.8,26.9
2026-05-27 06:15:00,26.9,100,100.60,1.00,12,0.00,26.9,24.9,27.0
2026-05-27 06:28:00,27.0,55,100.60,0.00,304,0.00,17.2,25.8,2.5
2026-05-27 06:42:00,27.1,100,100.60,0.00,66,0.00,27.1,30.2,27.2
2026-05-27 06:56:00,27.2,100,100.60,0.00,75,0.00,27.2,30.6,27.3
2026-05-27 07:09:00,27.4,58,100.70,0.00,11,0.00,18.3,26.5,21.3
2026-05-27 07:23:00,27.8,98,100.70,0.00,183,0.00,27.2,32.4,27.4
2026-05-27 07:37:00,27.8,65,100.70,0.00,36,0.00,20.4,27.6,22.6
2026-05-27 07:50:00,28.3,88,100.70,0.00,168,0.00,25.9,32.3,26.5
2026-05-27 08:04:00,28.5,85,100.70,0.00,227,0.00,25.6,32.3,26.3
2026-05-27 08:18:00,28.6,100,100.70,0.00,233,0.00,28.6,36.0,28.7
2026-05-27 08:31:00,28.9,67,100.70,0.00,168,0.00,21.9,29.9,23.9
2026-05-27 08:45:00,29.9,60,100.70,0.00,188,0.00,21.0,30.6,23.7
2026-05-27 08:59:00,29.8,61,100.70,0.00,203,0.00,21.1,30.6,23.8
2026-05-27 09:12:00,30.3,100,100.70,0.00,271,0.00,30.3,43.6,30.4
2026-05-27 09:26:00,29.8,100,100.70,0.00,239,0.00,29.8,41.3,29.9
2026-05-27 09:40:00,29.4,100,100.70,0.00,220,0.00,29.4,39.5,29.5
2026-05-27 09:54:00,28.9,100,100.70,0.00,161,0.00,28.9,37.3,28.9
2026-05-27 10:07:00,29.2,65,100.70,0.00,161,0.00,21.6,30.2,23.9
2026-05-27 10:21:00,30.3,88,100.70,0.00,275,0.00,27.8,39.2,28.4
2026-05-27 10:35:00,30.4,69,100.70,0.00,141,0.00,23.8,33.8,25.6
2026-05-27 10:48:00,29.2,77,100.70,0.00,147,0.00,24.5,32.6,25.8
2026-05-27 11:02:00,29.8,83,100.70,0.00,201,0.00,26.4,35.9,27.2
2026-05-27 11:16:00,29.8,100,100.70,0.00,143,0.00,29.8,41.3,29.9
2026-05-27 11:29:00,29.2,59,100.70,0.00,198,0.00,20.0,29.2,22.9
2026-05-27 11:43:00,30.9,100,100.70,0.00,298,0.00,30.9,45.0,31.0
2026-05-27 11:57:00,31.4,100,100.70,0.00,331,0.00,31.4,45.0,31.4
2026-05-27 12:10:00,31.2,100,100.70,0.00,253,0.00,31.2,45.0,31.3
2026-05-27 12:24:00,31.9,59,100.70,0.00,272,0.00,22.6,34.7,25.3
2026-05-27 12:38:00,30.9,71,100.70,0.00,280,0.00,24.8,35.7,26.4
2026-05-27 12:51:00,31.3,100,100.70,0.00,298,0.00,31.3,45.0,31.3
2026-05-27 13:05:00,31.4,95,100.70,0.00,280,0.00,30.4,45.0,30.6
2026-05-27 13:19:00,31.4,57,100.70,0.00,200,0.00,21.6,33.0,24.6
2026-05-27 13:32:00,31.3,58,100.70,0.00,244,0.00,21.8,33.0,24.7
2026-05-27 13:46:00,31.1,58,100.60,0.00,215,0.00,21.6,32.6,24.5
2026-05-27 14:00:00,30.8,57,100.60,0.00,131,0.00,21.0,31.8,24.0
2026-05-27 14:13:00,30.6,100,100.60,0.00,242,0.00,30.6,45.0,30.7
2026-05-27 14:27:00,30.9,61,100.60,0.00,247,0.00,22.2,32.9,24.8
2026-05-27 14:41:00,31.0,59,100.60,0.00,212,0.00,21.7,32.6,24.5
2026-05-27 14:54:00,29.8,100,100.60,0.00,232,0.00,29.8,41.3,29.9
2026-05-27 15:08:00,29.6,91,100.60,0.00,174,0.00,27.7,37.5,28.2
2026-05-27 15:22:00,29.6,75,100.60,0.00,159,0.00,24.4,33.2,25.8
2026-05-27 15:36:00,29.7,100,100.60,0.00,211,0.00,29.7,40.8,29.8
2026-05-27 15:49:00,29.5,100,100.60,0.00,201,0.00,29.5,39.9,29.5
2026-05-27 16:03:00,29.6,100,100.60,0.00,239,0.00,29.6,40.4,29.7
2026-05-27 16:17:00,29.6,100,100.60,0.00,198,0.00,29.6,40.4,29.7
2026-05-27 16:30:00,29.3,58,100.60,0.00,98,0.00,19.9,29.2,22.9
2026-05-27 16:44:00,29.3,99,100.60,0.00,143,0.00,28.9,38.7,29.1
2026-05-27 16:58:00,29.2,100,100.60,0.00,149,0.00,29.2,38.6,29.3
2026-05-27 17:11:00,29.1,59,100.60,0.00,78,0.00,20.0,29.0,22.8
2026-05-27 17:25:00,28.8,78,100.60,1.00,30,0.00,24.4,31.7,25.6
2026-05-27 19:34:00,29.3,80,100.80,1.10,0,0.00,24.5,33.5,10.0
2026-05-27 20:48:00,29.3,74,101.00,0.00,110,0.00,23.8,32.1,30.8
2026-05-27 20:49:00,29.2,73,101.00,0.00,110,0.00,23.8,31.9,30.7
2026-05-27 20:50:00,29.3,73,101.00,0.00,108,0.00,23.8,32.1,30.5
2026-05-27 20:50:00,29.2,85,101.00,0.00,116,0.00,26.2,34.5,31.5
2026-05-27 20:51:00,29.3,74,101.00,0.00,110,0.00,23.9,32.2,30.8
2026-05-27 20:52:00,29.3,86,101.00,0.00,116,0.00,26.5,35.0,31.6
2026-05-27 20:53:00,29.3,84,101.00,0.00,114,0.00,26.2,34.7,31.4
2026-05-27 20:54:00,29.3,78,101.00,0.00,114,0.00,24.9,33.1,31.4
2026-05-27 20:55:00,29.3,83,101.00,0.00,114,0.00,25.9,34.3,31.4
2026-05-27 20:55:00,29.3,83,101.00,0.00,113,0.00,26.0,34.4,31.2
2026-05-27 20:56:00,29.3,85,101.00,0.00,114,0.00,26.3,34.7,31.4
2026-05-27 20:57:00,29.3,74,101.00,0.00,110,0.00,23.9,32.2,30.8
2026-05-27 20:58:00,29.3,86,101.00,0.00,114,0.00,26.5,35.0,31.4
2026-05-27 20:59:00,29.3,82,101.00,0.00,114,0.00,25.8,34.1,31.4
2026-05-27 21:00:00,29.3,75,101.00,0.00,107,0.00,24.2,32.4,30.3
2026-05-27 21:00:00,29.3,74,101.00,0.00,111,0.00,24.1,32.3,31.0
2026-05-27 21:01:00,29.3,86,101.00,0.00,116,0.00,26.6,35.2,31.6
2026-05-27 21:02:00,29.3,76,101.00,0.00,107,0.00,24.5,32.7,30.3
2026-05-27 21:03:00,29.3,86,101.00,0.00,114,0.00,26.5,35.0,31.4
2026-05-27 21:04:00,29.3,74,101.00,0.00,110,0.00,23.9,32.1,30.8
2026-05-27 21:05:00,29.3,76,101.00,0.00,110,0.00,24.5,32.7,30.8
2026-05-27 21:06:00,29.3,84,101.00,0.00,117,0.00,26.1,34.5,31.8
2026-05-27 21:06:00,29.3,75,101.00,0.00,110,0.00,24.2,32.5,30.8
2026-05-27 21:07:00,29.3,74,101.00,0.00,108,0.00,24.0,32.3,30.5
2026-05-27 21:08:00,29.3,86,101.00,0.00,116,0.00,26.6,35.1,31.6
2026-05-27 21:09:00,29.3,74,101.00,0.00,107,0.00,23.9,32.2,30.3
2026-05-27 21:10:00,29.3,86,101.00,0.00,114,0.00,26.5,35.1,31.4
2026-05-27 21:11:00,29.3,86,101.00,0.00,116,0.00,26.4,34.9,31.6
2026-05-27 21:11:00,29.3,86,101.00,0.00,114,0.00,26.4,35.0,31.4
2026-05-27 21:12:00,29.3,81,101.00,0.00,110,0.00,25.5,33.8,30.8
2026-05-27 21:13:00,29.3,86,101.00,0.00,114,0.00,26.4,35.0,31.4
2026-05-27 21:14:00,29.2,84,101.00,0.00,114,0.00,26.1,34.3,31.3
2026-05-27 21:15:00,29.2,79,101.00,0.00,113,0.00,25.0,33.1,31.1
2026-05-27 21:16:00,29.2,79,101.00,0.00,113,0.00,25.0,33.0,31.1
2026-05-27 21:16:00,29.2,73,101.00,0.00,107,0.00,23.8,31.9,30.2
2026-05-27 21:17:00,29.2,75,101.00,0.00,105,0.00,24.2,32.2,30.0
2026-05-27 21:18:00,29.2,76,101.00,0.00,104,0.00,24.4,32.4,29.8
2026-05-27 21:19:00,29.2,84,101.00,0.00,108,0.00,26.1,34.3,30.4
2026-05-27 21:20:00,29.2,74,101.00,0.00,105,0.00,24.0,32.1,30.0
2026-05-27 21:21:00,29.2,86,101.00,0.00,107,0.00,26.5,34.8,30.2
2026-05-27 21:21:00,29.2,78,101.00,0.00,102,0.00,24.9,32.9,29.6
2026-05-27 21:22:00,29.2,80,101.00,0.00,105,0.00,25.2,33.4,30.0
2026-05-27 21:23:00,29.2,81,101.00,0.00,102,0.00,25.4,33.6,29.6
2026-05-27 21:24:00,29.2,75,101.00,0.00,101,0.00,24.0,32.1,29.4
2026-05-27 21:25:00,29.2,74,101.00,0.00,101,0.00,24.0,32.1,29.4
2026-05-27 21:26:00,29.2,84,101.00,0.00,108,0.00,26.1,34.3,30.4
2026-05-27 21:27:00,29.2,74,101.00,0.00,102,0.00,24.0,32.1,29.6
2026-05-27 21:27:00,29.2,74,101.00,0.00,102,0.00,23.9,32.0,29.6
2026-05-27 21:28:00,29.2,86,101.00,0.00,108,0.00,26.5,34.9,30.4
2026-05-27 21:29:00,29.2,75,101.00,0.00,102,0.00,24.2,32.3,29.6
2026-05-27 22:15:00,28.8,98,101.00,1.00,331,0.00,28.2,36.3,28.4
2026-05-27 22:29:00,28.6,84,101.00,1.00,3,0.00,25.4,32.4,26.2
2026-05-27 22:43:00,28.1,100,101.00,0.00,152,0.00,28.1,34.0,28.1
2026-05-27 22:57:00,27.9,100,100.90,0.00,146,0.00,27.9,33.2,27.9
2026-05-27 23:11:00,27.6,100,100.90,0.00,135,0.00,27.6,32.1,27.7
2026-05-27 23:25:00,27.5,100,100.90,0.00,162,0.00,27.5,31.7,27.6
2026-05-27 23:39:00,27.4,86,100.90,0.00,114,0.00,24.9,29.4,25.5
2026-05-27 23:53:00,27.6,100,100.90,0.00,135,0.00,27.6,32.1,27.7
2026-05-28 00:07:00,27.6,82,100.90,0.00,110,0.00,24.2,29.5,25.1
2026-05-28 00:22:00,27.6,60,100.90,0.00,86,0.00,18.8,26.8,21.7
2026-05-28 00:36:00,27.4,56,100.90,0.00,86,0.00,17.6,26.2,20.9
2026-05-28 00:50:00,27.4,100,100.90,0.00,168,0.00,27.4,31.3,27.5
2026-05-28 01:04:00,27.5,100,100.90,0.00,170,0.00,27.5,31.7,27.6
2026-05-28 01:18:00,27.5,82,100.90,0.00,120,0.00,24.1,29.2,25.0
2026-05-28 01:32:00,27.4,60,100.80,0.00,102,0.00,18.9,26.6,21.6
2026-05-28 01:46:00,27.4,100,100.80,0.00,156,0.00,27.4,31.3,27.5
2026-05-28 02:00:00,27.4,100,100.80,0.00,168,0.00,27.4,31.3,27.5
2026-05-28 02:15:00,27.5,60,100.80,0.00,90,0.00,18.8,26.7,21.6
2026-05-28 02:29:00,27.5,82,100.80,0.00,113,0.00,23.9,29.1,24.9
2026-05-28 02:43:00,27.6,82,100.80,0.00,114,0.00,24.0,29.3,24.9
2026-05-28 02:57:00,27.7,100,100.80,0.00,171,0.00,27.7,32.4,27.8
2026-05-28 03:11:00,27.8,100,100.80,0.00,141,0.00,27.8,32.8,27.9
2026-05-28 03:25:00,27.9,100,100.80,0.00,170,0.00,27.9,33.2,28.0
2026-05-28 03:39:00,27.8,100,100.80,0.00,165,0.00,27.8,32.8,27.8
2026-05-28 03:53:00,27.8,100,100.80,0.00,155,0.00,27.8,32.8,27.9
2026-05-28 04:07:00,27.8,61,100.80,0.00,86,0.00,19.3,27.2,22.0
2026-05-28 04:22:00,27.8,100,100.80,0.00,167,0.00,27.8,32.8,27.8
2026-05-28 04:36:00,27.8,67,100.80,0.00,90,0.00,20.9,27.9,22.9
2026-05-28 04:50:00,27.8,100,100.80,0.00,173,0.00,27.8,32.8,27.9
2026-05-28 05:04:00,27.8,59,100.90,0.00,89,0.00,18.8,27.0,21.7
2026-05-28 05:18:00,27.8,100,100.90,0.00,164,0.00,27.8,32.8,27.9
2026-05-28 05:32:00,27.8,75,100.90,0.00,102,0.00,22.7,28.9,24.1
2026-05-28 05:46:00,27.8,73,100.90,0.00,110,0.00,22.2,28.6,23.8
2026-05-28 06:00:00,27.8,100,100.90,0.00,180,0.00,27.8,32.8,27.9
2026-05-28 06:15:00,28.1,100,101.00,0.00,164,0.00,28.1,34.0,28.2
2026-05-28 06:29:00,28.1,100,101.00,0.00,223,0.00,28.1,34.0,28.2
2026-05-28 06:43:00,28.4,59,101.00,0.00,152,0.00,19.3,27.9,22.2
2026-05-28 06:57:00,28.3,58,101.00,0.00,170,0.00,19.0,27.6,22.0
2026-05-28 07:11:00,28.7,58,101.00,0.00,170,0.00,19.3,28.2,22.4
2026-05-28 07:25:00,28.9,59,101.00,0.00,144,0.00,19.8,28.7,22.7
2026-05-28 07:39:00,28.3,84,101.00,0.00,123,0.00,25.2,31.5,26.0
2026-05-28 07:53:00,28.3,74,101.00,0.00,131,0.00,23.0,29.8,24.5
2026-05-28 08:07:00,28.2,100,101.10,0.00,186,0.00,28.2,34.4,28.3
2026-05-28 08:22:00,28.1,69,101.10,0.00,152,0.00,21.6,28.7,23.5
2026-05-28 08:36:00,28.3,58,101.10,0.00,165,0.00,19.0,27.6,22.0
2026-05-28 08:50:00,28.7,100,101.10,0.00,268,0.00,28.7,36.5,28.8
2026-05-28 09:04:00,29.4,100,101.10,0.00,254,0.00,29.4,39.5,29.5
2026-05-28 09:18:00,29.5,75,101.10,0.00,221,0.00,24.3,32.9,25.7
2026-05-28 09:32:00,29.9,100,101.10,0.00,281,0.00,29.9,41.7,30.0
2026-05-28 09:46:00,29.9,86,101.10,0.00,212,0.00,27.1,37.1,27.8
2026-05-28 10:00:00,29.1,90,101.10,0.00,168,0.00,27.1,35.4,27.6
2026-05-28 10:15:00,29.7,72,101.10,0.00,165,0.00,23.8,32.8,25.4
2026-05-28 10:29:00,29.8,56,101.10,0.00,271,0.00,19.7,29.7,22.9
2026-05-28 10:43:00,30.6,100,101.10,0.00,2,0.00,30.6,45.0,30.7
2026-05-28 10:57:00,31.0,68,101.00,0.00,316,0.00,24.1,35.1,26.1
2026-05-28 11:11:00,30.8,62,101.00,0.00,301,0.00,22.4,33.0,24.9
2026-05-28 11:25:00,31.3,87,101.00,0.00,326,0.00,28.7,42.8,29.3
2026-05-28 11:39:00,30.4,100,101.00,0.00,299,0.00,30.4,44.1,30.5
2026-05-28 11:53:00,30.9,84,101.00,0.00,311,0.00,27.7,40.0,28.5
2026-05-28 12:07:00,30.8,78,101.00,0.00,295,0.00,26.2,37.6,27.4
2026-05-28 12:22:00,31.1,100,101.00,0.00,2,0.00,31.1,45.0,31.1
2026-05-28 12:36:00,31.6,65,101.00,0.00,293,0.00,23.9,35.7,26.1
2026-05-28 12:50:00,31.2,100,101.00,0.00,299,0.00,31.2,45.0,31.3
2026-05-28 13:04:00,31.6,100,101.00,0.00,353,0.00,31.6,45.0,31.7
2026-05-28 13:18:00,31.3,63,100.90,0.00,292,0.00,23.1,34.4,25.5
2026-05-28 13:32:00,29.9,89,101.00,0.00,214,0.00,27.7,38.0,28.3
2026-05-28 13:46:00,30.0,100,100.90,0.00,280,0.00,30.0,42.2,30.1
2026-05-28 14:00:00,30.3,53,100.90,0.00,217,0.00,19.4,30.0,22.9
2026-05-28 14:15:00,29.8,100,100.90,0.00,183,0.00,29.8,41.3,29.9
2026-05-28 14:29:00,29.5,100,100.90,0.00,186,0.00,29.5,39.9,29.6
2026-05-28 14:43:00,29.6,100,100.90,0.00,218,0.00,29.6,40.4,29.7
2026-05-28 14:57:00,29.6,100,100.90,0.00,256,0.00,29.6,40.4,29.7
2026-05-28 15:11:00,29.7,85,100.90,0.00,192,0.00,26.7,36.1,27.4
2026-05-28 15:25:00,29.6,58,100.90,0.00,179,0.00,20.1,29.7,23.1
2026-05-28 15:39:00,29.6,85,100.90,0.00,209,0.00,26.6,35.8,27.3
2026-05-28 15:53:00,29.4,83,100.90,0.00,167,0.00,26.0,34.6,26.9
2026-05-28 16:07:00,29.3,100,100.90,0.00,137,0.00,29.3,39.0,29.3
2026-05-28 16:22:00,29.3,100,100.90,0.00,180,0.00,29.3,39.0,29.4
2026-05-28 16:36:00,29.2,99,100.90,0.00,104,0.00,28.9,38.3,29.0
2026-05-28 16:50:00,29.2,83,101.00,0.00,38,0.00,25.8,34.0,26.6
2026-05-28 17:04:00,29.0,54,101.00,0.00,326,0.00,18.5,28.1,22.0
2026-05-28 17:18:00,28.9,77,101.00,1.00,8,0.00,24.3,31.8,25.5
2026-05-28 17:32:00,29.1,78,101.00,1.00,3,0.00,24.6,32.5,25.8
2026-05-28 17:46:00,29.1,85,101.00,1.00,352,0.00,26.1,34.1,26.9
2026-05-28 18:00:00,29.1,84,101.00,1.00,350,0.00,25.9,33.9,26.7
2026-05-28 18:22:00,29.2,92,101.00,1.00,322,0.00,27.6,36.3,28.0
2026-05-28 18:37:00,29.5,89,101.00,1.00,280,0.00,27.3,36.5,27.9
2026-05-28 18:52:00,29.2,95,101.00,0.00,259,0.00,28.2,37.1,28.4
2026-05-28 19:07:00,29.2,90,101.10,0.00,248,0.00,27.2,35.7,27.7
2026-05-28 19:22:00,29.2,92,101.10,0.00,304,0.00,27.5,36.3,28.0
2026-05-28 19:29:00,29.2,91,101.10,0.00,304,0.00,27.4,36.0,27.8
2026-05-28 19:33:00,29.2,91,101.10,0.00,301,0.00,27.4,36.0,27.8
2026-05-28 20:03:00,29.0,93,101.10,0.00,245,0.00,27.6,35.8,28.0
2026-05-28 20:18:00,28.5,89,101.20,0.00,247,0.00,26.3,33.1,26.9
2026-05-28 20:44:00,28.7,51,101.20,0.00,246,0.00,17.4,27.4,21.3
2026-05-28 20:59:00,28.6,52,101.20,0.00,183,0.00,17.5,27.4,21.3
2026-05-28 21:14:00,28.7,52,101.20,0.00,187,0.00,17.6,27.5,21.4
2026-05-28 21:29:00,28.6,51,101.20,0.00,188,0.00,17.1,27.2,21.1
2026-05-28 21:44:00,28.5,51,101.20,0.00,187,0.00,17.3,27.2,21.1
2026-05-28 21:59:00,28.6,52,101.20,0.00,188,0.00,17.5,27.4,21.3
2026-05-28 22:14:00,28.5,50,101.30,0.00,189,0.00,16.9,27.1,20.9
2026-05-28 22:18:00,28.5,51,101.30,0.00,250,0.00,17.1,27.1,21.0
2026-05-28 22:33:00,28.2,48,101.30,1.00,179,0.00,16.0,26.5,20.3
2026-05-28 22:48:00,27.8,57,101.30,1.00,180,0.00,18.4,26.9,21.5
2026-05-28 23:03:00,27.4,49,101.30,0.00,187,0.00,15.5,25.7,19.8
2026-05-28 23:18:00,27.1,46,101.30,0.00,193,0.00,14.4,25.3,19.1
2026-05-28 23:33:00,27.2,52,101.20,0.00,185,0.00,16.4,25.8,20.2
2026-05-28 23:48:00,27.2,45,101.20,0.00,194,0.00,14.0,25.3,18.9
2026-05-29 00:03:00,27.1,45,101.20,0.00,194,0.00,14.1,25.2,18.9
2026-05-29 00:18:00,27.3,56,101.20,0.00,180,0.00,17.5,26.1,20.8
2026-05-29 00:33:00,27.5,51,101.20,0.00,187,0.00,16.3,26.0,20.2
2026-05-29 00:48:00,27.5,47,101.20,0.00,192,0.00,14.8,25.7,19.4
2026-05-29 01:03:00,27.5,53,101.20,0.00,184,0.00,16.9,26.1,20.5
2026-05-29 01:18:00,27.5,50,101.20,0.00,188,0.00,15.9,25.9,20.0
2026-05-29 01:33:00,27.5,54,101.20,0.00,183,0.00,17.1,26.2,20.6
2026-05-29 01:48:00,27.4,54,101.20,0.00,181,0.00,17.2,26.1,20.7
2026-05-29 02:03:00,27.4,54,101.20,0.00,180,0.00,17.1,26.1,20.7
2026-05-29 02:18:00,27.4,45,101.20,0.00,194,0.00,14.3,25.5,19.2
2026-05-29 02:33:00,27.4,45,101.20,0.00,193,0.00,14.4,25.5,19.2
2026-05-29 02:48:00,27.6,54,101.20,0.00,181,0.00,17.4,26.4,20.8
2026-05-29 03:03:00,27.5,55,101.20,0.00,180,0.00,17.4,26.3,20.8
2026-05-29 03:18:00,27.5,48,101.20,0.00,191,0.00,15.4,25.8,19.8
2026-05-29 03:33:00,27.5,56,101.20,0.00,179,0.00,17.8,26.4,21.0
2026-05-29 03:48:00,27.4,56,101.20,0.00,179,0.00,17.5,26.2,20.8
2026-05-29 04:03:00,27.3,51,101.20,0.00,184,0.00,16.2,25.8,20.1
2026-05-29 04:18:00,27.3,45,101.20,0.00,194,0.00,14.3,25.4,19.1
2026-05-29 04:33:00,27.3,56,101.20,0.00,180,0.00,17.6,26.1,20.9
2026-05-29 04:48:00,27.4,55,101.20,0.00,191,0.00,17.3,26.2,20.7
2026-05-29 05:03:00,27.4,45,101.30,0.00,218,0.00,14.2,25.5,19.1
2026-05-29 05:18:00,27.5,47,101.30,0.00,299,0.00,15.1,25.7,19.6
2026-05-29 05:33:00,27.5,56,101.30,1.00,255,0.00,17.8,26.4,21.1
2026-05-29 05:48:00,27.6,50,101.30,0.00,92,0.00,16.0,26.0,20.1
2026-05-29 06:03:00,27.7,55,101.30,0.00,120,0.00,17.6,26.5,21.0
2026-05-29 06:18:00,27.9,57,101.30,0.00,128,0.00,18.4,27.0,21.5
2026-05-29 06:33:00,28.0,59,101.40,0.00,189,0.00,18.9,27.3,21.9
2026-05-29 06:48:00,28.0,49,101.40,0.00,178,0.00,16.1,26.4,20.3
2026-05-29 07:03:00,27.9,48,101.40,0.00,274,0.00,15.8,26.2,20.1
2026-05-29 07:18:00,28.0,56,101.40,0.00,262,0.00,18.3,27.1,21.5
2026-05-29 07:33:00,27.9,56,101.40,0.00,143,0.00,18.2,26.9,21.4
2026-05-29 07:48:00,28.0,57,101.40,0.00,51,0.00,18.6,27.2,21.7
2026-05-29 08:03:00,28.0,58,101.40,0.00,47,0.00,18.8,27.3,21.8
2026-05-29 08:18:00,28.1,57,101.40,0.00,84,0.00,18.6,27.3,21.7
2026-05-29 08:33:00,28.2,55,101.40,0.00,70,0.00,18.2,27.2,21.5
2026-05-29 08:48:00,28.0,49,101.40,0.00,58,0.00,16.0,26.3,20.3
2026-05-29 09:03:00,28.0,49,101.40,0.00,219,0.00,16.2,26.4,20.4
2026-05-29 09:18:00,27.9,58,101.40,0.00,223,0.00,18.5,27.0,21.6
2026-05-29 09:33:00,27.5,56,101.50,0.00,260,0.00,17.8,26.4,21.0
2026-05-29 09:48:00,28.0,50,101.50,0.00,154,0.00,16.2,26.4,20.4
2026-05-29 10:03:00,28.1,48,101.50,0.00,176,0.00,15.8,26.4,20.2
2026-05-29 10:18:00,28.3,57,101.50,0.00,207,0.00,18.7,27.5,21.9
2026-05-29 10:33:00,28.3,51,101.50,0.00,217,0.00,16.9,26.9,20.9
2026-05-29 10:48:00,28.2,58,101.50,0.00,143,0.00,18.9,27.5,21.9
2026-05-29 11:03:00,28.0,58,101.50,0.00,121,0.00,18.7,27.2,21.7
2026-05-29 11:18:00,28.1,48,101.50,0.00,203,0.00,15.8,26.4,20.2
2026-05-29 11:33:00,28.7,48,101.50,0.00,262,0.00,16.5,27.1,20.8
2026-05-29 11:48:00,29.5,52,101.50,0.00,231,0.00,18.4,28.6,22.1
2026-05-29 12:03:00,28.7,53,101.50,0.00,290,0.00,18.1,27.7,21.7
2026-05-29 13:08:00,28.8,49,101.40,1.00,95,0.00,16.6,27.3,20.9
2026-05-29 13:23:00,28.9,56,101.40,1.00,94,0.00,19.1,28.3,22.2
2026-05-29 13:38:00,29.3,54,101.40,0.00,107,0.00,18.7,28.6,22.2
2026-05-29 13:53:00,29.7,54,101.40,0.00,69,0.00,19.0,29.2,22.5
2026-05-29 14:08:00,29.7,52,101.40,0.00,95,0.00,18.5,28.9,22.2
2026-05-29 14:23:00,29.7,50,101.30,0.00,285,0.00,17.9,28.7,21.9
2026-05-29 14:38:00,29.7,52,101.30,0.00,266,0.00,18.3,28.9,22.1
2026-05-29 14:53:00,29.7,53,101.30,0.00,265,0.00,18.8,29.1,22.4
2026-05-29 15:08:00,29.6,53,101.30,0.00,255,0.00,18.7,28.9,22.3
2026-05-29 15:23:00,29.6,54,101.30,0.00,343,0.00,18.9,29.0,22.4
2026-05-29 15:38:00,29.7,52,101.30,0.00,345,0.00,18.6,29.0,22.3
2026-05-29 15:53:00,29.0,50,101.30,0.00,120,0.00,17.2,27.6,21.3
2026-05-29 16:20:00,29.2,45,101.30,0.00,0,0.00,15.9,27.4,20.6
2026-05-29 16:35:00,29.2,73,101.30,1.00,320,0.00,23.6,31.8,25.2
2026-05-29 16:50:00,29.2,44,101.30,0.00,320,0.00,15.5,27.3,20.4
2026-05-29 17:05:00,29.1,45,101.30,0.00,320,0.00,15.6,27.2,20.5
2026-05-29 17:20:00,29.1,44,101.30,0.00,320,0.00,15.3,27.1,20.3
2026-05-29 17:35:00,28.7,44,101.30,0.00,322,0.00,14.8,26.6,19.9
2026-05-29 17:50:00,28.8,44,101.30,0.00,19,0.00,14.8,26.7,20.0
2026-05-29 18:05:00,28.9,46,101.30,0.00,20,0.00,15.8,27.1,20.5
2026-05-29 18:20:00,28.8,43,101.30,0.00,18,0.00,14.6,26.6,19.9
2026-05-29 18:35:00,28.7,44,101.40,0.00,17,0.00,15.0,26.7,20.0
2026-05-29 18:50:00,28.4,45,101.40,0.00,15,0.00,15.2,26.5,20.0
2026-05-29 19:05:00,28.4,42,101.40,0.00,15,0.00,14.1,26.2,19.4
2026-05-29 19:20:00,28.2,46,101.40,0.00,14,0.00,15.2,26.3,19.9
2026-05-29 19:35:00,28.2,46,101.40,0.00,14,0.00,15.1,26.3,19.9
2026-05-29 19:50:00,28.1,42,101.40,0.00,13,0.00,13.7,25.9,19.1
2026-05-29 20:05:00,28.0,44,101.50,0.00,14,0.00,14.5,26.0,19.5
2026-05-29 20:20:00,28.0,42,101.50,0.00,14,0.00,13.9,25.8,19.2
2026-05-29 20:35:00,27.9,43,101.50,0.00,14,0.00,13.8,25.8,19.1
2026-05-29 20:50:00,27.6,42,101.50,0.00,14,0.00,13.3,25.4,18.7
2026-05-29 21:05:00,27.6,44,101.50,0.00,14,0.00,13.9,25.5,19.1
2026-05-29 21:20:00,27.4,42,101.50,0.00,14,0.00,13.1,25.3,18.6
2026-05-29 21:35:00,27.5,42,101.50,0.00,14,0.00,13.0,25.3,18.6
2026-05-29 21:50:00,27.4,42,101.50,0.00,14,0.00,13.0,25.3,18.5
2026-05-29 22:05:00,27.5,42,101.50,0.00,14,0.00,13.1,25.3,18.6
2026-05-29 22:20:00,27.4,42,101.50,0.00,14,0.00,13.1,25.3,18.6
2026-05-29 22:35:00,27.5,42,101.50,0.00,10,0.00,13.1,25.3,18.6
2026-05-29 22:35:00,27.4,62,101.50,1.00,261,0.00,19.4,26.8,21.9
2026-05-29 22:49:00,27.7,56,101.50,1.00,3,0.00,18.0,26.7,21.2
2026-05-29 23:03:00,27.4,58,101.50,0.00,6,0.00,18.3,26.5,21.3
2026-05-29 23:18:00,27.1,50,101.50,0.00,6,0.00,15.8,25.5,19.8
2026-05-29 23:32:00,26.3,49,101.50,0.00,6,0.00,14.6,24.3,18.9
2026-05-29 23:46:00,25.8,51,101.50,0.00,6,0.00,14.9,25.8,18.9
2026-05-30 00:01:00,25.6,52,101.50,0.00,6,0.00,14.8,25.6,18.7
2026-05-30 00:15:00,25.5,53,101.50,0.00,6,0.00,15.2,25.5,18.9
2026-05-30 00:29:00,25.4,50,101.50,0.00,6,0.00,14.2,25.4,18.3
2026-05-30 00:44:00,25.4,63,101.40,0.00,6,0.00,17.8,25.4,20.3
2026-05-30 00:58:00,25.3,62,101.40,0.00,6,0.00,17.6,25.3,20.1
2026-05-30 01:12:00,25.2,49,101.40,0.00,6,0.00,13.8,25.2,18.1
2026-05-30 01:27:00,25.2,50,101.40,0.00,6,0.00,14.0,25.2,18.1
2026-05-30 01:41:00,25.2,54,101.40,0.00,6,0.00,15.2,25.2,18.8
2026-05-30 01:56:00,25.1,51,101.40,0.00,6,0.00,14.3,25.1,18.2
2026-05-30 02:10:00,25.0,53,101.40,0.00,6,0.00,14.8,25.0,18.5
2026-05-30 02:24:00,24.9,55,101.40,0.00,6,0.00,15.2,24.9,18.7
2026-05-30 02:39:00,24.9,63,101.40,0.00,6,0.00,17.4,24.9,19.8
2026-05-30 02:53:00,24.8,53,101.40,0.00,6,0.00,14.5,24.8,18.3
2026-05-30 03:07:00,24.8,63,101.40,0.00,6,0.00,17.2,24.8,19.7
2026-05-30 03:22:00,24.7,54,101.40,0.00,6,0.00,14.7,24.7,18.3
2026-05-30 03:36:00,24.6,60,101.40,0.00,6,0.00,16.2,24.6,19.1
2026-05-30 03:50:00,24.5,58,101.40,0.00,6,0.00,15.8,24.5,18.8
2026-05-30 04:05:00,24.5,52,101.40,0.00,6,0.00,14.1,24.5,17.9
2026-05-30 04:19:00,24.3,48,101.40,0.00,6,0.00,12.7,24.3,17.2
2026-05-30 04:34:00,24.4,59,101.50,0.00,6,0.00,15.8,24.4,18.8
2026-05-30 04:48:00,24.4,53,101.50,0.00,9,0.00,14.3,24.4,18.0
2026-05-30 05:02:00,24.5,50,101.50,0.00,12,0.00,13.6,24.5,17.7
2026-05-30 05:17:00,24.5,63,101.50,0.00,17,0.00,17.0,24.5,19.5
2026-05-30 05:31:00,24.7,50,101.50,0.00,19,0.00,13.5,24.7,17.7
2026-05-30 05:45:00,25.0,52,101.50,0.00,18,0.00,14.6,25.0,18.4
2026-05-30 06:00:00,25.1,58,101.50,0.00,21,0.00,16.3,25.1,19.3
2026-05-30 06:14:00,25.2,61,101.50,0.00,23,0.00,17.0,25.2,19.8
2026-05-30 06:28:00,25.2,56,101.50,0.00,19,0.00,15.8,25.2,19.1
2026-05-30 06:43:00,25.6,48,101.50,0.00,31,0.00,13.6,25.6,18.1
2026-05-30 06:57:00,25.8,51,101.50,0.00,29,0.00,14.7,25.8,18.7
2026-05-30 07:12:00,25.9,56,101.50,0.00,32,0.00,16.2,25.9,19.6
2026-05-30 07:26:00,26.5,64,101.60,0.00,36,0.00,19.0,24.5,21.4
2026-05-30 07:40:00,27.8,65,101.50,0.00,36,0.00,20.4,27.7,22.7
2026-05-30 07:55:00,27.2,55,101.60,0.00,39,0.00,17.3,26.0,20.7
2026-05-30 08:09:00,27.9,51,101.60,0.00,41,0.00,16.7,26.4,20.6
2026-05-30 08:23:00,28.5,64,101.50,0.00,41,0.00,20.8,28.7,23.2
2026-05-30 08:38:00,28.3,50,101.50,0.00,40,0.00,16.8,26.8,20.8
2026-05-30 08:52:00,28.0,54,101.50,0.00,39,0.00,17.5,26.8,21.1
2026-05-30 09:06:00,28.0,64,101.50,0.00,41,0.00,20.3,27.9,22.7
2026-05-30 09:21:00,28.8,49,101.50,0.00,44,0.00,16.7,27.3,20.9
2026-05-30 09:35:00,28.5,70,101.50,1.00,34,0.00,22.4,29.7,24.1
2026-05-30 09:50:00,28.7,78,101.50,1.00,33,0.00,24.4,31.6,25.5
2026-05-30 10:04:00,28.6,44,101.50,0.00,314,0.00,14.7,26.5,19.9
2026-05-30 10:18:00,29.0,44,101.50,0.00,317,0.00,15.1,27.0,20.1
2026-05-30 10:33:00,29.1,45,101.50,0.00,319,0.00,15.5,27.2,20.4
2026-05-30 10:47:00,29.2,44,101.50,0.00,32,0.00,15.2,27.2,20.3
2026-05-30 11:01:00,29.1,42,101.50,0.00,28,0.00,14.5,26.9,19.9
2026-05-30 11:23:00,29.0,42,101.50,0.00,31,0.00,14.5,26.8,19.8
2026-05-30 11:38:00,29.1,44,101.50,0.00,36,0.00,15.2,27.1,20.3
2026-05-30 11:53:00,29.2,42,101.40,0.00,33,0.00,14.5,27.0,19.9
2026-05-30 12:08:00,29.1,42,101.40,0.00,36,0.00,14.5,26.9,19.9
2026-05-30 12:23:00,29.1,46,101.40,0.00,30,0.00,15.9,27.3,20.6
2026-05-30 12:38:00,29.2,46,101.40,0.00,35,0.00,16.1,27.5,20.8
2026-05-30 12:53:00,29.2,46,101.40,0.00,34,0.00,16.1,27.5,20.8
2026-05-30 13:08:00,29.2,45,101.40,0.00,37,0.00,15.9,27.4,20.6
2026-05-30 13:23:00,29.1,45,101.40,0.00,24,0.00,15.6,27.2,20.5
2026-05-30 13:33:00,29.1,83,101.40,1.00,23,0.00,25.8,33.8,26.6
2026-05-30 13:48:00,29.1,69,101.30,1.00,26,0.00,22.7,30.8,24.5
2026-05-30 14:03:00,29.2,45,101.30,0.00,24,0.00,15.8,27.4,20.6
2026-05-30 14:18:00,29.1,42,101.30,0.00,30,0.00,14.6,26.9,19.9
2026-05-30 17:10:00,28.3,67,101.30,1.00,17,0.00,21.4,28.9,23.5
2026-05-30 17:25:00,28.4,73,101.30,1.00,15,0.00,22.9,30.0,24.4
2026-05-30 17:40:00,28.2,42,101.30,0.00,14,0.00,13.6,26.0,19.1
2026-05-30 17:55:00,28.2,45,101.30,0.00,12,0.00,15.0,26.3,19.8
2026-05-30 18:10:00,28.1,40,101.30,1.00,9,0.00,13.1,25.8,18.9
2026-05-30 18:25:00,28.1,43,101.30,0.00,6,0.00,14.1,26.0,19.3
2026-05-30 18:40:00,28.0,46,101.40,0.00,5,0.00,14.9,26.1,19.7
2026-05-30 18:55:00,27.9,46,101.40,0.00,3,0.00,14.9,26.0,19.6
2026-05-30 19:10:00,27.9,42,101.40,0.00,2,0.00,13.6,25.7,19.0
2026-05-30 19:25:00,27.9,41,101.40,0.00,2,0.00,13.0,25.6,18.7
2026-05-30 19:40:00,27.8,44,101.40,0.00,2,0.00,14.3,25.8,19.3
2026-05-30 19:55:00,27.8,42,101.40,0.00,2,0.00,13.3,25.6,18.8
2026-05-30 20:10:00,27.4,45,101.40,0.00,2,0.00,14.2,25.5,19.1
2026-05-30 20:25:00,27.3,41,101.40,0.00,2,0.00,12.6,25.1,18.3
2026-05-30 20:40:00,27.2,46,101.40,0.00,2,0.00,14.4,25.3,19.1
2026-05-30 20:55:00,27.6,42,101.50,0.00,2,0.00,13.2,25.4,18.7
2026-05-30 21:10:00,27.7,41,101.50,0.00,2,0.00,12.9,25.5,18.6
2026-05-30 21:25:00,27.6,46,101.50,0.00,2,0.00,14.7,25.7,19.5
2026-05-30 21:40:00,27.6,42,101.50,0.00,2,0.00,13.4,25.5,18.8
2026-05-30 21:55:00,27.5,45,101.50,0.00,2,0.00,14.4,25.6,19.3
2026-05-30 22:10:00,27.3,43,101.50,0.00,3,0.00,13.3,25.2,18.6
2026-05-30 22:25:00,27.2,45,101.50,0.00,3,0.00,14.1,25.3,19.0
2026-05-30 22:40:00,27.1,68,101.50,0.00,3,0.00,20.4,26.8,22.4
2026-05-30 22:55:00,27.0,66,101.50,1.00,6,0.00,20.0,26.5,22.1
2026-05-30 23:10:00,25.9,54,101.50,0.00,6,0.00,15.9,25.9,19.4
2026-05-30 23:25:00,25.6,49,101.50,0.00,6,0.00,14.0,25.6,18.3
2026-05-30 23:40:00,25.5,46,101.50,1.00,3,0.00,12.9,25.5,17.7
2026-05-30 23:55:00,25.4,59,101.50,0.00,4,0.00,16.7,25.4,19.7
2026-05-31 00:10:00,25.3,54,101.50,0.00,3,0.00,15.2,25.3,18.8
2026-05-31 00:25:00,25.2,48,101.40,0.00,4,0.00,13.5,25.2,17.9
2026-05-31 00:40:00,25.2,50,101.40,0.00,4,0.00,14.1,25.2,18.2
2026-05-31 00:55:00,25.1,51,101.40,0.00,3,0.00,14.1,25.1,18.2
2026-05-31 01:10:00,25.1,60,101.40,0.00,4,0.00,16.8,25.1,19.6
2026-05-31 01:25:00,25.0,60,101.40,0.00,3,0.00,16.8,25.0,19.6
2026-05-31 01:40:00,25.0,47,101.40,0.00,4,0.00,12.7,25.0,17.4
2026-05-31 01:55:00,25.0,61,101.40,0.00,4,0.00,16.9,25.0,19.6
2026-05-31 02:10:00,24.9,51,101.40,0.00,3,0.00,14.1,24.9,18.1
2026-05-31 02:25:00,24.9,50,101.30,0.00,3,0.00,13.7,24.9,17.9
2026-05-31 02:40:00,24.8,56,101.30,0.00,3,0.00,15.5,24.8,18.8
2026-05-31 02:55:00,24.6,48,101.30,0.00,3,0.00,13.1,24.6,17.5
2026-05-31 03:10:00,24.7,48,101.30,0.00,3,0.00,13.1,24.7,17.5
2026-05-31 03:25:00,24.6,48,101.30,0.00,3,0.00,12.8,24.6,17.3
2026-05-31 03:40:00,24.6,61,101.30,0.00,3,0.00,16.6,24.6,19.3
2026-05-31 03:55:00,24.5,54,101.30,0.00,3,0.00,14.7,24.5,18.3
2026-05-31 04:10:00,24.5,48,101.30,0.00,3,0.00,12.6,24.5,17.2
2026-05-31 04:25:00,24.5,63,101.30,0.00,3,0.00,17.1,24.5,19.5
2026-05-31 04:40:00,24.4,51,101.30,0.00,3,0.00,13.6,24.4,17.6
2026-05-31 04:55:00,24.4,58,101.30,0.00,3,0.00,15.7,24.4,18.7
2026-05-31 05:10:00,24.3,50,101.40,0.00,5,0.00,13.4,24.3,17.5
2026-05-31 05:25:00,24.3,47,101.40,0.00,3,0.00,12.4,24.3,17.0
2026-05-31 05:40:00,24.3,52,101.40,1.00,7,0.00,13.9,24.3,17.7
2026-05-31 05:55:00,24.5,52,101.40,0.00,10,0.00,14.0,24.5,17.9
2026-05-31 06:10:00,24.7,63,101.40,0.00,12,0.00,17.2,24.7,19.7
2026-05-31 06:25:00,24.9,49,101.40,0.00,13,0.00,13.4,24.9,17.7
2026-05-31 06:40:00,25.1,47,101.40,0.00,14,0.00,13.1,25.1,17.6
2026-05-31 06:55:00,25.2,46,101.40,0.00,14,0.00,12.7,25.2,17.5
2026-05-31 07:10:00,25.5,60,101.50,0.00,15,0.00,17.1,25.5,19.9
2026-05-31 07:25:00,25.5,49,101.50,0.00,15,0.00,13.8,25.5,18.2
2026-05-31 07:40:00,25.6,50,101.50,0.00,17,0.00,14.2,25.6,18.4
2026-05-31 07:55:00,25.8,55,101.50,0.00,18,0.00,16.1,25.8,19.5
2026-05-31 08:10:00,26.3,51,101.50,0.00,20,0.00,15.1,24.3,19.1
2026-05-31 08:25:00,26.8,46,101.50,0.00,21,0.00,14.1,24.8,18.8
2026-05-31 08:40:00,27.1,55,101.50,0.00,20,0.00,17.2,25.8,20.6
2026-05-31 08:55:00,27.6,52,101.50,0.00,20,0.00,16.5,26.1,20.4
2026-05-31 09:10:00,27.5,61,101.50,0.00,21,0.00,19.1,26.8,21.8
2026-05-31 09:25:00,28.0,49,101.50,0.00,21,0.00,16.0,26.3,20.3
2026-05-31 09:40:00,28.4,52,101.50,0.00,23,0.00,17.3,27.1,21.1
2026-05-31 09:55:00,28.7,55,101.50,0.00,23,0.00,18.6,27.9,21.9
2026-05-31 10:10:00,28.9,53,101.50,0.00,27,0.00,18.1,27.9,21.7
2026-05-31 10:25:00,28.4,82,101.50,1.00,20,0.00,24.8,31.4,25.7
2026-05-31 10:40:00,28.6,88,101.50,1.00,21,0.00,26.1,33.2,26.7
2026-05-31 10:55:00,28.5,43,101.50,0.00,24,0.00,14.3,26.3,19.6
2026-05-31 11:20:00,28.5,43,101.40,0.00,24,0.00,14.5,26.4,19.7
2026-05-31 11:35:00,30.0,79,101.40,1.00,2,0.00,25.7,35.3,26.8
2026-05-31 11:50:00,30.4,45,101.40,0.00,5,0.00,16.5,28.8,21.4
2026-05-31 12:05:00,30.2,48,101.40,0.00,4,0.00,17.5,29.0,21.9
2026-05-31 12:20:00,30.3,45,101.30,0.00,4,0.00,16.6,28.7,21.5
2026-05-31 12:35:00,30.3,47,101.30,0.00,4,0.00,17.4,29.1,21.9
2026-05-31 12:50:00,30.5,44,101.30,0.00,7,0.00,16.3,28.8,21.3
2026-05-31 13:05:00,30.5,44,101.30,0.00,6,0.00,16.5,28.8,21.4
2026-05-31 13:20:00,30.6,44,101.30,0.00,0,0.00,16.5,28.9,21.5
2026-05-31 13:35:00,30.3,44,101.30,0.00,5,0.00,16.4,28.6,21.3
2026-05-31 13:50:00,30.1,44,101.30,0.00,3,0.00,16.2,28.4,21.1
2026-05-31 14:05:00,30.0,44,101.20,0.00,2,0.00,16.0,28.2,21.0
2026-05-31 14:20:00,29.9,44,101.20,0.00,37,0.00,15.9,28.0,20.9
2026-05-31 14:35:00,29.7,44,101.20,0.00,357,0.00,15.7,27.8,20.7
2026-05-31 14:50:00,29.6,44,101.20,0.00,356,0.00,15.7,27.7,20.7
2026-05-31 15:05:00,29.6,44,101.20,0.00,356,0.00,15.7,27.7,20.7
2026-05-31 15:20:00,29.5,44,101.20,0.00,356,0.00,15.5,27.5,20.5
2026-05-31 15:35:00,29.4,44,101.20,0.00,356,0.00,15.5,27.4,20.5
2026-05-31 15:50:00,29.3,44,101.20,0.00,356,0.00,15.4,27.3,20.4
2026-05-31 16:05:00,29.3,44,101.20,0.00,356,0.00,15.3,27.3,20.4
2026-05-31 16:20:00,29.1,44,101.20,0.00,356,0.00,15.1,27.1,20.2
2026-05-31 16:35:00,29.6,55,101.20,1.00,347,0.00,19.4,29.3,22.7
2026-05-31 16:50:00,29.0,43,101.20,0.00,349,0.00,14.8,26.9,20.0
2026-05-31 17:05:00,28.9,44,101.20,1.00,349,0.00,15.0,26.8,20.1
2026-05-31 17:20:00,28.2,44,101.20,0.00,348,0.00,14.6,26.2,19.6
2026-05-31 17:35:00,28.5,44,101.20,0.00,4,0.00,14.6,26.4,19.7
2026-05-31 17:50:00,28.6,44,101.20,0.00,37,0.00,14.9,26.6,19.9
2026-05-31 18:05:00,28.3,43,101.20,0.00,37,0.00,14.4,26.2,19.6
2026-05-31 18:20:00,28.2,43,101.20,0.00,359,0.00,14.2,26.1,19.4
2026-05-31 18:35:00,27.8,43,101.30,0.00,348,0.00,13.9,25.7,19.1
2026-05-31 18:50:00,27.6,44,101.30,1.00,341,0.00,13.9,25.6,19.0
2026-05-31 19:05:00,27.2,44,101.30,0.00,338,0.00,13.6,25.2,18.8
2026-05-31 19:20:00,27.4,44,101.30,0.00,338,0.00,13.7,25.4,18.9
2026-05-31 19:35:00,27.4,44,101.30,0.00,338,0.00,13.7,25.4,18.9
2026-05-31 19:50:00,27.1,43,101.30,0.00,337,0.00,13.4,25.1,18.6
2026-05-31 20:05:00,27.2,43,101.40,0.00,338,0.00,13.5,25.2,18.7
2026-05-31 20:20:00,26.9,44,101.40,0.00,337,0.00,13.3,24.9,18.5
2026-05-31 20:35:00,26.6,43,101.40,0.00,338,0.00,13.0,24.6,18.2
2026-05-31 20:50:00,26.8,44,101.40,0.00,338,0.00,13.4,24.8,18.5
2026-05-31 21:05:00,26.6,43,101.40,0.00,335,0.00,12.9,24.6,18.2
2026-05-31 21:20:00,26.8,44,101.40,0.00,335,0.00,13.2,24.8,18.4
2026-05-31 21:35:00,26.7,44,101.40,0.00,336,0.00,13.1,24.7,18.3
2026-05-31 21:50:00,26.8,44,101.40,0.00,336,0.00,13.5,24.8,18.5
2026-05-31 22:05:00,26.5,43,101.40,0.00,336,0.00,12.8,24.5,18.1
2026-05-31 22:20:00,26.7,44,101.40,0.00,335,0.00,13.4,24.7,18.4
2026-05-31 22:31:00,26.6,68,101.30,0.00,336,0.00,20.1,24.6,22.1
2026-05-31 22:46:00,26.9,75,101.30,1.00,349,0.00,21.9,24.9,23.3
2026-05-31 23:01:00,25.6,47,101.30,1.00,335,0.00,13.4,25.6,18.0
2026-05-31 23:16:00,25.5,41,101.30,0.00,335,0.00,11.2,25.5,16.9
2026-05-31 23:31:00,25.5,48,101.30,0.00,335,0.00,13.5,25.5,18.0
2026-05-31 23:46:00,25.4,40,101.30,0.00,335,0.00,10.9,25.4,16.7
2026-06-01 00:01:00,25.3,45,101.30,0.00,335,0.00,12.6,25.3,17.5
2026-06-01 00:16:00,25.3,45,101.30,0.00,335,0.00,12.5,25.3,17.4
2026-06-01 00:31:00,25.2,44,101.30,0.00,335,0.00,12.1,25.2,17.2
2026-06-01 00:46:00,25.2,40,101.20,0.00,335,0.00,10.7,25.2,16.5
2026-06-01 01:01:00,25.1,46,101.20,0.00,335,0.00,12.6,25.1,17.4
2026-06-01 01:16:00,25.0,45,101.20,0.00,335,0.00,12.1,25.0,17.2
2026-06-01 01:31:00,25.0,47,101.20,0.00,335,0.00,12.9,25.0,17.5
2026-06-01 01:46:00,25.0,45,101.20,0.00,335,0.00,12.4,25.0,17.3
2026-06-01 02:01:00,24.9,42,101.20,0.00,335,0.00,11.3,24.9,16.7
2026-06-01 02:16:00,24.9,42,101.20,0.00,335,0.00,11.1,24.9,16.6
2026-06-01 02:31:00,24.8,40,101.20,0.00,335,0.00,10.4,24.8,16.3
2026-06-01 02:46:00,24.7,42,101.20,0.00,336,0.00,11.2,24.7,16.6
2026-06-01 03:01:00,24.7,48,101.20,0.00,335,0.00,13.0,24.7,17.5
2026-06-01 03:16:00,24.8,47,101.20,0.00,335,0.00,12.8,24.8,17.4
2026-06-01 03:31:00,24.7,41,101.20,0.00,335,0.00,10.6,24.7,16.3
2026-06-01 03:46:00,24.8,49,101.20,0.00,335,0.00,13.4,24.8,17.7
2026-06-01 04:01:00,24.8,47,101.20,0.00,335,0.00,12.7,24.8,17.3
2026-06-01 04:16:00,24.8,47,101.20,0.00,335,0.00,12.7,24.8,17.4
2026-06-01 04:31:00,24.8,41,101.20,0.00,335,0.00,10.5,24.8,16.3
2026-06-01 04:46:00,24.8,49,101.20,0.00,336,0.00,13.4,24.8,17.7
2026-06-01 05:01:00,24.7,42,101.20,0.00,337,0.00,11.2,24.7,16.6
2026-06-01 05:16:00,24.8,49,101.20,0.00,340,0.00,13.3,24.8,17.6
2026-06-01 05:31:00,24.9,43,101.20,0.00,346,0.00,11.5,24.9,16.8
2026-06-01 05:46:00,25.1,50,101.20,1.00,353,0.00,13.8,25.1,18.0
2026-06-01 06:01:00,25.2,49,101.30,0.00,356,0.00,13.7,25.2,18.0
2026-06-01 06:16:00,25.5,43,101.30,0.00,358,0.00,11.9,25.5,17.2
2026-06-01 06:31:00,25.8,42,101.30,0.00,359,0.00,11.6,25.8,17.2
2026-06-01 06:46:00,25.8,43,101.30,0.00,3,0.00,12.1,25.8,17.5
2026-06-01 07:01:00,26.3,49,101.30,0.00,4,0.00,14.7,24.3,18.9
2026-06-01 07:16:00,26.4,42,101.30,0.00,5,0.00,12.4,24.4,17.8
2026-06-01 07:31:00,26.7,44,101.30,0.00,5,0.00,13.5,24.7,18.5
2026-06-01 07:46:00,26.9,49,101.30,0.00,2,0.00,15.3,24.9,19.5
2026-06-01 08:01:00,26.8,42,101.30,0.00,2,0.00,12.6,24.8,18.1
2026-06-01 08:16:00,27.7,48,101.30,0.00,2,0.00,15.7,26.0,20.0
2026-06-01 08:31:00,27.2,44,101.30,0.00,2,0.00,13.7,25.2,18.8
2026-06-01 08:46:00,27.4,46,101.30,0.00,3,0.00,14.7,25.6,19.4
2026-06-01 09:01:00,28.0,43,101.30,0.00,3,0.00,14.1,25.9,19.3
2026-06-01 09:16:00,27.5,44,101.30,0.00,2,0.00,13.8,25.5,19.0
2026-06-01 09:31:00,28.0,48,101.20,0.00,3,0.00,15.9,26.3,20.2
2026-06-01 09:46:00,28.3,51,101.20,0.00,3,0.00,16.8,26.8,20.8
2026-06-01 10:01:00,28.2,44,101.20,0.00,6,0.00,14.4,26.1,19.5
2026-06-01 10:16:00,28.8,43,101.20,0.00,8,0.00,14.7,26.7,19.9
2026-06-01 10:31:00,29.5,44,101.20,0.00,5,0.00,15.7,27.6,20.7
2026-06-01 10:46:00,30.1,44,101.20,0.00,8,0.00,16.2,28.3,21.1
2026-06-01 11:01:00,30.6,52,101.20,0.00,9,0.00,19.2,30.3,22.9
2026-06-01 11:16:00,30.6,46,101.20,0.00,9,0.00,17.1,29.2,21.8
2026-06-01 11:31:00,30.5,44,101.10,0.00,8,0.00,16.6,28.9,21.5
2026-06-01 11:46:00,30.9,51,101.10,0.00,7,0.00,19.2,30.6,23.1
2026-06-01 12:01:00,31.1,44,101.10,0.00,8,0.00,16.8,29.6,21.8
2026-06-01 12:16:00,31.5,45,101.10,0.00,8,0.00,17.5,30.4,22.4
2026-06-01 12:31:00,31.7,45,101.10,0.00,8,0.00,17.8,30.8,22.6
2026-06-01 12:46:00,31.9,46,101.00,0.00,8,0.00,18.2,31.2,22.8
2026-06-01 13:01:00,31.9,48,101.00,0.00,8,0.00,19.0,31.7,23.3
2026-06-01 13:16:00,32.2,50,101.00,0.00,9,0.00,19.9,32.7,23.9
2026-06-01 13:31:00,32.5,44,101.00,0.00,11,0.00,17.9,31.7,22.9
2026-06-01 13:46:00,32.2,51,101.00,0.00,12,0.00,20.3,33.0,24.1
2026-06-01 14:01:00,32.0,49,101.00,0.00,9,0.00,19.5,32.1,23.6
2026-06-01 14:16:00,32.0,50,101.00,0.00,12,0.00,19.9,32.5,23.8
2026-06-01 14:31:00,32.1,51,101.00,0.00,12,0.00,20.1,32.7,23.9
2026-06-01 14:46:00,31.6,45,100.90,0.00,11,0.00,17.8,30.7,22.5
2026-06-01 15:01:00,31.6,50,100.90,0.00,24,0.00,19.3,31.5,23.3
2026-06-01 15:16:00,31.8,44,100.90,0.00,27,0.00,17.5,30.7,22.4
2026-06-01 15:31:00,32.0,51,100.90,0.00,25,0.00,20.1,32.7,23.9
2026-06-01 15:46:00,31.6,43,100.90,0.00,23,0.00,17.1,30.3,22.1
2026-06-01 16:01:00,31.3,47,100.90,0.00,20,0.00,18.2,30.6,22.7
2026-06-01 16:16:00,31.1,43,100.90,0.00,20,0.00,16.7,29.6,21.8
2026-06-01 16:31:00,30.8,45,100.80,0.00,18,0.00,16.9,29.3,21.8
2026-06-01 16:46:00,30.8,46,100.80,0.00,21,0.00,17.3,29.5,22.0
2026-06-01 17:01:00,30.5,50,100.80,0.00,16,0.00,18.5,29.8,22.5
2026-06-01 17:16:00,30.3,47,100.90,0.00,11,0.00,17.4,29.0,21.8
2026-06-01 17:31:00,29.7,51,100.90,0.00,8,0.00,18.1,28.7,22.0
2026-06-01 17:46:00,29.6,49,100.90,0.00,7,0.00,17.4,28.3,21.6
2026-06-01 18:31:00,29.3,48,100.90,1.00,346,0.00,16.8,27.8,21.2
2026-06-01 18:46:00,29.2,47,100.90,0.00,342,0.00,16.3,27.5,20.9
2026-06-01 19:01:00,29.1,46,100.90,0.00,338,0.00,16.1,27.4,20.7
2026-06-01 19:16:00,29.0,46,100.90,0.00,337,0.00,15.9,27.2,20.6
2026-06-01 19:31:00,28.9,47,100.90,0.00,336,0.00,16.1,27.2,20.7
2026-06-01 19:46:00,28.8,47,100.90,0.00,335,0.00,16.1,27.1,20.6
2026-06-01 20:01:00,28.4,47,100.90,0.00,337,0.00,15.8,26.6,20.3
2026-06-01 20:16:00,28.5,48,100.90,0.00,337,0.00,16.0,26.8,20.5
2026-06-01 20:31:00,28.6,48,100.90,0.00,337,0.00,16.1,26.9,20.5
2026-06-01 22:28:00,28.6,79,100.90,0.00,57,0.00,24.5,31.5,25.6
2026-06-01 22:43:00,28.2,80,100.90,0.00,58,0.00,24.3,30.6,25.3
2026-06-01 22:58:00,28.1,79,100.90,0.00,57,0.00,24.0,30.3,25.1
2026-06-01 23:13:00,28.0,79,100.90,0.00,57,0.00,23.8,29.9,25.0
2026-06-01 23:28:00,27.8,75,100.90,0.00,58,0.00,22.8,28.9,24.2
2026-06-01 23:43:00,27.6,76,100.90,0.00,58,0.00,22.8,28.6,24.1
2026-06-01 23:58:00,27.7,78,100.90,0.00,58,0.00,23.3,29.1,24.5
2026-06-02 00:13:00,27.7,78,100.90,0.00,57,0.00,23.3,29.0,24.5
2026-06-02 00:28:00,27.8,78,100.80,0.00,57,0.00,23.4,29.3,24.6
2026-06-02 00:43:00,27.9,76,100.80,0.00,58,0.00,23.1,29.3,24.4
2026-06-02 00:58:00,27.9,81,100.80,0.00,58,0.00,24.3,30.1,25.2
2026-06-02 01:13:00,27.9,76,100.80,0.00,58,0.00,23.2,29.3,24.5
2026-06-02 01:28:00,27.9,80,100.80,0.00,58,0.00,24.1,29.9,25.1
2026-06-02 01:43:00,27.8,79,100.80,0.00,57,0.00,23.8,29.5,24.9
2026-06-02 01:58:00,27.7,81,100.70,0.00,58,0.00,24.1,29.6,25.1
2026-06-02 02:13:00,27.7,82,100.70,0.00,58,0.00,24.2,29.6,25.1
2026-06-02 02:28:00,27.8,81,100.70,0.00,58,0.00,24.0,29.7,25.0
2026-06-02 02:43:00,27.7,77,100.70,0.00,57,0.00,23.1,28.9,24.4
2026-06-02 02:58:00,27.8,77,100.70,0.00,58,0.00,23.2,29.2,24.5
2026-06-02 03:13:00,27.8,78,100.70,0.00,57,0.00,23.5,29.3,24.6
2026-06-02 03:28:00,27.8,80,100.70,0.00,58,0.00,23.8,29.6,24.9
2026-06-02 03:43:00,27.8,78,100.70,0.00,58,0.00,23.6,29.4,24.7
2026-06-02 03:58:00,27.7,79,100.70,0.00,58,0.00,23.7,29.3,24.7
2026-06-02 04:13:00,27.7,82,100.70,0.00,57,0.00,24.2,29.6,25.1
2026-06-02 04:28:00,27.8,82,100.70,0.00,57,0.00,24.2,29.9,25.2
2026-06-02 04:43:00,27.7,82,100.70,0.00,57,0.00,24.2,29.6,25.1
2026-06-02 04:58:00,27.7,79,100.70,0.00,58,0.00,23.5,29.2,24.6
2026-06-02 05:13:00,27.6,80,100.70,0.00,57,0.00,23.7,29.1,24.8
2026-06-02 05:28:00,27.6,79,100.70,0.00,58,0.00,23.6,29.0,24.7
2026-06-02 05:43:00,27.7,76,100.70,0.00,58,0.00,23.0,28.9,24.3
2026-06-02 05:58:00,27.7,81,100.70,0.00,57,0.00,24.0,29.5,25.0
2026-06-02 06:13:00,27.8,79,100.70,0.00,58,0.00,23.6,29.4,24.7
2026-06-02 06:28:00,28.0,80,100.70,0.00,58,0.00,24.0,30.1,25.1
2026-06-02 06:43:00,27.8,79,100.70,0.00,57,0.00,23.6,29.4,24.8
2026-06-02 06:58:00,27.8,76,100.70,0.00,58,0.00,23.1,29.1,24.4
2026-06-02 07:13:00,27.7,81,100.70,0.00,57,0.00,24.0,29.5,24.9
2026-06-02 07:28:00,28.3,80,100.70,0.00,57,0.00,24.5,30.9,25.5
2026-06-02 07:43:00,28.3,76,100.70,0.00,57,0.00,23.6,30.2,24.9
2026-06-02 07:58:00,28.2,78,100.70,0.00,57,0.00,23.9,30.3,25.1
2026-06-02 08:13:00,28.9,80,100.70,0.00,57,0.00,24.9,32.4,26.0
2026-06-02 08:28:00,29.0,81,100.70,0.00,57,0.00,25.2,32.9,26.2
2026-06-02 08:43:00,29.1,79,100.70,0.00,58,0.00,25.0,32.9,26.1
2026-06-02 08:58:00,29.2,81,100.70,0.00,58,0.00,25.3,33.5,26.3
2026-06-02 09:13:00,29.3,80,100.70,0.00,57,0.00,25.4,33.7,26.4
2026-06-02 09:28:00,29.6,80,100.70,0.00,57,0.00,25.6,34.5,26.6
2026-06-02 09:43:00,29.9,79,100.70,0.00,57,0.00,25.7,35.1,26.7
2026-06-02 09:58:00,29.0,74,100.70,0.00,58,0.00,23.8,31.6,25.2
2026-06-02 10:13:00,30.4,81,100.70,0.00,57,0.00,26.5,37.2,27.5
2026-06-02 10:28:00,30.5,80,100.60,0.00,58,0.00,26.4,37.3,27.5
2026-06-02 10:43:00,31.4,77,100.60,0.00,58,0.00,26.5,39.0,27.7
2026-06-02 10:58:00,30.7,75,100.60,0.00,58,0.00,25.4,36.2,26.8
2026-06-02 11:13:00,30.6,78,100.60,0.00,57,0.00,26.0,36.8,27.2
2026-06-02 11:28:00,31.0,80,100.60,0.00,57,0.00,27.0,39.0,28.0
2026-06-02 11:43:00,32.1,78,100.60,0.00,58,0.00,27.4,41.8,28.6
2026-06-02 11:58:00,32.3,75,100.60,0.00,57,0.00,27.1,41.5,28.4
2026-06-02 12:13:00,31.9,80,100.50,0.00,58,0.00,27.7,42.0,28.8
2026-06-02 12:28:00,32.6,77,100.50,0.00,58,0.00,27.7,43.2,28.9
2026-06-02 12:43:00,31.9,79,100.50,0.00,58,0.00,27.6,41.7,28.6
2026-06-02 12:58:00,31.0,77,100.50,0.00,58,0.00,26.2,37.8,27.4
2026-06-02 13:13:00,31.0,75,100.50,0.00,58,0.00,25.8,37.3,27.2
2026-06-02 13:28:00,30.8,78,100.50,0.00,57,0.00,26.3,37.6,27.5
2026-06-02 13:43:00,30.3,76,100.50,0.00,57,0.00,25.5,35.5,26.8
2026-06-02 13:58:00,30.3,78,100.50,0.00,57,0.00,25.7,35.9,26.9
2026-06-02 14:13:00,30.1,73,100.40,0.00,58,0.00,24.6,34.2,26.0
2026-06-02 14:28:00,30.2,76,100.40,0.00,57,0.00,25.2,35.1,26.5
2026-06-02 14:43:00,30.5,77,100.40,0.00,58,0.00,25.8,36.4,27.0
2026-06-02 14:58:00,31.0,76,100.40,0.00,58,0.00,26.0,37.5,27.3
2026-06-02 15:13:00,31.2,74,100.40,0.00,58,0.00,25.9,37.6,27.3
2026-06-02 15:28:00,31.6,73,100.40,0.00,57,0.00,25.9,38.4,27.4
2026-06-02 15:43:00,31.4,79,100.40,0.00,57,0.00,27.0,39.8,28.1
2026-06-02 15:58:00,31.0,75,100.40,0.00,57,0.00,25.7,37.2,27.1
2026-06-02 16:13:00,31.3,76,100.40,0.00,57,0.00,26.2,38.3,27.5
2026-06-02 16:28:00,30.9,74,100.40,0.00,57,0.00,25.4,36.5,26.8
2026-06-02 16:43:00,30.8,75,100.40,0.00,57,0.00,25.6,36.6,27.0
2026-06-02 16:58:00,30.6,76,100.40,0.00,58,0.00,25.6,36.3,26.9
2026-06-02 17:13:00,30.5,80,100.40,0.00,57,0.00,26.3,37.1,27.4
2026-06-02 17:28:00,30.2,77,100.40,0.00,58,0.00,25.4,35.4,26.7
2026-06-02 17:43:00,30.0,77,100.40,0.00,57,0.00,25.2,34.8,26.4
2026-06-02 17:58:00,29.7,75,100.40,0.00,57,0.00,24.7,33.6,26.0
2026-06-02 18:13:00,29.5,79,100.50,0.00,57,0.00,25.3,34.0,26.4
2026-06-02 18:28:00,29.1,76,100.50,0.00,57,0.00,24.2,32.1,25.5
2026-06-02 18:30:00,28.8,84,100.50,0.00,57,0.00,25.5,32.9,26.3
2026-06-02 18:45:00,28.9,83,100.50,0.00,57,0.00,25.7,33.2,26.5
2026-06-02 19:00:00,29.3,79,100.50,0.00,57,0.00,25.2,33.4,26.2
2026-06-02 19:15:00,29.4,79,100.50,0.00,57,0.00,25.2,33.7,26.3
2026-06-02 19:30:00,29.4,80,100.50,0.00,57,0.00,25.3,33.8,26.3
2026-06-02 19:45:00,29.4,79,100.50,0.00,57,0.00,25.0,33.5,26.2
2026-06-02 20:00:00,29.2,79,100.50,0.00,57,0.00,25.1,33.1,26.2
2026-06-02 20:15:00,28.9,78,100.50,0.00,57,0.00,24.6,32.1,25.7
2026-06-02 20:30:00,29.1,79,100.50,0.00,57,0.00,24.9,32.7,26.0
2026-06-02 20:45:00,29.3,79,100.50,0.00,57,0.00,25.2,33.4,26.3
2026-06-02 21:00:00,29.4,79,100.50,0.00,57,0.00,25.2,33.7,26.3
2026-06-02 21:15:00,29.3,79,100.60,0.00,57,0.00,25.0,33.3,26.2
2026-06-02 21:30:00,29.3,78,100.60,0.00,57,0.00,25.0,33.2,26.1
2026-06-02 21:45:00,29.3,79,100.60,0.00,57,0.00,25.1,33.4,26.2
2026-06-02 22:25:00,28.1,82,100.60,0.00,57,0.00,24.7,30.8,25.6
2026-06-02 22:40:00,26.9,78,100.60,0.00,57,0.00,22.7,24.9,23.8
2026-06-02 22:55:00,26.5,78,100.60,0.00,57,0.00,22.4,24.5,23.5
2026-06-02 23:10:00,26.9,74,100.60,0.00,57,0.00,21.9,24.9,23.3
2026-06-02 23:25:00,27.0,79,100.60,0.00,57,0.00,22.9,27.6,24.0
2026-06-02 23:40:00,27.2,79,100.50,0.00,57,0.00,23.2,28.1,24.3
2026-06-02 23:55:00,27.4,75,100.50,0.00,57,0.00,22.4,28.1,23.8
2026-06-03 00:10:00,27.4,78,100.50,0.00,57,0.00,23.1,28.4,24.3
2026-06-03 00:25:00,27.2,79,100.50,0.00,57,0.00,23.3,28.1,24.3
2026-06-03 00:40:00,27.4,70,100.50,0.00,57,0.00,21.2,27.5,23.0
2026-06-03 00:55:00,27.3,80,100.50,0.00,57,0.00,23.4,28.4,24.4
2026-06-03 01:10:00,27.1,74,100.50,0.00,57,0.00,21.9,27.3,23.4
2026-06-03 01:25:00,27.1,75,100.50,0.00,57,0.00,22.2,27.5,23.6
2026-06-03 01:40:00,27.1,80,100.50,0.00,57,0.00,23.3,28.0,24.3
2026-06-03 01:55:00,27.1,71,100.50,0.00,57,0.00,21.3,27.2,23.0
2026-06-03 02:10:00,27.1,70,100.40,0.00,57,0.00,21.2,27.1,22.9
2026-06-03 02:25:00,27.2,71,100.40,0.00,58,0.00,21.3,27.3,23.0
2026-06-03 02:40:00,27.1,76,100.40,0.00,57,0.00,22.4,27.6,23.7
2026-06-03 02:55:00,27.1,74,100.40,0.00,57,0.00,22.0,27.4,23.5
2026-06-03 03:10:00,27.1,78,100.40,0.00,57,0.00,22.8,27.8,24.0
2026-06-03 03:25:00,27.0,80,100.40,0.00,57,0.00,23.2,27.7,24.2
2026-06-03 03:40:00,27.0,70,100.40,0.00,57,0.00,21.0,26.9,22.8
2026-06-03 03:55:00,27.2,75,100.40,0.00,57,0.00,22.2,27.7,23.6
2026-06-03 04:10:00,27.0,76,100.40,0.00,57,0.00,22.3,27.4,23.6
2026-06-03 04:25:00,27.0,75,100.50,0.00,57,0.00,22.0,27.2,23.4
2026-06-03 04:40:00,26.9,81,100.50,0.00,57,0.00,23.2,24.9,24.2
2026-06-03 04:55:00,26.9,76,100.50,0.00,57,0.00,22.3,24.9,23.6
2026-06-03 05:10:00,26.9,70,100.50,0.00,57,0.00,21.0,24.9,22.7
2026-06-03 05:25:00,27.2,76,100.50,0.00,57,0.00,22.6,27.8,23.8
2026-06-03 05:40:00,27.3,76,100.50,0.00,57,0.00,22.6,28.0,23.9
2026-06-03 05:55:00,27.2,78,100.50,0.00,57,0.00,23.1,28.0,24.2
2026-06-03 06:10:00,27.5,78,100.50,0.00,57,0.00,23.2,28.6,24.3
2026-06-03 06:25:00,27.6,74,100.50,0.00,57,0.00,22.4,28.4,23.9
2026-06-03 06:40:00,27.6,76,100.40,0.00,57,0.00,23.0,28.7,24.2
2026-06-03 06:55:00,27.1,78,100.40,0.00,57,0.00,22.9,27.8,24.0
2026-06-03 07:10:00,27.2,74,100.40,0.00,58,0.00,22.0,27.6,23.5
2026-06-03 07:25:00,27.6,76,100.40,0.00,57,0.00,23.0,28.7,24.3
2026-06-03 07:40:00,28.3,76,100.40,0.00,57,0.00,23.6,30.3,24.8
2026-06-03 07:55:00,28.2,73,100.40,0.00,57,0.00,22.8,29.5,24.3
2026-06-03 08:10:00,28.6,78,100.40,0.00,58,0.00,24.2,31.2,25.4
2026-06-03 08:25:00,28.7,73,100.40,0.00,57,0.00,23.1,30.6,24.7
2026-06-03 08:40:00,28.8,79,100.50,0.00,58,0.00,24.6,31.9,25.7
2026-06-03 08:55:00,29.7,80,100.40,0.00,57,0.00,25.7,34.8,26.7
2026-06-03 09:10:00,29.4,76,100.40,0.00,57,0.00,24.5,32.9,25.8
2026-06-03 09:25:00,30.7,71,100.40,0.00,57,0.00,24.5,35.0,26.2
2026-06-03 09:40:00,30.8,70,100.40,0.00,57,0.00,24.5,35.2,26.2
2026-06-03 09:55:00,30.9,80,100.40,0.00,57,0.00,26.8,38.5,27.8
2026-06-03 10:10:00,31.5,76,100.40,0.00,57,0.00,26.3,38.9,27.7
2026-06-03 10:25:00,31.8,71,100.40,0.00,57,0.00,25.6,38.2,27.2
2026-06-03 10:40:00,31.9,76,100.40,0.00,57,0.00,26.7,40.2,28.0
2026-06-03 10:55:00,31.6,71,100.40,0.00,57,0.00,25.5,37.7,27.1
2026-06-03 11:10:00,31.9,71,100.40,0.00,58,0.00,25.6,38.4,27.3
2026-06-03 11:25:00,31.9,81,100.40,0.00,57,0.00,27.9,42.3,28.9
2026-06-03 11:40:00,31.7,75,100.40,0.00,57,0.00,26.4,39.4,27.8
2026-06-03 11:55:00,32.6,80,100.30,0.00,57,0.00,28.3,44.5,29.3
2026-06-03 12:10:00,31.9,75,100.30,0.00,57,0.00,26.5,39.8,27.9
2026-06-03 12:25:00,32.2,71,100.30,0.00,57,0.00,26.0,39.5,27.6
2026-06-03 12:40:00,31.5,79,100.30,0.00,57,0.00,27.1,40.2,28.2
2026-06-03 12:55:00,31.5,73,100.30,0.00,57,0.00,25.8,38.0,27.3
2026-06-03 13:10:00,31.3,74,100.30,0.00,57,0.00,25.9,37.9,27.3
2026-06-03 13:25:00,31.7,77,100.30,0.00,57,0.00,26.8,40.0,28.0
2026-06-03 13:40:00,32.3,80,100.30,0.00,57,0.00,28.0,43.5,29.1
2026-06-03 13:55:00,31.7,72,100.30,0.00,57,0.00,25.7,38.3,27.3
2026-06-03 14:10:00,31.5,71,100.30,0.00,57,0.00,25.3,37.3,27.0
2026-06-03 14:25:00,30.7,81,100.30,0.00,57,0.00,26.9,38.2,27.8
2026-06-03 14:40:00,29.2,78,100.30,0.00,57,0.00,24.8,32.9,26.0
2026-06-03 14:55:00,28.9,82,100.30,0.00,57,0.00,25.4,33.0,26.3
2026-06-03 15:10:00,29.0,82,100.30,0.00,57,0.00,25.3,33.1,26.2
2026-06-03 15:25:00,27.5,77,100.30,0.00,57,0.00,23.0,28.5,24.3
2026-06-03 15:40:00,28.1,76,100.20,0.00,58,0.00,23.2,29.7,24.5
2026-06-03 15:55:00,28.2,81,100.20,0.00,57,0.00,24.5,30.8,25.4
2026-06-03 16:10:00,27.8,78,100.20,0.00,57,0.00,23.6,29.4,24.7
2026-06-03 16:25:00,27.9,75,100.20,0.00,58,0.00,23.0,29.2,24.4
2026-06-03 16:40:00,27.9,82,100.20,0.00,57,0.00,24.4,30.2,25.3
2026-06-03 16:55:00,28.4,78,100.20,0.00,57,0.00,24.0,30.7,25.2
2026-06-03 17:10:00,28.2,82,100.20,0.00,57,0.00,24.7,30.9,25.6
2026-06-03 17:25:00,27.8,82,100.20,0.00,57,0.00,24.3,29.9,25.2
2026-06-03 17:40:00,28.2,79,100.20,0.00,57,0.00,24.1,30.4,25.2
2026-06-03 17:55:00,28.4,78,100.20,0.00,57,0.00,24.0,30.8,25.2
2026-06-03 18:10:00,28.3,82,100.20,0.00,58,0.00,24.8,31.3,25.7
2026-06-03 18:25:00,28.7,74,100.20,0.00,58,0.00,23.6,30.9,25.0
2026-06-03 18:35:00,28.0,87,100.20,0.00,57,0.00,25.5,31.2,26.2
2026-06-03 18:50:00,28.2,87,100.20,0.00,57,0.00,25.6,31.8,26.3
2026-06-03 19:05:00,29.1,83,100.30,0.00,57,0.00,25.7,33.7,26.6
2026-06-03 19:20:00,29.2,83,100.30,0.00,57,0.00,25.9,34.0,26.7
2026-06-03 19:35:00,29.2,83,100.30,0.00,57,0.00,25.8,34.0,26.7
2026-06-03 19:50:00,28.2,83,100.30,0.00,57,0.00,24.8,31.1,25.6
2026-06-03 20:05:00,27.7,83,100.30,0.00,57,0.00,24.5,29.8,25.3
2026-06-03 20:20:00,28.9,83,100.30,0.00,57,0.00,25.5,33.1,26.4
2026-06-03 20:35:00,29.1,83,100.30,0.00,57,0.00,25.8,33.7,26.6
2026-06-03 20:50:00,29.2,83,100.30,0.00,57,0.00,25.8,34.0,26.7
2026-06-03 21:05:00,28.2,83,100.30,0.00,57,0.00,24.9,31.1,25.8
2026-06-03 21:20:00,28.1,81,100.30,0.00,57,0.00,24.4,30.5,25.3
2026-06-03 21:35:00,27.8,83,100.30,0.00,57,0.00,24.4,30.0,25.3
2026-06-03 21:50:00,28.6,83,100.30,0.00,57,0.00,25.2,32.2,26.1
2026-06-03 22:05:00,29.0,83,100.30,0.00,57,0.00,25.7,33.4,26.5
2026-06-03 22:12:00,29.5,88,100.30,0.00,57,0.00,27.2,36.4,27.8
2026-06-03 22:27:00,28.5,87,100.30,0.00,57,0.00,25.9,32.7,26.6
2026-06-03 22:42:00,28.2,88,100.30,0.00,57,0.00,25.8,31.9,26.4
2026-06-03 22:57:00,27.8,86,100.30,0.00,57,0.00,25.1,30.5,25.8
2026-06-03 23:12:00,27.8,86,100.30,0.00,57,0.00,25.1,30.4,25.8
2026-06-03 23:27:00,27.7,86,100.30,0.00,57,0.00,25.0,30.2,25.7
2026-06-03 23:42:00,27.7,86,100.20,0.00,57,0.00,25.1,30.2,25.7
2026-06-03 23:57:00,27.9,86,100.20,0.00,57,0.00,25.2,30.8,25.9
2026-06-04 00:12:00,27.9,86,100.20,0.00,57,0.00,25.3,30.8,25.9
2026-06-04 00:27:00,28.0,86,100.20,0.00,57,0.00,25.3,31.1,26.0
2026-06-04 00:42:00,28.0,87,100.20,0.00,57,0.00,25.4,31.2,26.1
2026-06-04 00:57:00,28.0,88,100.20,0.00,57,0.00,25.6,31.3,26.2
2026-06-04 01:12:00,28.1,86,100.10,0.00,57,0.00,25.4,31.4,26.1
2026-06-04 01:27:00,28.1,88,100.10,0.00,57,0.00,25.7,31.6,26.3
2026-06-04 01:42:00,28.1,86,100.10,0.00,57,0.00,25.5,31.4,26.2
2026-06-04 01:57:00,28.1,86,100.10,0.00,57,0.00,25.5,31.4,26.1
2026-06-04 02:12:00,28.1,86,100.10,0.00,57,0.00,25.5,31.4,26.2
2026-06-04 02:27:00,28.1,86,100.10,0.00,57,0.00,25.4,31.3,26.1
2026-06-04 02:42:00,28.1,86,100.10,0.00,57,0.00,25.5,31.4,26.1
2026-06-04 02:57:00,28.1,87,100.10,0.00,57,0.00,25.5,31.5,26.1
2026-06-04 03:12:00,28.1,87,100.10,0.00,57,0.00,25.6,31.6,26.2
2026-06-04 03:27:00,28.0,87,100.10,0.00,57,0.00,25.6,31.3,26.2
2026-06-04 03:42:00,28.1,86,100.10,0.00,57,0.00,25.3,31.3,26.0
2026-06-04 03:57:00,28.0,86,100.10,0.00,57,0.00,25.4,31.1,26.1
2026-06-04 04:12:00,28.0,86,100.10,0.00,57,0.00,25.4,31.1,26.1
2026-06-04 04:27:00,28.0,87,100.10,0.00,57,0.00,25.6,31.3,26.2
2026-06-04 04:42:00,28.0,87,100.10,0.00,57,0.00,25.5,31.2,26.1
2026-06-04 04:57:00,28.0,86,100.10,0.00,57,0.00,25.4,31.1,26.1
2026-06-04 05:12:00,27.9,86,100.10,0.00,57,0.00,25.3,30.8,26.0
2026-06-04 05:27:00,27.9,88,100.10,0.00,57,0.00,25.5,31.0,26.1
2026-06-04 05:42:00,27.9,86,100.20,0.00,57,0.00,25.2,30.8,25.9
2026-06-04 05:57:00,27.9,87,100.20,0.00,57,0.00,25.5,31.0,26.1
2026-06-04 06:12:00,27.7,87,100.20,0.00,57,0.00,25.2,30.3,25.8
2026-06-04 06:27:00,27.8,87,100.20,0.00,57,0.00,25.3,30.6,25.9
2026-06-04 06:42:00,27.8,87,100.20,0.00,57,0.00,25.4,30.7,26.0
2026-06-04 06:57:00,27.9,86,100.20,0.00,57,0.00,25.1,30.7,25.8
2026-06-04 07:12:00,27.8,86,100.20,0.00,57,0.00,25.1,30.5,25.8
2026-06-04 07:27:00,28.3,87,100.20,0.00,57,0.00,25.7,32.1,26.4
2026-06-04 07:42:00,28.5,88,100.20,0.00,57,0.00,26.1,32.9,26.7
2026-06-04 07:57:00,29.3,87,100.20,0.00,57,0.00,26.7,35.3,27.3
2026-06-04 08:12:00,29.4,88,100.30,0.00,57,0.00,27.1,36.0,27.7
2026-06-04 08:27:00,29.5,87,100.30,0.00,57,0.00,27.0,36.1,27.6
2026-06-04 08:42:00,29.4,87,100.30,0.00,57,0.00,26.9,35.7,27.5
2026-06-04 08:57:00,28.6,84,100.30,0.00,57,0.00,25.4,32.4,26.2
2026-06-04 09:12:00,28.5,87,100.40,0.00,57,0.00,26.0,32.7,26.6
2026-06-04 09:27:00,28.7,85,100.30,0.00,57,0.00,25.9,33.0,26.6
2026-06-04 09:42:00,28.6,86,100.30,0.00,57,0.00,26.0,33.0,26.7
2026-06-04 09:57:00,29.4,84,100.30,0.00,57,0.00,26.2,34.9,27.0
2026-06-04 10:12:00,29.3,85,100.40,0.00,57,0.00,26.3,34.8,27.1
2026-06-04 10:27:00,29.6,87,100.40,0.00,57,0.00,27.0,36.3,27.7
2026-06-04 10:42:00,30.4,85,100.40,0.00,57,0.00,27.3,38.4,28.1
2026-06-04 10:57:00,30.2,84,100.40,0.00,57,0.00,26.9,37.5,27.7
2026-06-04 11:12:00,30.4,84,100.40,0.00,58,0.00,27.1,38.2,27.9
2026-06-04 11:27:00,30.6,85,100.40,0.00,57,0.00,27.5,39.3,28.3
2026-06-04 11:42:00,29.7,86,100.40,0.00,57,0.00,27.0,36.5,27.7
2026-06-04 11:57:00,31.2,86,100.40,0.00,57,0.00,28.4,42.0,29.0
2026-06-04 12:12:00,31.1,84,100.40,0.00,58,0.00,27.8,40.7,28.6
2026-06-04 12:27:00,31.2,86,100.40,0.00,57,0.00,28.4,41.9,29.1
2026-06-04 12:42:00,30.5,85,100.30,0.00,58,0.00,27.4,38.8,28.2
2026-06-04 12:57:00,30.8,83,100.30,0.00,57,0.00,27.3,39.3,28.2
2026-06-04 13:12:00,31.1,86,100.30,0.00,57,0.00,28.3,41.6,29.0
2026-06-04 13:27:00,30.9,85,100.30,0.00,57,0.00,27.8,40.2,28.5
2026-06-04 13:42:00,31.2,86,100.30,0.00,57,0.00,28.3,41.9,29.0
2026-06-04 13:57:00,30.4,84,100.30,0.00,57,0.00,27.1,38.1,27.9
2026-06-04 14:12:00,30.8,83,100.30,0.00,57,0.00,27.3,39.2,28.2
2026-06-04 14:27:00,30.5,84,100.30,0.00,57,0.00,27.3,38.7,28.1
2026-06-04 14:42:00,30.5,86,100.30,0.00,57,0.00,27.7,39.4,28.4
2026-06-04 14:57:00,30.3,86,100.30,0.00,57,0.00,27.4,38.4,28.1
2026-06-04 15:12:00,30.9,86,100.30,0.00,57,0.00,28.0,40.7,28.7
2026-06-04 15:27:00,30.4,84,100.30,0.00,57,0.00,27.1,38.1,27.9
2026-06-04 15:42:00,30.4,83,100.30,0.00,57,0.00,26.9,37.8,27.8
2026-06-04 15:57:00,31.4,87,100.30,0.00,57,0.00,28.6,42.9,29.3
2026-06-04 16:12:00,31.3,86,100.30,0.00,57,0.00,28.4,42.3,29.1
2026-06-04 16:27:00,31.6,84,100.30,0.00,58,0.00,28.4,42.8,29.2
2026-06-04 16:42:00,31.6,86,100.30,0.00,57,0.00,28.8,43.5,29.5
2026-06-04 16:57:00,31.7,86,100.30,0.00,57,0.00,28.7,43.6,29.4
2026-06-04 17:12:00,31.5,85,100.30,0.00,57,0.00,28.5,42.8,29.2
2026-06-04 17:27:00,31.2,86,100.30,0.00,57,0.00,28.3,41.7,29.0
2026-06-04 17:42:00,30.7,82,100.40,0.00,57,0.00,27.1,38.6,28.0
2026-06-04 17:57:00,30.4,86,100.40,0.00,57,0.00,27.6,38.9,28.2
2026-06-04 18:12:00,29.7,85,100.40,0.00,57,0.00,26.7,36.1,27.5
2026-06-04 18:27:00,29.8,87,100.40,0.00,57,0.00,27.2,37.0,27.9
2026-06-04 18:42:00,29.8,86,100.40,0.00,57,0.00,27.1,36.9,27.7
2026-06-04 18:57:00,29.7,87,100.40,0.00,57,0.00,27.1,36.7,27.7
2026-06-04 19:12:00,29.6,86,100.50,0.00,57,0.00,26.9,36.2,27.5
2026-06-04 19:27:00,29.5,86,100.50,0.00,57,0.00,26.9,35.9,27.5
2026-06-04 19:42:00,29.5,87,100.50,0.00,57,0.00,26.9,36.0,27.5
2026-06-04 19:57:00,29.2,87,100.50,0.00,57,0.00,26.7,35.0,27.3
2026-06-04 20:12:00,29.2,87,100.60,0.00,57,0.00,26.6,35.1,27.3
2026-06-04 20:27:00,29.4,87,100.60,0.00,57,0.00,26.8,35.7,27.4
2026-06-04 20:42:00,29.7,87,100.60,0.00,58,0.00,27.1,36.7,27.7
2026-06-04 20:57:00,29.3,87,100.60,0.00,58,0.00,26.8,35.4,27.4
2026-06-04 21:12:00,29.3,87,100.60,0.00,58,0.00,26.7,35.3,27.3
2026-06-04 21:27:00,29.4,87,100.70,0.00,58,0.00,26.8,35.7,27.4
2026-06-04 21:42:00,29.1,87,100.70,0.00,58,0.00,26.5,34.7,27.2
2026-06-04 21:57:00,28.3,87,100.70,0.00,58,0.00,25.8,32.1,26.4
2026-06-04 22:12:00,29.1,87,100.70,0.00,58,0.00,26.6,34.7,27.2
2026-06-04 22:27:00,29.3,87,100.70,0.00,58,0.00,26.7,35.3,27.3
2026-06-04 22:42:00,30.6,86,100.70,0.00,57,0.00,27.8,39.7,28.5
2026-06-04 22:57:00,29.0,87,100.70,0.00,57,0.00,26.5,34.3,27.1
2026-06-04 23:12:00,28.6,87,100.70,0.00,57,0.00,26.0,33.0,26.6
2026-06-04 23:27:00,28.8,85,100.80,0.00,58,0.00,25.9,33.3,26.7
2026-06-04 23:42:00,28.7,87,100.80,0.00,57,0.00,26.2,33.4,26.8
2026-06-04 23:57:00,28.6,85,100.80,0.00,58,0.00,25.7,32.7,26.4
2026-06-05 00:12:00,28.3,86,100.80,0.00,58,0.00,25.5,31.8,26.2
2026-06-05 00:27:00,28.2,85,100.80,0.00,57,0.00,25.4,31.5,26.1
2026-06-05 00:42:00,28.1,86,100.80,0.00,57,0.00,25.4,31.3,26.1
2026-06-05 00:57:00,28.0,86,100.80,0.00,57,0.00,25.2,31.0,25.9
2026-06-05 01:12:00,28.0,87,100.80,0.00,57,0.00,25.4,31.2,26.1
2026-06-05 01:27:00,28.0,85,100.80,0.00,58,0.00,25.1,30.9,25.9
2026-06-05 01:42:00,27.9,85,100.80,0.00,57,0.00,25.1,30.7,25.8
2026-06-05 01:57:00,27.9,87,100.80,0.00,57,0.00,25.4,30.9,26.0
2026-06-05 02:12:00,27.8,87,100.80,0.00,58,0.00,25.2,30.6,25.9
2026-06-05 02:27:00,27.8,85,100.80,0.00,57,0.00,25.0,30.4,25.7
2026-06-05 02:42:00,27.7,85,100.80,0.00,57,0.00,24.9,30.1,25.6
2026-06-05 02:57:00,27.7,87,100.80,0.00,57,0.00,25.2,30.3,25.8
2026-06-05 03:12:00,27.8,86,100.80,0.00,57,0.00,25.1,30.5,25.8
2026-06-05 03:27:00,27.8,86,100.80,0.00,58,0.00,25.1,30.5,25.8
2026-06-05 03:42:00,27.7,86,100.80,0.00,58,0.00,25.1,30.3,25.8
2026-06-05 03:57:00,27.7,87,100.80,0.00,57,0.00,25.2,30.3,25.8
2026-06-05 04:12:00,27.6,86,100.80,0.00,57,0.00,25.0,30.0,25.6
2026-06-05 04:27:00,27.7,85,100.80,0.00,57,0.00,24.8,30.1,25.6
2026-06-05 04:42:00,27.6,85,100.80,0.00,58,0.00,24.7,29.8,25.5
2026-06-05 04:57:00,27.5,85,100.80,0.00,58,0.00,24.6,29.5,25.3
2026-06-05 05:12:00,27.6,85,100.80,0.00,57,0.00,24.8,29.8,25.5
2026-06-05 05:27:00,27.6,86,100.90,0.00,57,0.00,24.9,29.9,25.5
2026-06-05 05:42:00,27.7,86,100.90,0.00,57,0.00,25.0,30.2,25.7
2026-06-05 05:57:00,27.7,86,100.90,0.00,57,0.00,25.0,30.2,25.7
2026-06-05 06:12:00,28.1,86,100.90,0.00,58,0.00,25.4,31.3,26.1
2026-06-05 06:27:00,28.3,85,101.00,0.00,57,0.00,25.3,31.7,26.1
2026-06-05 06:42:00,28.3,83,101.00,0.00,57,0.00,25.1,31.5,25.9
2026-06-05 06:57:00,28.3,85,101.00,0.00,58,0.00,25.3,31.7,26.1
2026-06-05 07:12:00,28.5,85,101.00,0.00,57,0.00,25.6,32.3,26.3
2026-06-05 07:27:00,29.0,84,101.00,0.00,57,0.00,25.7,33.5,26.6
2026-06-05 07:42:00,29.0,83,101.00,0.00,58,0.00,25.7,33.4,26.5
2026-06-05 07:57:00,29.1,83,101.10,0.00,58,0.00,25.8,33.8,26.6
2026-06-05 08:12:00,29.7,84,101.10,0.00,57,0.00,26.5,35.8,27.3
2026-06-05 08:27:00,28.5,81,101.10,0.00,58,0.00,24.8,31.5,25.7
2026-06-05 08:42:00,28.9,83,101.10,0.00,58,0.00,25.5,33.1,26.4
2026-06-05 08:57:00,28.9,84,101.10,0.00,57,0.00,25.9,33.4,26.7
2026-06-05 09:12:00,29.0,83,101.10,0.00,58,0.00,25.6,33.3,26.4
2026-06-05 09:27:00,30.1,83,101.10,0.00,57,0.00,26.6,36.8,27.4
2026-06-05 09:42:00,29.4,84,101.10,0.00,57,0.00,26.3,35.0,27.1
2026-06-05 09:57:00,30.0,84,101.10,0.00,57,0.00,26.9,37.0,27.7
2026-06-05 10:12:00,29.9,84,101.10,0.00,57,0.00,26.8,36.6,27.6
2026-06-05 10:27:00,30.3,84,101.10,0.00,58,0.00,27.0,37.8,27.8
2026-06-05 10:42:00,30.1,83,101.10,0.00,57,0.00,26.6,36.8,27.4
2026-06-05 10:57:00,30.9,83,101.10,0.00,57,0.00,27.5,39.7,28.4
2026-06-05 11:12:00,31.6,84,101.10,0.00,58,0.00,28.3,42.5,29.1
2026-06-05 11:27:00,31.6,84,101.10,0.00,58,0.00,28.2,42.5,29.0
2026-06-05 11:42:00,31.0,81,101.10,0.00,57,0.00,27.1,39.3,28.0
2026-06-05 11:57:00,31.3,83,101.10,0.00,57,0.00,27.8,41.1,28.7
2026-06-05 12:12:00,31.4,83,101.10,0.00,57,0.00,27.9,41.4,28.8
2026-06-05 12:27:00,30.7,81,101.10,0.00,57,0.00,26.9,38.4,27.8
2026-06-05 12:42:00,31.7,82,101.10,0.00,58,0.00,28.1,42.3,29.0
2026-06-05 12:57:00,30.9,81,101.10,0.00,57,0.00,27.1,39.0,28.0
2026-06-05 13:12:00,30.4,83,101.10,0.00,58,0.00,27.0,37.9,27.8
2026-06-05 13:27:00,30.2,80,101.10,0.00,58,0.00,26.2,36.4,27.2
2026-06-05 13:42:00,29.8,81,101.10,0.00,58,0.00,26.0,35.4,27.0
2026-06-05 13:57:00,30.5,81,101.10,0.00,58,0.00,26.7,37.7,27.6
2026-06-05 14:12:00,30.0,81,101.10,0.00,57,0.00,26.2,36.0,27.1
2026-06-05 14:27:00,29.3,82,101.10,0.00,57,0.00,25.8,34.2,26.7
2026-06-05 14:42:00,28.7,82,101.10,0.00,57,0.00,25.2,32.4,26.1
2026-06-05 14:57:00,29.3,82,101.10,0.00,57,0.00,25.6,34.0,26.6
2026-06-05 15:12:00,28.6,82,101.10,0.00,57,0.00,25.1,32.1,26.0
2026-06-05 15:27:00,28.2,82,101.10,0.00,57,0.00,24.7,30.9,25.6
2026-06-05 15:42:00,29.0,81,101.10,0.00,57,0.00,25.2,32.9,26.1
2026-06-05 15:57:00,29.4,81,101.10,0.00,58,0.00,25.5,34.0,26.5
2026-06-05 16:12:00,28.6,81,101.10,0.00,58,0.00,24.9,31.9,25.9
2026-06-05 16:18:00,28.4,82,101.00,0.00,57,0.00,24.9,31.6,25.8
2026-06-05 16:20:00,28.6,84,101.00,0.00,57,0.00,25.4,32.3,26.2
2026-06-05 16:35:00,29.0,83,101.00,0.00,57,0.00,25.6,33.4,26.5
2026-06-05 16:50:00,29.1,83,101.00,0.00,57,0.00,25.6,33.6,26.5
2026-06-05 17:05:00,28.3,81,101.00,0.00,57,0.00,24.6,31.1,25.6
2026-06-05 17:20:00,27.8,81,101.00,0.00,57,0.00,24.1,29.8,25.1
2026-06-05 17:35:00,28.0,82,101.10,0.00,57,0.00,24.5,30.4,25.4
2026-06-05 17:50:00,28.2,81,101.10,0.00,57,0.00,24.5,30.8,25.5
2026-06-05 18:05:00,28.5,84,101.10,0.00,57,0.00,25.5,32.2,26.3
2026-06-05 18:20:00,28.6,82,101.10,0.00,57,0.00,25.2,32.1,26.1
2026-06-05 18:35:00,28.6,83,101.10,0.00,57,0.00,25.3,32.2,26.1
2026-06-05 18:50:00,28.3,77,101.10,0.00,57,0.00,23.7,30.3,24.9
2026-06-05 19:05:00,28.3,77,101.10,0.00,57,0.00,23.7,30.3,24.9
2026-06-05 19:20:00,27.9,76,101.10,0.00,57,0.00,23.2,29.3,24.5
2026-06-05 19:35:00,27.9,76,101.10,0.00,57,0.00,23.2,29.3,24.5
2026-06-05 19:50:00,27.8,77,101.10,0.00,57,0.00,23.3,29.2,24.5
2026-06-05 20:05:00,27.8,77,101.20,0.00,57,0.00,23.3,29.2,24.5
2026-06-05 20:20:00,27.2,82,101.20,0.00,57,0.00,23.7,28.4,24.6
2026-06-05 20:35:00,26.5,77,101.20,0.00,57,0.00,22.1,24.5,23.3
2026-06-05 20:50:00,27.2,75,101.20,0.00,57,0.00,22.2,27.7,23.6
2026-06-05 21:05:00,27.7,73,101.20,0.00,57,0.00,22.2,28.4,23.8
2026-06-05 21:20:00,27.9,73,101.20,0.00,57,0.00,22.6,28.9,24.1
2026-06-05 21:35:00,27.9,73,101.20,0.00,57,0.00,22.4,28.9,24.0
2026-06-05 21:50:00,26.9,79,101.30,0.00,57,0.00,22.9,24.9,24.0
2026-06-05 22:05:00,27.9,74,101.30,0.00,57,0.00,22.6,29.0,24.1
2026-06-05 22:10:00,28.1,74,101.30,0.00,57,0.00,22.8,29.4,24.3
2026-06-05 22:25:00,27.2,72,101.30,0.00,57,0.00,21.5,27.4,23.1
2026-06-05 22:35:00,28.6,75,101.20,0.00,57,0.00,23.5,30.7,24.9
2026-06-05 22:50:00,28.0,73,101.20,0.00,57,0.00,22.5,29.0,24.0
2026-06-05 23:05:00,27.6,77,101.20,1.00,334,0.00,23.1,28.7,24.3
2026-06-05 23:20:00,25.1,79,101.20,0.00,335,0.00,21.3,25.1,22.3
2026-06-05 23:35:00,25.1,80,101.20,0.00,335,0.00,21.4,25.1,22.4
2026-06-05 23:50:00,25.0,82,101.20,0.00,335,0.00,21.7,25.0,22.6
2026-06-06 00:05:00,25.1,82,101.20,0.00,335,0.00,21.9,25.1,22.8
2026-06-06 00:20:00,25.2,84,101.20,0.00,335,0.00,22.3,25.2,23.1
2026-06-06 00:35:00,25.3,83,101.20,0.00,335,0.00,22.1,25.3,23.0
2026-06-06 00:50:00,25.4,84,101.20,0.00,335,0.00,22.5,25.4,23.3
2026-06-06 01:05:00,25.2,83,101.10,0.00,335,0.00,22.1,25.2,22.9
2026-06-06 01:20:00,25.2,82,101.10,0.00,335,0.00,21.9,25.2,22.8
2026-06-06 01:35:00,25.1,86,101.10,0.00,335,0.00,22.5,25.1,23.2
2026-06-06 01:50:00,25.2,82,101.10,0.00,335,0.00,22.0,25.2,22.8
2026-06-06 02:05:00,25.1,85,101.10,0.00,335,0.00,22.5,25.1,23.2
2026-06-06 02:20:00,25.1,84,101.10,0.00,335,0.00,22.3,25.1,23.1
2026-06-06 02:35:00,25.1,83,101.00,0.00,335,0.00,21.9,25.1,22.8
2026-06-06 02:50:00,25.1,84,101.00,0.00,335,0.00,22.2,25.1,22.9
2026-06-06 03:05:00,25.0,84,101.00,0.00,335,0.00,22.1,25.0,22.9
2026-06-06 03:20:00,25.0,84,101.00,0.00,335,0.00,22.0,25.0,22.8
2026-06-06 03:35:00,25.0,82,101.00,0.00,335,0.00,21.7,25.0,22.6
2026-06-06 03:50:00,25.0,83,101.00,0.00,335,0.00,21.8,25.0,22.7
2026-06-06 04:05:00,25.0,82,101.00,0.00,335,0.00,21.8,25.0,22.7
2026-06-06 04:20:00,25.0,82,101.00,0.00,335,0.00,21.7,25.0,22.6
2026-06-06 04:35:00,25.1,82,101.00,0.00,335,0.00,21.8,25.1,22.7
2026-06-06 04:50:00,24.9,84,101.00,0.00,335,0.00,22.1,24.9,22.8
2026-06-06 05:05:00,25.1,82,101.10,0.00,335,0.00,21.9,25.1,22.7
2026-06-06 05:20:00,25.1,84,101.10,0.00,335,0.00,22.1,25.1,22.9
2026-06-06 05:35:00,25.1,85,101.10,0.00,335,0.00,22.5,25.1,23.2
2026-06-06 05:50:00,25.2,85,101.10,0.00,335,0.00,22.6,25.2,23.3
2026-06-06 06:05:00,25.3,86,101.00,0.00,335,0.00,22.6,25.3,23.3
2026-06-06 06:20:00,25.5,82,101.00,0.00,335,0.00,22.2,25.5,23.1
2026-06-06 06:35:00,25.8,86,101.00,0.00,335,0.00,23.2,25.8,23.9
2026-06-06 06:50:00,26.0,84,101.00,0.00,335,0.00,23.0,26.0,23.8
2026-06-06 07:05:00,26.0,86,101.00,0.00,335,0.00,23.3,26.0,24.0
2026-06-06 07:20:00,26.3,83,101.10,0.00,335,0.00,23.1,24.3,23.9
2026-06-06 07:35:00,26.1,85,101.10,0.00,335,0.00,23.4,24.1,24.1
2026-06-06 07:50:00,25.7,86,101.10,0.00,335,0.00,23.1,25.7,23.8
2026-06-06 08:05:00,25.8,86,101.10,0.00,335,0.00,23.3,25.8,23.9
2026-06-06 08:20:00,26.2,83,101.10,0.00,335,0.00,23.1,24.2,23.9
2026-06-06 08:35:00,26.6,82,101.10,0.00,335,0.00,23.3,24.6,24.1
2026-06-06 08:50:00,26.4,86,101.10,0.00,335,0.00,23.7,24.4,24.4
2026-06-06 09:05:00,27.5,82,101.10,0.00,335,0.00,24.2,29.2,25.0
2026-06-06 09:20:00,27.5,81,101.10,0.00,335,0.00,24.0,29.1,24.9
2026-06-06 09:35:00,27.6,69,101.10,0.00,58,0.00,21.3,27.8,23.1
2026-06-06 10:05:00,28.5,59,101.10,0.00,58,0.00,19.5,28.1,22.4
2026-06-06 10:20:00,28.7,74,101.10,0.00,60,0.00,23.5,30.9,24.9
2026-06-06 10:35:00,28.7,82,101.10,0.00,57,0.00,25.2,32.4,26.1
2026-06-06 10:50:00,28.8,74,101.10,0.00,234,0.00,23.5,31.0,25.0
2026-06-06 11:42:00,30.0,75,101.00,0.00,57,0.00,24.9,34.4,26.3
2026-06-06 11:57:00,30.2,75,101.00,0.00,57,0.00,25.1,35.0,26.4
2026-06-06 12:12:00,30.0,75,101.00,0.00,57,0.00,24.8,34.2,26.2
2026-06-06 12:27:00,29.7,74,101.00,0.00,57,0.00,24.4,33.4,25.8
2026-06-06 12:42:00,29.6,74,101.00,0.00,284,0.00,24.2,32.9,25.7
2026-06-06 12:57:00,29.4,72,101.00,0.00,59,0.00,23.7,32.1,25.3
2026-06-06 13:12:00,29.1,74,101.00,0.00,59,0.00,23.8,31.7,25.2
2026-06-06 13:27:00,29.0,73,100.90,0.00,59,0.00,23.5,31.4,25.0
2026-06-06 13:42:00,28.5,74,100.90,0.00,59,0.00,23.1,30.2,24.6
2026-06-06 13:57:00,28.6,74,100.90,0.00,58,0.00,23.2,30.5,24.7
2026-06-06 14:12:00,28.5,84,100.90,0.00,59,0.00,25.4,32.2,26.2
2026-06-06 14:27:00,28.9,83,100.90,0.00,60,0.00,25.6,33.2,26.4
2026-06-06 14:42:00,28.9,83,100.90,0.00,60,0.00,25.6,33.2,26.4
2026-06-06 14:57:00,29.1,79,100.90,0.00,164,0.00,25.0,32.9,26.1
2026-06-06 15:12:00,29.1,72,100.90,0.00,233,0.00,23.4,31.4,25.0
2026-06-06 15:27:00,29.1,72,100.90,0.00,223,0.00,23.4,31.4,25.0
2026-06-06 15:42:00,29.1,73,100.90,0.00,204,0.00,23.7,31.6,25.2
2026-06-06 15:57:00,29.2,73,100.90,0.00,202,0.00,23.7,31.8,25.2
2026-06-06 16:12:00,29.2,69,100.90,0.00,237,0.00,22.6,30.9,24.5
2026-06-06 16:27:00,29.0,72,100.80,0.00,239,0.00,23.2,31.1,24.9
2026-06-06 16:42:00,29.1,72,100.80,0.00,222,0.00,23.3,31.4,24.9
2026-06-06 16:57:00,28.8,73,100.80,0.00,151,0.00,23.3,30.9,24.8
2026-06-06 17:12:00,29.5,74,100.80,0.00,212,0.00,24.1,32.6,25.6
2026-06-06 17:27:00,29.7,73,100.80,0.00,224,0.00,24.1,33.0,25.7
2026-06-06 17:42:00,29.7,73,100.80,0.00,215,0.00,24.2,33.1,25.7
2026-06-06 17:57:00,29.5,73,100.80,0.00,214,0.00,24.0,32.5,25.5
2026-06-06 18:12:00,29.4,73,100.80,0.00,215,0.00,23.8,32.2,25.3
2026-06-06 18:27:00,29.2,72,100.80,0.00,217,0.00,23.6,31.7,25.2
2026-06-06 18:42:00,29.1,72,100.80,0.00,232,0.00,23.3,31.3,24.9
2026-06-06 18:57:00,29.0,72,100.80,0.00,215,0.00,23.3,31.1,24.9
2026-06-06 19:12:00,28.8,72,100.80,0.00,225,0.00,23.0,30.6,24.6
2026-06-06 19:27:00,28.7,71,100.80,0.00,233,0.00,22.8,30.3,24.5
2026-06-06 19:42:00,28.7,71,100.80,0.00,223,0.00,22.8,30.3,24.5
2026-06-06 19:57:00,28.6,71,100.80,0.00,232,0.00,22.6,30.0,24.3
2026-06-06 20:12:00,28.6,71,100.90,0.00,233,0.00,22.6,30.0,24.3
2026-06-06 20:27:00,28.6,71,100.90,0.00,232,0.00,22.5,30.0,24.2
2026-06-06 20:42:00,28.5,71,100.90,0.00,226,0.00,22.5,29.8,24.3
2026-06-06 20:57:00,28.5,71,100.90,0.00,227,0.00,22.5,29.8,24.2
2026-06-06 21:12:00,28.5,71,100.90,0.00,226,0.00,22.5,29.8,24.2
2026-06-06 21:27:00,28.5,55,101.00,0.00,215,0.00,18.4,27.6,21.7
2026-06-06 21:42:00,28.6,70,100.90,0.00,219,0.00,22.4,29.9,24.2
2026-06-06 21:57:00,28.7,71,100.90,0.00,238,0.00,22.7,30.2,24.4
2026-06-06 22:12:00,28.4,91,100.90,0.00,168,0.00,26.6,33.2,27.1
2026-06-06 22:27:00,26.8,77,100.90,0.00,250,0.00,22.3,24.8,23.6
2026-06-06 22:42:00,26.2,74,100.90,0.00,246,0.00,21.3,24.2,22.7
2026-06-06 22:57:00,25.9,75,100.90,0.00,205,0.00,21.0,25.9,22.4
2026-06-06 23:12:00,25.9,75,100.90,0.00,214,0.00,21.1,25.9,22.5
2026-06-06 23:27:00,25.8,71,100.90,0.00,201,0.00,20.1,25.8,21.8
2026-06-06 23:42:00,25.8,74,100.90,0.00,185,0.00,20.7,25.8,22.1
2026-06-06 23:57:00,25.9,72,100.90,0.00,72,0.00,20.4,25.9,22.0
2026-06-07 00:12:00,25.9,73,100.90,0.00,198,0.00,20.6,25.9,22.1
2026-06-07 00:27:00,25.8,73,100.80,0.00,199,0.00,20.6,25.8,22.1
2026-06-07 00:42:00,25.8,73,100.80,0.00,227,0.00,20.5,25.8,22.0
2026-06-07 00:57:00,25.7,71,100.80,0.00,94,0.00,20.1,25.7,21.8
2026-06-07 01:12:00,25.7,74,100.80,0.00,225,0.00,20.8,25.7,22.2
2026-06-07 01:27:00,25.5,73,100.70,0.00,222,0.00,20.2,25.5,21.8
2026-06-07 01:42:00,25.5,75,100.70,0.00,206,0.00,20.7,25.5,22.1
2026-06-07 01:57:00,25.5,74,100.70,0.00,191,0.00,20.4,25.5,21.9
2026-06-07 02:12:00,25.5,74,100.80,0.00,182,0.00,20.6,25.5,22.0
2026-06-07 02:27:00,25.5,74,100.70,0.00,182,0.00,20.5,25.5,21.9
2026-06-07 02:42:00,25.6,72,100.70,0.00,200,0.00,20.0,25.6,21.7
2026-06-07 02:57:00,25.6,73,100.70,0.00,175,0.00,20.4,25.6,22.0
2026-06-07 03:12:00,25.6,74,100.70,0.00,188,0.00,20.7,25.6,22.1
2026-06-07 03:27:00,25.6,74,100.80,0.00,187,0.00,20.5,25.6,22.0
2026-06-07 03:42:00,25.6,73,100.80,0.00,230,0.00,20.3,25.6,21.8
2026-06-07 03:57:00,25.5,75,100.80,0.00,39,0.00,20.8,25.5,22.1
2026-06-07 04:12:00,25.5,73,100.80,0.00,218,0.00,20.2,25.5,21.7
2026-06-07 04:27:00,25.4,74,100.80,0.00,178,0.00,20.4,25.4,21.9
2026-06-07 04:42:00,25.4,76,100.80,0.00,199,0.00,20.7,25.4,22.1
2026-06-07 04:57:00,25.4,74,100.80,0.00,220,0.00,20.5,25.4,21.9
2026-06-07 05:12:00,25.5,75,100.80,0.00,112,0.00,20.8,25.5,22.1
2026-06-07 05:27:00,25.8,74,100.80,0.00,196,0.00,20.7,25.8,22.2
2026-06-07 05:42:00,26.2,76,100.80,0.00,214,0.00,21.5,24.2,22.8
2026-06-07 05:57:00,26.5,75,100.80,0.00,211,0.00,21.6,24.5,23.0
2026-06-07 06:12:00,26.4,78,100.90,0.00,215,0.00,22.1,24.4,23.3
2026-06-07 06:27:00,26.6,79,100.90,0.00,43,0.00,22.6,24.6,23.7
2026-06-07 06:42:00,26.9,78,100.90,0.00,234,0.00,22.7,24.9,23.8
2026-06-07 06:57:00,27.1,79,100.90,0.00,228,0.00,23.0,27.8,24.1
2026-06-07 07:12:00,27.5,79,100.90,0.00,67,0.00,23.5,28.8,24.5
2026-06-07 07:27:00,27.7,82,100.90,0.00,135,0.00,24.3,29.7,25.2
2026-06-07 07:42:00,27.7,81,100.90,0.00,112,0.00,24.0,29.5,25.0
2026-06-07 07:57:00,27.7,79,100.90,0.00,209,0.00,23.7,29.3,24.8
2026-06-07 08:12:00,27.6,80,100.90,0.00,222,0.00,23.8,29.2,24.8
2026-06-07 08:27:00,27.9,83,100.90,0.00,214,0.00,24.6,30.3,25.5
2026-06-07 08:42:00,28.1,84,100.90,0.00,170,0.00,24.9,30.9,25.7
2026-06-07 08:57:00,28.3,84,100.90,0.00,72,0.00,25.2,31.6,26.0
2026-06-07 09:12:00,28.5,84,100.90,0.00,167,0.00,25.3,32.1,26.1
2026-06-07 09:27:00,28.9,85,100.90,0.00,164,0.00,26.0,33.6,26.7
2026-06-07 09:42:00,28.7,83,100.90,0.00,168,0.00,25.3,32.5,26.2
2026-06-07 09:57:00,28.8,85,100.90,0.00,167,0.00,25.9,33.3,26.6
2026-06-07 10:12:00,29.3,87,100.90,0.00,175,0.00,26.7,35.3,27.3
2026-06-07 10:27:00,29.8,86,100.90,0.00,117,0.00,26.9,36.6,27.6
2026-06-07 10:42:00,29.9,85,100.90,0.00,184,0.00,27.0,36.9,27.7
2026-06-07 10:57:00,30.5,85,100.90,0.00,119,0.00,27.6,39.0,28.3
2026-06-07 11:12:00,30.2,85,100.90,0.00,215,0.00,27.2,37.9,27.9
2026-06-07 11:27:00,30.8,85,100.90,0.00,123,0.00,27.8,40.1,28.5
2026-06-07 11:42:00,31.7,82,100.90,0.00,112,0.00,27.9,42.1,28.8
2026-06-07 11:57:00,32.0,80,100.90,0.00,138,0.00,27.7,42.3,28.8
2026-06-07 12:12:00,32.1,83,100.80,0.00,139,0.00,28.5,44.1,29.4
2026-06-07 12:27:00,31.0,81,100.80,0.00,106,0.00,27.1,39.3,28.1
2026-06-07 12:42:00,30.7,83,100.80,0.00,129,0.00,27.2,38.8,28.1
2026-06-07 12:57:00,30.7,82,100.80,0.00,139,0.00,27.0,38.6,27.9
2026-06-07 13:12:00,30.9,80,100.80,0.00,249,0.00,26.8,38.6,27.9
2026-06-07 13:27:00,30.8,80,100.80,0.00,258,0.00,26.7,38.2,27.7
2026-06-07 13:42:00,30.7,80,100.80,0.00,246,0.00,26.6,37.9,27.7
2026-06-07 13:57:00,30.8,80,100.80,0.00,251,0.00,26.6,38.2,27.7
2026-06-07 14:12:00,30.9,80,100.80,0.00,253,0.00,26.8,38.6,27.9
2026-06-07 14:27:00,30.9,80,100.80,0.00,247,0.00,26.7,38.5,27.8
2026-06-07 14:42:00,30.5,79,100.80,0.00,250,0.00,26.3,37.0,27.4
2026-06-07 14:57:00,30.3,79,100.80,0.00,244,0.00,26.1,36.3,27.2
2026-06-07 15:12:00,30.3,79,100.80,0.00,249,0.00,26.1,36.4,27.2
2026-06-07 15:27:00,30.0,79,100.80,0.00,241,0.00,25.7,35.4,26.8
2026-06-07 15:42:00,29.8,79,100.80,0.00,244,0.00,25.5,34.7,26.6
2026-06-07 15:57:00,29.6,77,100.80,0.00,255,0.00,25.0,33.8,26.2
2026-06-07 16:12:00,29.6,78,100.80,0.00,247,0.00,25.2,34.0,26.3
2026-06-07 16:27:00,29.4,78,100.80,0.00,251,0.00,24.8,33.3,26.0
2026-06-07 16:42:00,29.4,77,100.90,0.00,257,0.00,24.7,33.2,26.0
2026-06-07 16:57:00,29.5,77,100.90,0.00,256,0.00,24.8,33.5,26.1
2026-06-07 17:12:00,29.1,78,100.90,0.00,252,0.00,24.6,32.5,25.8
2026-06-07 17:27:00,29.2,78,100.90,0.00,244,0.00,24.8,32.9,26.0
2026-06-07 17:42:00,29.1,78,100.90,0.00,248,0.00,24.7,32.6,25.9
2026-06-07 17:57:00,29.2,78,100.90,0.00,243,0.00,24.8,32.9,26.0
2026-06-07 18:12:00,29.1,76,100.90,0.00,256,0.00,24.3,32.2,25.6
2026-06-07 18:27:00,29.0,78,100.90,0.00,245,0.00,24.7,32.4,25.8
2026-06-07 18:42:00,28.7,78,101.00,0.00,242,0.00,24.3,31.6,25.5
2026-06-07 18:57:00,28.4,77,101.00,0.00,254,0.00,23.9,30.6,25.1
2026-06-07 19:12:00,28.3,78,101.00,0.00,237,0.00,23.9,30.5,25.1
2026-06-07 19:27:00,28.3,77,101.00,0.00,252,0.00,23.8,30.4,25.0
2026-06-07 19:42:00,28.4,77,101.00,0.00,248,0.00,23.7,30.6,25.0
2026-06-07 19:57:00,28.4,78,101.00,0.00,240,0.00,24.0,30.7,25.1
2026-06-07 20:12:00,28.0,76,101.00,0.00,248,0.00,23.3,29.6,24.6
2026-06-07 20:27:00,28.0,78,101.00,0.00,240,0.00,23.6,29.8,24.8
2026-06-07 20:42:00,28.1,77,101.10,0.00,243,0.00,23.6,29.9,24.8
2026-06-07 20:57:00,28.3,76,101.10,0.00,254,0.00,23.6,30.3,24.8
2026-06-07 21:12:00,28.3,76,101.10,0.00,252,0.00,23.5,30.2,24.8
2026-06-07 21:27:00,28.3,77,101.10,0.00,241,0.00,23.7,30.4,24.9
2026-06-07 21:42:00,28.3,77,101.10,0.00,249,0.00,23.6,30.3,24.9
2026-06-07 21:57:00,28.3,76,101.10,0.00,255,0.00,23.5,30.2,24.8
2026-06-07 22:12:00,28.2,76,101.10,0.00,244,0.00,23.5,30.0,24.8
2026-06-07 22:27:00,28.2,76,101.10,0.00,251,0.00,23.4,29.9,24.7
2026-06-07 22:42:00,28.1,76,101.10,0.00,248,0.00,23.3,29.7,24.6
2026-06-07 22:57:00,27.6,75,101.10,0.00,253,0.00,22.7,28.5,24.0
2026-06-09 22:30:00,24.8,91,101.00,0.00,296,0.00,23.2,24.8,23.6
2026-06-09 22:45:00,24.1,70,101.00,0.00,1,0.00,18.3,24.1,20.1
2026-06-09 23:00:00,23.9,72,101.00,0.00,9,0.00,18.5,23.9,20.2
2026-06-09 23:15:00,23.9,40,101.00,0.00,152,0.00,9.5,23.9,15.5
2026-06-09 23:30:00,23.9,69,101.00,0.00,2,0.00,17.8,23.9,19.8
2026-06-09 23:45:00,23.9,34,101.00,0.00,114,0.00,7.1,23.9,14.5
2026-06-10 00:00:00,23.8,34,101.00,0.00,123,0.00,7.0,23.8,14.4
2026-06-10 00:15:00,23.7,36,101.00,0.00,129,0.00,7.7,23.7,14.6
2026-06-10 00:30:00,23.6,69,101.00,0.00,0,0.00,17.6,23.6,19.5
2026-06-10 00:45:00,23.6,67,101.00,0.00,331,0.00,17.1,23.6,19.2
2026-06-10 01:00:00,23.5,73,101.00,0.00,16,0.00,18.4,23.5,20.0
2026-06-10 01:15:00,23.5,49,101.00,0.00,251,0.00,12.2,23.5,16.6
2026-06-10 01:30:00,23.4,69,101.00,0.00,344,0.00,17.4,23.4,19.3
2026-06-10 01:45:00,23.4,57,101.00,0.00,230,0.00,14.3,23.4,17.6
2026-06-10 02:00:00,23.3,31,101.00,0.00,102,0.00,5.2,23.3,13.5
2026-06-10 02:15:00,23.2,33,101.00,0.00,128,0.00,6.0,23.2,13.7
2026-06-10 02:30:00,23.2,72,101.00,0.00,14,0.00,17.8,23.2,19.5
2026-06-10 02:45:00,23.1,72,101.00,0.00,6,0.00,17.8,23.1,19.5
2026-06-10 03:00:00,23.0,36,101.00,0.00,153,0.00,7.2,23.0,14.1
2026-06-10 03:15:00,23.1,32,101.00,0.00,99,0.00,5.5,23.1,13.5
2026-06-10 03:30:00,23.0,35,101.00,0.00,143,0.00,6.7,23.0,14.0
2026-06-10 03:45:00,23.0,65,101.00,0.00,299,0.00,16.1,23.0,18.4
2026-06-10 04:00:00,22.9,73,101.00,0.00,10,0.00,17.7,22.9,19.3
2026-06-10 04:15:00,22.8,66,101.00,0.00,4,0.00,16.1,22.8,18.4
2026-06-10 04:30:00,22.9,61,101.00,0.00,335,0.00,14.9,22.9,17.7
2026-06-10 04:45:00,22.9,32,101.00,0.00,122,0.00,5.3,22.9,13.3
2026-06-10 05:00:00,22.9,65,101.00,0.00,353,0.00,16.0,22.9,18.3
2026-06-10 05:15:00,23.0,51,101.00,0.00,268,0.00,12.3,23.0,16.4
2026-06-10 05:30:00,23.2,44,101.00,0.00,207,0.00,10.3,23.2,15.6
2026-06-10 05:45:00,23.5,66,101.00,0.00,317,0.00,16.8,23.5,19.0
2026-06-10 06:00:00,23.9,35,101.00,0.00,120,0.00,7.5,23.9,14.6
2026-06-10 06:15:00,24.3,33,101.00,0.00,99,0.00,7.0,24.3,14.6
2026-06-10 06:30:00,24.6,33,101.00,0.00,101,0.00,7.3,24.6,14.9
2026-06-10 06:45:00,24.9,65,101.00,0.00,322,0.00,17.9,24.9,20.2
2026-06-10 07:00:00,25.1,64,101.00,0.00,310,0.00,17.8,25.1,20.2
2026-06-10 07:15:00,25.2,44,101.00,0.00,183,0.00,12.1,25.2,17.2
2026-06-10 07:30:00,25.5,66,101.00,0.00,329,0.00,18.7,25.5,20.8
2026-06-10 07:45:00,26.0,34,101.00,0.00,96,0.00,8.9,26.0,16.1
2026-06-10 08:00:00,26.5,64,101.00,0.00,322,0.00,19.1,24.5,21.4
2026-06-10 08:15:00,26.2,71,101.00,0.00,15,0.00,20.5,24.2,22.2
2026-06-10 08:30:00,25.6,62,101.00,0.00,305,0.00,17.8,25.6,20.4
2026-06-10 08:45:00,26.1,69,101.00,0.00,6,0.00,20.0,24.1,21.8
2026-06-10 09:00:00,26.8,47,101.00,0.00,195,0.00,14.6,24.8,19.1
2026-06-10 09:15:00,26.7,65,101.00,0.00,325,0.00,19.5,24.7,21.7
2026-06-10 17:27:00,28.3,52,101.00,0.00,266,0.00,17.2,27.0,21.0
2026-06-10 17:42:00,28.2,53,101.00,0.00,273,0.00,17.4,26.9,21.0
2026-06-10 17:57:00,28.1,56,101.00,0.00,305,0.00,18.2,27.1,21.5
2026-06-10 18:12:00,27.9,49,101.00,0.00,246,0.00,15.8,26.2,20.1
2026-06-10 18:27:00,27.7,50,101.00,0.00,267,0.00,16.3,26.2,20.3
2026-06-10 18:42:00,27.6,50,101.00,0.00,266,0.00,16.2,26.1,20.2
2026-06-10 18:57:00,27.6,50,101.00,0.00,263,0.00,16.3,26.1,20.3
2026-06-10 19:12:00,27.5,50,101.00,0.00,264,0.00,16.1,25.9,20.2
2026-06-10 19:27:00,26.9,49,101.00,0.00,264,0.00,15.3,24.9,19.4
2026-06-10 19:42:00,26.6,54,101.00,0.00,294,0.00,16.6,24.6,20.0
2026-06-10 19:57:00,27.0,50,101.00,0.00,264,0.00,15.7,25.4,19.7
2026-06-10 20:12:00,27.4,52,101.00,0.00,270,0.00,16.4,25.9,20.2
2026-06-10 22:12:00,27.5,52,101.00,0.00,269,0.00,16.4,26.0,20.3
2026-06-10 22:42:00,27.7,50,101.00,0.00,270,0.00,16.3,26.2,20.3
2026-06-10 22:57:00,27.7,54,101.00,0.00,297,0.00,17.6,26.5,21.0
2026-06-10 23:12:00,27.8,56,101.00,0.00,294,0.00,17.9,26.7,21.2
2026-06-10 23:27:00,27.8,56,101.00,0.00,294,0.00,17.9,26.7,21.2
2026-06-10 23:42:00,27.7,52,101.00,0.00,270,0.00,16.7,26.2,20.5
2026-06-10 23:57:00,27.6,56,101.00,0.00,297,0.00,17.7,26.5,21.0
2026-06-11 00:12:00,27.5,52,101.00,0.00,269,0.00,16.4,26.0,20.3
2026-06-11 01:12:00,25.9,47,101.00,0.00,151,0.00,13.7,25.9,18.3
2026-06-11 01:27:00,25.9,80,101.00,0.00,24,0.00,22.2,25.9,23.2
2026-06-11 01:42:00,25.8,75,101.00,0.00,2,0.00,21.1,25.8,22.4
2026-06-11 01:57:00,25.8,62,101.00,0.00,249,0.00,18.0,25.8,20.5
2026-06-11 02:12:00,25.8,76,101.00,0.00,339,0.00,21.2,25.8,22.5
2026-06-11 02:27:00,25.8,80,101.00,0.00,0,0.00,22.1,25.8,23.1
2026-06-11 02:42:00,25.7,79,101.00,0.00,6,0.00,21.8,25.7,22.9
2026-06-11 02:57:00,25.7,75,101.00,0.00,327,0.00,21.0,25.7,22.3
2026-06-11 03:12:00,25.7,81,101.00,0.00,6,0.00,22.2,25.7,23.2
2026-06-11 03:57:00,25.7,82,101.00,0.00,13,0.00,22.3,25.7,23.2
2026-06-11 04:12:00,25.6,59,101.00,0.00,285,0.00,17.0,25.6,19.9
2026-06-11 04:42:00,25.6,54,101.00,0.00,251,0.00,15.6,25.6,19.1
2026-06-11 04:57:00,25.6,73,101.00,0.00,308,0.00,20.4,25.6,21.9
2026-06-11 05:12:00,25.6,69,101.00,0.00,339,0.00,19.4,25.6,21.3
2026-06-11 05:27:00,25.6,65,101.00,0.00,258,0.00,18.5,25.6,20.8
2026-06-11 05:42:00,25.6,63,101.00,0.00,309,0.00,18.1,25.6,20.5
2026-06-11 05:57:00,25.6,62,101.00,0.00,308,0.00,17.8,25.6,20.3
2026-06-11 06:12:00,25.6,65,101.00,0.00,249,0.00,18.5,25.6,20.7
2026-06-11 06:27:00,25.6,80,101.00,0.00,353,0.00,21.9,25.6,22.9
2026-06-11 06:42:00,25.6,82,101.00,0.00,10,0.00,22.3,25.6,23.2
2026-06-11 07:12:00,25.7,62,101.00,0.00,231,0.00,17.8,25.7,20.4
2026-06-11 07:27:00,25.8,76,101.00,0.00,318,0.00,21.2,25.8,22.5
2026-06-11 07:57:00,26.0,64,101.00,0.00,252,0.00,18.7,26.0,21.0
2026-06-11 08:12:00,26.0,68,101.00,0.00,327,0.00,19.7,26.0,21.6
2026-06-11 08:42:00,26.3,72,101.00,0.00,308,0.00,20.9,24.3,22.5
2026-06-11 08:57:00,26.4,76,101.00,0.00,348,0.00,21.8,24.4,23.1
2026-06-11 09:27:00,26.1,75,101.00,0.00,320,0.00,21.3,24.1,22.6
2026-06-11 09:42:00,26.3,74,101.00,0.00,326,0.00,21.3,24.3,22.7
2026-06-11 09:57:00,26.4,67,101.00,0.00,281,0.00,19.7,24.4,21.8
2026-06-11 10:42:00,28.3,78,101.00,0.00,1,0.00,23.9,30.5,25.1
2026-06-11 12:12:00,30.5,72,101.00,0.00,312,0.00,24.6,34.9,26.2
2026-06-11 12:27:00,29.1,80,101.00,0.00,13,0.00,25.1,33.0,26.2
2026-06-11 12:42:00,29.5,77,101.00,0.00,359,0.00,24.8,33.4,26.1
2026-06-11 12:57:00,31.6,75,101.00,0.00,335,0.00,26.4,39.1,27.7
2026-06-11 14:12:00,32.8,74,101.00,0.00,314,0.00,27.1,42.4,28.6
2026-06-11 14:42:00,33.2,82,101.00,0.00,12,0.00,29.3,45.0,30.2
2026-06-11 15:27:00,32.8,78,101.00,0.00,353,0.00,28.0,44.2,29.2
2026-06-11 15:42:00,32.7,78,101.00,0.00,350,0.00,27.9,43.8,29.1
2026-06-11 15:57:00,32.5,78,101.00,0.00,356,0.00,27.9,43.5,29.1
2026-06-11 16:42:00,32.4,80,101.00,0.00,0,0.00,28.3,44.1,29.3
2026-06-11 16:57:00,32.7,60,101.00,0.00,249,0.00,23.3,36.6,26.1
2026-06-11 17:12:00,32.5,82,101.00,0.00,4,0.00,28.6,44.9,29.5
2026-06-11 18:27:00,31.5,80,101.00,0.00,9,0.00,27.4,40.7,28.4
2026-06-11 18:42:00,31.2,64,101.00,0.00,234,0.00,23.3,34.4,25.6
2026-06-11 18:57:00,31.1,67,101.00,0.00,290,0.00,23.9,35.0,25.9
2026-06-11 19:12:00,30.5,66,101.00,0.00,252,0.00,23.2,33.3,25.3
2026-06-11 19:27:00,30.3,69,101.00,0.00,281,0.00,23.7,33.5,25.6
2026-06-11 19:39:00,28.8,53,101.00,0.00,348,0.00,17.9,27.7,21.6
2026-06-11 19:51:00,28.5,46,101.00,0.00,308,0.00,15.4,26.6,20.1
2026-06-11 20:03:00,28.2,48,101.00,0.00,317,0.00,15.8,26.5,20.2
2026-06-11 20:15:00,28.1,48,101.00,0.00,317,0.00,15.7,26.3,20.1
2026-06-11 20:27:00,28.0,55,101.00,0.00,5,0.00,17.8,26.9,21.3
2026-06-11 21:03:00,27.8,56,101.00,0.00,2,0.00,17.9,26.7,21.2
2026-06-11 21:15:00,27.7,56,101.00,0.00,243,0.00,17.8,26.6,21.1
2026-06-11 21:27:00,27.5,54,101.00,0.00,239,0.00,17.4,26.3,20.8
2026-06-11 21:51:00,27.2,56,101.00,0.00,248,0.00,17.7,26.1,20.9
2026-06-11 22:30:00,27.4,52,101.00,0.00,233,0.00,16.6,26.0,20.4
2026-06-11 22:45:00,27.0,46,101.00,0.00,171,0.00,14.4,25.2,19.1
2026-06-11 23:00:00,27.3,26,101.00,0.00,51,0.00,6.1,24.5,15.4
2026-06-11 23:15:00,27.5,30,101.00,0.00,66,0.00,8.4,24.8,16.5
2026-06-11 23:30:00,27.4,24,101.00,0.00,45,0.00,5.0,24.5,15.1
2026-06-11 23:45:00,27.1,26,101.00,0.00,52,0.00,5.9,24.3,15.3
2026-06-12 00:00:00,27.3,52,101.00,0.00,192,0.00,16.3,25.8,20.1
2026-06-12 00:15:00,27.3,30,101.00,0.00,64,0.00,8.2,24.6,16.3
2026-06-12 00:30:00,27.3,30,101.00,0.00,60,0.00,7.6,24.6,16.1
2026-06-12 00:45:00,27.3,50,101.00,0.00,189,0.00,15.6,25.7,19.8
2026-06-12 01:00:00,27.1,26,101.00,0.00,51,0.00,6.0,24.3,15.3
2026-06-12 01:15:00,27.1,24,101.00,0.00,45,0.00,4.8,24.3,14.9
2026-06-12 01:30:00,27.1,30,101.00,0.00,58,0.00,8.0,24.5,16.2
2026-06-12 01:45:00,27.1,28,101.00,0.00,57,0.00,7.0,24.4,15.8
2026-06-12 02:00:00,27.1,51,101.00,0.00,195,0.00,16.1,25.6,19.9
2026-06-12 02:15:00,26.9,26,101.00,0.00,52,0.00,5.8,24.9,15.2
2026-06-12 02:30:00,27.0,25,101.00,0.00,49,0.00,5.3,24.3,15.0
2026-06-12 02:45:00,27.0,24,101.00,0.00,43,0.00,4.7,24.2,14.8
2026-06-12 03:00:00,26.9,26,101.00,0.00,51,0.00,5.8,24.9,15.2
2026-06-12 03:15:00,26.9,32,101.00,0.00,79,0.00,8.8,24.9,16.4
2026-06-12 03:30:00,26.9,54,101.00,0.00,237,0.00,16.8,24.9,20.2
2026-06-12 03:45:00,26.8,33,101.00,0.00,91,0.00,9.2,24.8,16.6
2026-06-12 04:00:00,26.8,27,101.00,0.00,52,0.00,6.2,24.8,15.3
2026-06-12 04:15:00,26.8,29,101.00,0.00,60,0.00,7.2,24.8,15.7
2026-06-12 04:30:00,26.8,33,101.00,0.00,93,0.00,9.1,24.8,16.5
2026-06-12 04:45:00,26.7,34,101.00,0.00,76,0.00,9.6,24.7,16.7
2026-06-12 05:00:00,26.7,32,101.00,0.00,81,0.00,8.6,24.7,16.3
2026-06-12 05:15:00,26.7,38,101.00,0.00,106,0.00,11.2,24.7,17.4
2026-06-12 05:30:00,26.8,37,101.00,0.00,118,0.00,10.9,24.8,17.3
2026-06-12 05:45:00,27.0,29,101.00,0.00,63,0.00,7.4,24.4,15.9
2026-06-12 06:00:00,27.2,26,101.00,0.00,37,0.00,6.0,24.4,15.4
2026-06-12 06:15:00,27.3,48,101.00,0.00,175,0.00,15.0,25.5,19.5
2026-06-12 06:30:00,27.4,36,101.00,0.00,105,0.00,10.6,24.9,17.4
2026-06-12 06:45:00,27.8,32,101.00,0.00,72,0.00,9.1,25.0,16.9
2026-06-12 07:00:00,27.8,25,101.00,0.00,46,0.00,5.3,24.7,15.4
2026-06-12 07:15:00,27.5,42,101.00,0.00,130,0.00,13.1,25.3,18.6
2026-06-12 07:30:00,28.1,28,101.00,0.00,52,0.00,7.3,25.1,16.2
2026-06-12 07:45:00,28.6,27,101.00,0.00,51,0.00,7.2,25.4,16.4
2026-06-12 08:00:00,28.7,33,101.00,0.00,70,0.00,10.4,25.8,17.8
2026-06-12 08:15:00,29.2,46,101.00,0.00,166,0.00,16.0,27.4,20.7
2026-06-12 08:30:00,29.3,25,101.00,0.00,48,0.00,6.6,25.9,16.4
2026-06-12 08:45:00,30.3,55,101.00,0.00,237,0.00,20.0,30.4,23.3
2026-06-12 09:00:00,30.7,33,101.00,0.00,70,0.00,12.1,27.7,19.4
2026-06-12 09:15:00,30.1,33,101.00,0.00,84,0.00,11.6,27.1,18.9
2026-06-12 09:30:00,29.9,53,101.00,0.00,201,0.00,18.9,29.4,22.5
2026-06-12 09:45:00,30.5,54,101.00,0.00,209,0.00,19.8,30.6,23.2
2026-06-12 10:00:00,30.6,28,101.00,0.00,54,0.00,9.5,27.2,18.1
2026-06-12 10:15:00,30.6,48,101.00,0.00,175,0.00,18.0,29.6,22.3
2026-06-12 10:30:00,31.5,27,101.00,0.00,54,0.00,9.7,28.0,18.5
2026-06-12 10:45:00,31.5,51,101.00,0.00,186,0.00,19.8,31.8,23.6
2026-06-12 11:00:00,31.4,22,101.00,0.00,127,0.00,6.4,27.5,17.1
2026-06-12 11:15:00,31.5,29,101.00,0.00,181,0.00,10.7,28.2,19.0
2026-06-12 11:30:00,32.3,32,101.00,0.00,204,0.00,13.0,29.5,20.4
2026-06-12 11:45:00,31.9,25,101.00,0.00,156,0.00,8.8,28.2,18.3
2026-06-12 12:00:00,31.6,57,101.00,0.00,0,0.00,21.7,33.4,24.7
2026-06-12 12:15:00,31.7,51,101.00,0.00,335,0.00,19.9,32.1,23.7
2026-06-12 12:30:00,31.3,33,101.00,0.00,210,0.00,12.6,28.4,19.8
2026-06-12 12:45:00,30.8,24,101.00,0.00,153,0.00,7.3,27.1,17.3
2026-06-12 13:00:00,30.8,31,101.00,0.00,193,0.00,11.2,27.6,19.0
2026-06-12 13:15:00,30.7,24,101.00,0.00,151,0.00,7.1,27.0,17.1
2026-06-12 13:30:00,30.8,57,101.00,0.00,3,0.00,21.0,31.8,24.0
2026-06-12 13:45:00,30.7,53,101.00,0.00,335,0.00,19.7,30.7,23.3
2026-06-12 14:00:00,30.5,37,101.00,0.00,248,0.00,13.7,27.9,20.0
2026-06-12 14:15:00,30.5,51,101.00,0.00,329,0.00,18.9,30.0,22.7
2026-06-12 14:30:00,30.1,29,101.00,0.00,187,0.00,9.6,26.8,18.0
2026-06-12 14:45:00,30.3,25,101.00,0.00,156,0.00,7.4,26.7,17.1
2026-06-12 15:00:00,30.8,25,101.00,0.00,157,0.00,7.8,27.2,17.5
2026-06-12 15:15:00,30.7,55,101.00,0.00,353,0.00,20.3,31.1,23.6
2026-06-12 15:30:00,30.6,25,101.00,0.00,151,0.00,7.7,27.0,17.4
2026-06-12 15:45:00,30.3,26,101.00,0.00,168,0.00,8.0,26.8,17.4
2026-06-12 16:00:00,30.3,30,101.00,0.00,192,0.00,10.2,27.0,18.3
2026-06-12 16:15:00,30.2,57,101.00,0.00,0,0.00,20.5,30.6,23.5
2026-06-12 16:20:00,30.0,57,101.00,0.00,1,0.00,20.2,30.3,23.3
2026-06-12 16:35:00,29.9,28,101.00,0.00,180,0.00,8.9,26.5,17.6
2026-06-12 16:50:00,29.7,29,101.00,0.00,187,0.00,9.2,26.4,17.7
2026-06-12 17:05:00,29.5,37,101.00,0.00,258,0.00,12.8,26.8,19.2
2026-06-12 17:20:00,29.3,58,101.00,0.00,12,0.00,19.9,29.2,22.9
2026-06-12 17:35:00,29.2,39,101.00,0.00,249,0.00,13.4,26.7,19.4
2026-06-12 17:50:00,29.2,26,101.00,0.00,169,0.00,7.1,25.8,16.6
2026-06-12 18:05:00,29.1,46,101.00,0.00,296,0.00,15.9,27.3,20.6
2026-06-12 18:20:00,29.0,26,101.00,0.00,166,0.00,6.9,25.7,16.4
2026-06-12 18:35:00,28.7,26,101.00,0.00,168,0.00,6.7,25.4,16.2
2026-06-12 19:10:00,28.2,56,101.00,0.00,5,0.00,18.3,27.3,21.6
2026-06-12 19:25:00,28.2,32,101.00,0.00,216,0.00,9.4,25.3,17.2
2026-06-12 19:40:00,28.1,26,101.00,0.00,162,0.00,6.2,25.0,15.8
2026-06-12 19:55:00,28.2,49,101.00,0.00,323,0.00,16.1,26.5,20.4
2026-06-12 20:10:00,27.6,34,101.00,0.00,242,0.00,10.3,25.0,17.4
2026-06-12 20:25:00,27.6,50,101.00,0.00,335,0.00,16.2,26.1,20.2
2026-06-12 20:40:00,27.8,26,101.00,0.00,165,0.00,6.0,24.8,15.6
2026-06-12 21:00:00,27.5,26,101.00,0.00,171,0.00,6.2,24.6,15.6
2026-06-12 21:15:00,27.2,49,101.00,0.00,329,0.00,15.5,25.6,19.7
2026-06-12 21:30:00,27.0,24,101.00,0.00,157,0.00,4.7,24.2,14.8
2026-06-12 21:45:00,26.8,26,101.00,0.00,175,0.00,5.6,24.8,15.1
2026-06-12 22:00:00,26.8,29,101.00,0.00,195,0.00,7.3,24.8,15.8
2026-06-12 22:15:00,26.8,28,101.00,0.00,192,0.00,6.7,24.8,15.5
2026-06-12 22:30:00,27.1,32,101.00,0.00,218,0.00,9.0,24.6,16.6
2026-06-12 22:45:00,27.4,56,101.00,0.00,0,0.00,17.5,26.2,20.8
2026-06-12 23:00:00,27.4,26,101.00,0.00,172,0.00,6.2,24.5,15.6
2026-06-12 23:15:00,27.4,50,101.00,0.00,336,0.00,16.1,25.8,20.1
2026-06-12 23:30:00,27.5,26,101.00,0.00,171,0.00,6.2,24.6,15.6
2026-06-12 23:45:00,27.4,26,101.00,0.00,177,0.00,6.2,24.5,15.5
2026-06-13 00:00:00,27.5,38,101.00,0.00,246,0.00,11.9,25.2,18.0
2026-06-13 00:15:00,27.6,26,101.00,0.00,174,0.00,6.3,24.7,15.7
2026-06-13 00:30:00,27.6,52,101.00,0.00,336,0.00,16.6,26.1,20.4
2026-06-13 00:45:00,27.7,52,101.00,0.00,348,0.00,16.9,26.3,20.6
2026-06-13 01:00:00,27.7,28,101.00,0.00,180,0.00,7.0,24.8,16.0
2026-06-13 01:15:00,27.7,28,101.00,0.00,183,0.00,7.5,24.8,16.2
2026-06-13 01:30:00,27.7,52,101.00,0.00,341,0.00,16.6,26.2,20.4
2026-06-13 01:45:00,27.6,28,101.00,0.00,187,0.00,7.5,24.8,16.1
2026-06-13 02:00:00,27.5,30,101.00,0.00,195,0.00,7.9,24.7,16.3
2026-06-13 02:15:00,27.5,32,101.00,0.00,215,0.00,9.3,24.9,16.9
2026-06-13 02:30:00,27.5,54,101.00,0.00,357,0.00,17.3,26.3,20.8
2026-06-13 02:45:00,27.5,54,101.00,0.00,359,0.00,17.4,26.3,20.8
2026-06-13 03:00:00,27.4,54,101.00,0.00,3,0.00,17.3,26.1,20.7
2026-06-13 03:15:00,27.5,26,101.00,0.00,172,0.00,6.2,24.6,15.6
2026-06-13 03:30:00,27.5,28,101.00,0.00,183,0.00,7.3,24.7,16.0
2026-06-13 03:45:00,27.5,52,101.00,0.00,339,0.00,16.4,26.0,20.3
2026-06-13 04:00:00,27.5,50,101.00,0.00,336,0.00,16.2,25.9,20.2
2026-06-13 04:15:00,27.5,46,101.00,0.00,311,0.00,14.5,25.6,19.3
2026-06-13 04:30:00,27.6,54,101.00,0.00,2,0.00,17.1,26.3,20.7
2026-06-13 04:45:00,27.6,56,101.00,0.00,5,0.00,17.7,26.5,21.0
2026-06-13 05:00:00,27.5,26,101.00,0.00,177,0.00,6.3,24.6,15.6
2026-06-13 05:15:00,27.6,56,101.00,0.00,0,0.00,17.7,26.5,21.0
2026-06-13 05:30:00,27.7,30,101.00,0.00,187,0.00,8.0,24.9,16.4
2026-06-13 05:45:00,27.7,56,101.00,0.00,3,0.00,17.8,26.6,21.1
2026-06-13 06:00:00,27.8,28,101.00,0.00,175,0.00,7.0,24.8,16.0
2026-06-13 06:15:00,27.8,43,101.00,0.00,276,0.00,13.7,25.7,19.1
2026-06-13 06:30:00,27.9,29,101.00,0.00,183,0.00,7.7,25.0,16.4
2026-06-13 06:45:00,28.1,52,101.00,0.00,341,0.00,17.0,26.7,20.8
2026-06-13 07:00:00,28.1,29,101.00,0.00,184,0.00,7.8,25.1,16.5
2026-06-13 07:15:00,27.3,52,101.00,0.00,342,0.00,16.3,25.8,20.1
2026-06-13 07:30:00,27.7,54,101.00,0.00,357,0.00,17.2,26.4,20.8
2026-06-13 07:45:00,27.6,36,101.00,0.00,239,0.00,10.7,25.1,17.5
2026-06-13 08:00:00,27.7,56,101.00,0.00,3,0.00,17.8,26.6,21.1
2026-06-13 08:15:00,27.8,29,101.00,0.00,190,0.00,7.6,24.9,16.2
2026-06-13 08:30:00,28.0,27,101.00,0.00,172,0.00,6.7,25.0,16.0
2026-06-13 09:10:00,27.9,28,101.00,0.00,181,0.00,7.2,24.9,16.1
2026-06-13 09:25:00,28.2,44,101.00,0.00,284,0.00,14.4,26.1,19.5
2026-06-13 09:40:00,28.7,33,101.00,0.00,205,0.00,10.4,25.8,17.8
2026-06-13 09:55:00,28.9,51,101.00,0.00,335,0.00,17.4,27.6,21.3
2026-06-13 10:10:00,28.4,59,101.00,0.00,193,0.00,19.3,27.9,22.2
2026-06-13 10:25:00,28.7,40,101.00,0.00,341,0.00,13.3,26.3,19.2
2026-06-13 10:40:00,28.6,40,101.00,0.00,169,0.00,13.2,26.2,19.1
2026-06-13 10:55:00,29.7,39,101.00,0.00,0,0.00,13.8,27.2,19.8
2026-06-13 11:10:00,29.8,40,101.00,0.00,180,0.00,14.3,27.5,20.1
2026-06-13 11:25:00,30.0,40,101.00,0.00,199,0.00,14.5,27.7,20.2
2026-06-13 11:40:00,27.9,39,101.00,0.00,36,0.00,12.3,25.5,18.4
2026-06-13 11:55:00,27.8,59,101.00,0.00,54,0.00,18.7,27.0,21.7
2026-06-13 12:10:00,29.9,40,101.00,0.00,297,0.00,14.4,27.6,20.2
2026-06-13 13:00:00,28.4,39,101.00,0.00,13,0.00,12.7,25.9,18.8
2026-06-13 13:15:00,27.2,58,101.10,0.00,181,0.00,18.2,26.2,21.2
2026-06-13 13:30:00,27.0,38,101.00,0.00,18,0.00,11.5,24.8,17.7
2026-06-13 13:45:00,26.9,38,101.00,0.00,354,0.00,11.4,24.9,17.5
2026-06-13 14:00:00,26.6,38,101.00,0.00,338,0.00,11.1,24.6,17.3
2026-06-13 15:00:00,23.9,42,101.00,0.00,302,0.00,10.2,23.9,15.8
2026-06-13 15:15:00,24.6,40,101.00,0.00,321,0.00,10.1,24.6,16.1
2026-06-13 15:30:00,23.9,39,101.00,0.00,305,0.00,9.1,23.9,15.3
2026-06-13 15:45:00,23.7,39,101.00,0.00,299,0.00,8.9,23.7,15.1
2026-06-13 16:00:00,23.6,39,101.00,0.00,276,0.00,8.8,23.6,15.0
2026-06-13 16:15:00,23.0,39,101.00,0.00,315,0.00,8.3,23.0,14.6
2026-06-13 16:30:00,23.3,39,101.00,0.00,91,0.00,8.6,23.3,14.8
2026-06-13 16:45:00,23.5,39,100.90,0.00,121,0.00,8.7,23.5,15.0
2026-06-13 17:00:00,23.9,40,100.90,0.00,130,0.00,9.5,23.9,15.5
2026-06-13 17:15:00,23.7,39,100.90,0.00,278,0.00,8.9,23.7,15.2
2026-06-13 17:30:00,24.2,38,100.90,0.00,276,0.00,9.0,24.2,15.4
2026-06-13 17:45:00,24.5,38,100.90,0.00,275,0.00,9.2,24.5,15.6
2026-06-13 18:00:00,24.7,38,100.90,0.00,306,0.00,9.4,24.7,15.8
2026-06-13 18:15:00,24.9,38,100.90,0.00,312,0.00,9.5,24.9,15.9
2026-06-13 18:30:00,24.9,39,100.90,0.00,314,0.00,10.0,24.9,16.1
2026-06-13 18:45:00,24.9,39,100.90,0.00,287,0.00,10.0,24.9,16.1
2026-06-13 19:00:00,24.1,38,100.90,0.00,315,0.00,8.9,24.1,15.3
2026-06-13 19:15:00,23.2,39,100.90,0.00,290,0.00,8.4,23.2,14.7
2026-06-13 19:30:00,23.6,38,100.90,0.00,314,0.00,8.5,23.6,14.9
2026-06-13 19:45:00,23.3,38,100.90,0.00,273,0.00,8.2,23.3,14.7
2026-06-13 20:00:00,23.3,38,100.90,0.00,309,0.00,8.2,23.3,14.7
2026-06-13 20:15:00,24.4,39,100.90,0.00,275,0.00,9.5,24.4,15.7
2026-06-13 20:30:00,24.3,39,100.90,0.00,279,0.00,9.5,24.3,15.6
2026-06-13 20:45:00,23.4,38,100.90,0.00,294,0.00,8.2,23.4,14.7
2026-06-13 22:00:00,23.5,58,100.90,0.00,315,0.40,14.8,23.5,17.9
2026-06-13 22:15:00,24.4,100,100.90,0.00,267,0.50,24.4,24.4,24.4
2026-06-13 22:30:00,24.5,44,100.90,0.00,318,0.40,11.4,24.5,16.6
2026-06-13 22:45:00,24.1,45,100.90,0.00,291,0.30,11.4,24.1,16.4
2026-06-13 23:00:00,23.8,100,100.80,0.00,13,0.20,23.8,23.8,23.8
2026-06-13 23:15:00,23.8,100,100.80,0.00,15,0.20,23.8,23.8,23.8
2026-06-13 23:30:00,24.1,100,100.80,0.00,336,0.20,24.1,24.1,24.2
2026-06-13 23:45:00,24.1,100,100.80,0.00,13,0.30,24.1,24.1,24.2
2026-06-14 00:00:00,24.2,100,100.80,0.00,339,0.40,24.2,24.2,24.2
2026-06-14 00:15:00,24.2,100,100.80,0.00,13,0.50,24.2,24.2,24.2
2026-06-14 00:30:00,24.3,100,100.70,0.00,336,0.50,24.3,24.3,24.3
2026-06-14 00:45:00,24.2,100,100.70,0.00,4,0.50,24.2,24.2,24.2
2026-06-14 01:00:00,24.3,100,100.70,0.00,13,0.50,24.3,24.3,24.3
2026-06-14 01:15:00,24.2,100,100.70,0.00,354,0.50,24.2,24.2,24.3
2026-06-14 01:30:00,24.0,100,100.70,0.00,351,0.60,24.0,24.0,24.1
2026-06-14 01:45:00,23.9,100,100.70,0.00,10,0.40,23.9,23.9,23.9
2026-06-14 02:00:00,23.9,100,100.70,0.00,7,0.50,23.9,23.9,23.9
2026-06-14 02:15:00,23.8,100,100.70,0.00,7,0.50,23.8,23.8,23.8
2026-06-14 02:30:00,23.8,100,100.70,0.00,335,0.40,23.8,23.8,23.8
2026-06-14 02:45:00,23.8,100,100.60,0.00,7,0.40,23.8,23.8,23.8
2026-06-14 03:00:00,23.8,100,100.60,0.00,339,0.40,23.8,23.8,23.9
2026-06-14 03:15:00,23.8,100,100.60,0.00,341,0.40,23.8,23.8,23.8
2026-06-14 03:30:00,23.8,100,100.60,0.00,332,0.40,23.8,23.8,23.8
2026-06-14 03:45:00,23.7,100,100.60,0.00,335,0.40,23.7,23.7,23.8
2026-06-14 04:00:00,23.8,100,100.60,0.00,341,0.30,23.8,23.8,23.8
2026-06-14 04:15:00,23.8,100,100.60,0.00,6,0.30,23.8,23.8,23.8
2026-06-14 04:30:00,23.7,100,100.60,0.00,354,0.50,23.7,23.7,23.8
2026-06-14 04:45:00,23.7,100,100.60,0.00,351,0.40,23.7,23.7,23.7
2026-06-14 05:00:00,23.8,100,100.60,0.00,15,0.40,23.8,23.8,23.8
2026-06-14 05:15:00,23.9,100,100.60,0.00,4,0.40,23.9,23.9,23.9
2026-06-14 05:30:00,23.9,100,100.60,0.00,332,0.30,23.9,23.9,23.9
2026-06-14 05:45:00,23.9,100,100.70,0.00,10,0.20,23.9,23.9,23.9
2026-06-14 06:00:00,24.0,100,100.70,0.00,332,0.30,24.0,24.0,24.0
2026-06-14 06:15:00,24.0,100,100.70,0.00,7,0.50,24.0,24.0,24.1
2026-06-14 06:30:00,24.4,100,100.70,0.00,330,0.50,24.4,24.4,24.4
2026-06-14 06:45:00,24.5,100,100.70,0.00,333,0.40,24.4,24.5,24.5
2026-06-14 07:00:00,24.6,100,100.70,0.00,330,0.40,24.6,24.6,24.6
2026-06-14 07:15:00,24.5,100,100.70,0.00,332,0.30,24.5,24.5,24.6
2026-06-14 07:30:00,24.7,100,100.70,0.00,338,0.40,24.7,24.7,24.7
2026-06-14 07:45:00,24.8,100,100.70,0.00,342,0.40,24.8,24.8,24.8
2026-06-14 08:00:00,25.1,100,100.70,0.00,333,0.20,25.1,25.1,25.1
2026-06-14 08:15:00,25.2,100,100.70,0.00,10,0.20,25.2,25.2,25.3
2026-06-14 08:30:00,25.2,100,100.70,0.00,342,0.20,25.2,25.2,25.2
2026-06-14 08:45:00,25.0,100,100.70,0.00,359,0.30,25.0,25.0,25.0
2026-06-14 09:00:00,25.1,100,100.70,0.00,16,0.30,25.1,25.1,25.1
2026-06-14 09:15:00,24.6,100,100.70,0.00,15,0.30,24.6,24.6,24.7
2026-06-14 09:30:00,25.3,100,100.70,0.00,15,0.30,25.3,25.3,25.3
2026-06-14 13:00:00,26.5,95,100.70,0.00,278,0.40,25.6,24.5,25.9
2026-06-14 13:15:00,26.5,96,100.70,0.00,278,0.40,25.8,24.5,26.0
2026-06-14 13:30:00,26.3,96,100.70,0.00,275,0.40,25.6,24.3,25.8
2026-06-14 13:45:00,26.3,96,100.70,0.00,279,0.40,25.6,24.3,25.8
2026-06-14 14:00:00,26.2,96,100.70,0.00,278,0.40,25.5,24.2,25.7
2026-06-14 14:25:00,26.2,96,100.70,0.00,275,0.50,25.5,24.2,25.7
2026-06-14 14:40:00,26.2,97,100.70,0.00,279,0.50,25.6,24.2,25.8
2026-06-14 14:55:00,26.2,97,100.60,0.00,275,0.50,25.7,24.2,25.9
2026-06-14 15:10:00,26.2,97,100.60,0.00,275,0.50,25.7,24.2,25.8
2026-06-14 15:25:00,26.1,97,100.70,0.00,278,0.50,25.6,24.1,25.8
2026-06-14 15:40:00,26.3,97,100.60,0.00,278,0.50,25.7,24.3,25.9
2026-06-14 15:55:00,26.9,97,100.70,0.00,278,0.50,26.3,24.9,26.5
2026-06-14 16:10:00,26.5,97,100.60,0.00,279,0.50,25.9,24.5,26.1
2026-06-14 16:25:00,26.1,97,100.70,0.00,278,0.50,25.5,24.1,25.7
2026-06-14 16:40:00,25.7,98,100.70,0.00,267,0.50,25.3,25.7,25.4
2026-06-14 16:55:00,24.9,100,100.70,0.00,175,0.50,24.9,24.9,24.9
2026-06-14 17:10:00,24.9,100,100.70,0.00,246,0.50,24.9,24.9,25.0
2026-06-14 17:25:00,25.6,100,100.70,0.00,266,0.50,25.6,25.6,25.7
2026-06-14 17:40:00,26.4,98,100.70,0.00,276,0.60,26.1,24.4,26.2
2026-06-14 17:55:00,26.0,97,100.70,0.00,273,0.60,25.5,26.0,25.6
2026-06-14 18:10:00,25.6,98,100.70,0.00,275,0.60,25.3,25.6,25.4
2026-06-14 18:25:00,25.6,100,100.70,0.00,273,0.70,25.6,25.6,25.7
2026-06-14 18:40:00,25.5,100,100.70,0.00,275,0.70,25.5,25.5,25.6
2026-06-14 18:55:00,25.6,100,100.70,0.00,275,0.80,14.4,25.6,18.5
2026-06-14 19:10:00,27.1,100,100.70,0.00,174,0.80,15.8,30.2,19.8
2026-06-14 19:25:00,26.2,90,100.70,0.00,275,0.80,24.4,24.2,24.8
2026-06-14 19:40:00,26.1,95,100.70,0.00,276,0.80,25.2,24.1,25.5
2026-06-14 19:55:00,26.0,95,100.70,0.00,278,0.80,25.2,26.0,25.4
2026-06-14 20:10:00,25.9,97,100.70,0.00,284,0.80,25.4,25.9,25.5
2026-06-14 20:25:00,25.9,96,100.80,0.00,279,0.80,25.2,25.9,25.4
2026-06-14 21:00:00,25.8,97,100.80,0.00,278,0.90,25.3,25.8,25.5
2026-06-14 21:15:00,25.5,97,100.80,0.00,278,0.90,25.0,25.5,25.1
2026-06-14 21:30:00,25.4,97,100.80,0.00,276,0.80,24.9,25.4,25.1
2026-06-14 21:45:00,25.4,97,100.80,0.00,284,0.80,24.9,25.4,25.0
2026-06-14 22:00:00,25.7,97,100.80,0.00,279,0.90,25.2,25.7,25.3
2026-06-14 22:15:00,25.5,98,100.80,0.00,279,0.90,25.2,25.5,25.3
2026-06-14 22:30:00,25.3,97,100.80,0.00,276,0.90,24.8,25.3,25.0
2026-06-14 22:45:00,25.3,97,100.90,0.00,281,0.90,24.7,25.3,24.9
2026-06-14 23:00:00,25.2,97,100.80,0.00,278,0.90,24.7,25.2,24.8
2026-06-14 23:15:00,25.2,97,100.80,0.00,279,0.90,24.6,25.2,24.8
2026-06-14 23:30:00,25.2,97,100.80,0.00,279,0.90,24.6,25.2,24.8
2026-06-14 23:45:00,25.1,97,100.80,0.00,279,0.90,24.6,25.1,24.7
2026-06-15 00:00:00,25.2,97,100.80,0.00,278,0.90,24.7,25.2,24.9
2026-06-15 00:15:00,25.2,97,100.80,0.00,281,0.90,24.7,25.2,24.8
2026-06-15 00:30:00,25.2,97,100.80,0.00,281,0.90,24.7,25.2,24.9
2026-06-15 00:45:00,25.2,97,100.80,0.00,282,0.90,24.7,25.2,24.9
2026-06-15 01:00:00,25.3,97,100.90,0.00,281,1.00,24.7,25.3,24.9
2026-06-15 01:15:00,25.3,97,100.80,0.00,281,1.00,24.8,25.3,24.9
2026-06-15 01:30:00,25.3,97,100.80,0.00,279,1.00,24.8,25.3,24.9
2026-06-15 01:45:00,25.3,97,100.90,0.00,279,1.00,24.8,25.3,24.9
2026-06-15 02:00:00,25.3,97,100.90,0.00,279,1.00,24.8,25.3,25.0
2026-06-15 02:15:00,25.3,97,100.90,0.00,279,1.00,24.8,25.3,25.0
2026-06-15 02:30:00,25.4,97,100.90,0.00,285,1.00,24.8,25.4,25.0
2026-06-15 02:45:00,25.3,97,100.90,0.00,285,1.00,24.8,25.3,24.9
2026-06-15 03:00:00,25.3,97,100.90,0.00,278,1.00,24.8,25.3,25.0
2026-06-15 03:15:00,25.3,97,100.90,0.00,279,1.00,24.8,25.3,25.0
2026-06-15 03:30:00,25.4,97,100.90,0.00,278,1.00,24.8,25.4,25.0
2026-06-15 03:45:00,25.4,97,100.90,0.00,276,1.00,24.9,25.4,25.1
2026-06-15 04:00:00,25.3,97,100.90,0.00,278,1.00,24.8,25.3,25.0
2026-06-15 04:15:00,25.3,97,100.90,0.00,276,1.00,24.8,25.3,25.0
2026-06-15 04:30:00,25.4,97,100.90,0.00,281,1.00,24.8,25.4,25.0
2026-06-15 04:45:00,25.4,97,100.90,0.00,279,1.00,24.9,25.4,25.1
2026-06-15 05:00:00,25.4,97,100.90,0.00,278,1.00,24.9,25.4,25.1
2026-06-15 05:15:00,25.5,97,100.90,0.00,279,1.00,24.9,25.5,25.1
2026-06-15 05:30:00,25.5,97,100.90,0.00,279,0.90,25.0,25.5,25.1
2026-06-15 05:45:00,25.5,97,100.90,0.00,279,0.90,25.0,25.5,25.1
2026-06-15 06:00:00,25.5,97,100.90,0.00,278,0.90,25.0,25.5,25.2
2026-06-15 06:15:00,25.7,97,100.90,0.00,281,0.90,25.2,25.7,25.4
2026-06-15 06:30:00,25.8,97,100.90,0.00,279,0.90,25.3,25.8,25.5
2026-06-15 06:45:00,25.9,97,101.00,0.00,278,0.70,25.4,25.9,25.6
2026-06-15 07:00:00,26.0,97,101.00,0.00,279,0.70,25.5,26.0,25.7
2026-06-15 07:15:00,26.0,97,101.00,0.00,276,1.10,25.5,26.0,25.7
2026-06-15 07:30:00,26.4,97,101.00,0.00,276,1.20,25.8,24.4,26.0
2026-06-15 07:45:00,26.5,97,101.00,0.00,279,1.20,26.0,24.5,26.2
2026-06-15 08:00:00,26.5,96,101.00,0.00,284,1.10,25.8,24.5,26.0
2026-06-15 08:15:00,26.8,96,101.00,0.00,276,1.00,26.1,24.8,26.3
2026-06-15 08:30:00,26.8,96,101.00,0.00,281,1.10,26.1,24.8,26.3
2026-06-15 08:45:00,26.9,96,101.00,0.00,278,1.00,26.2,24.9,26.4
2026-06-15 09:00:00,26.7,95,101.00,0.00,281,0.90,25.8,24.7,26.0
2026-06-15 09:15:00,26.4,96,101.10,0.00,281,1.30,25.7,24.4,25.9
2026-06-15 09:30:00,26.4,96,101.10,0.00,278,1.20,25.7,24.4,25.9
2026-06-15 09:45:00,26.6,96,101.10,0.00,279,0.90,25.9,24.6,26.1
2026-06-15 10:00:00,26.6,96,101.10,0.00,279,0.90,25.9,24.6,26.1
2026-06-15 10:15:00,26.4,96,101.10,0.00,279,0.90,25.7,24.4,25.9
2026-06-15 10:30:00,26.3,96,101.10,0.00,279,0.90,25.6,24.3,25.8
2026-06-15 10:45:00,26.6,97,101.10,0.00,281,0.80,26.1,24.6,26.2
2026-06-15 11:00:00,26.9,96,101.10,0.00,278,0.90,26.2,24.9,26.4
2026-06-15 11:15:00,27.1,96,101.10,0.00,278,0.90,26.4,29.8,26.6
2026-06-15 11:30:00,27.2,95,101.00,0.00,279,0.90,26.4,30.0,26.6
2026-06-15 11:45:00,27.2,95,101.00,0.00,278,0.90,26.3,30.0,26.6
2026-06-15 12:00:00,26.9,95,101.10,0.00,281,1.10,26.0,24.9,26.3
2026-06-15 12:15:00,27.1,95,101.00,0.00,285,0.90,26.3,29.6,26.5
2026-06-15 12:30:00,26.7,95,101.10,0.00,278,1.00,25.8,24.7,26.0
2026-06-15 12:45:00,27.3,96,101.00,0.00,279,1.20,26.4,30.3,26.7
2026-06-15 13:00:00,26.9,95,101.00,0.00,279,1.10,26.0,24.9,26.3
2026-06-15 13:15:00,26.7,95,101.00,0.00,276,1.10,25.9,24.7,26.1
2026-06-15 13:30:00,26.7,95,101.00,0.00,281,1.00,25.8,24.7,26.1
2026-06-15 13:45:00,27.1,95,101.00,0.00,284,0.80,26.2,29.6,26.4
2026-06-15 14:00:00,26.9,95,101.00,0.00,275,1.00,26.0,24.9,26.3
2026-06-15 14:15:00,26.8,95,101.00,0.00,279,1.00,26.0,24.8,26.2
2026-06-15 14:30:00,27.1,95,101.00,0.00,278,1.00,26.2,29.6,26.5
2026-06-15 14:45:00,26.9,96,101.00,0.00,276,0.80,26.2,24.9,26.4
2026-06-15 15:00:00,26.7,96,101.00,0.00,279,0.80,26.0,24.7,26.2
2026-06-15 15:15:00,26.8,96,101.00,0.00,279,0.80,26.1,24.8,26.3
2026-06-15 15:30:00,26.7,97,101.00,0.00,279,0.80,26.2,24.7,26.3
2026-06-15 15:45:00,26.7,97,101.00,0.00,278,0.80,26.2,24.7,26.3
2026-06-15 16:00:00,26.2,97,101.00,0.00,275,0.90,25.7,24.2,25.9
2026-06-15 16:15:00,25.6,97,101.10,0.00,263,0.80,25.1,25.6,25.3
2026-06-15 16:30:00,25.8,97,101.10,0.00,260,0.80,25.3,25.8,25.4
2026-06-15 16:45:00,26.2,97,101.00,0.00,281,0.80,25.7,24.2,25.8
2026-06-15 17:00:00,26.3,97,101.00,0.00,281,0.80,25.8,24.3,25.9
2026-06-15 17:45:00,26.0,97,101.10,0.00,282,1.20,25.5,26.0,25.7
2026-06-15 18:00:00,26.1,97,101.10,0.00,279,1.10,25.6,24.1,25.8
2026-06-15 18:15:00,26.1,97,101.10,0.00,282,1.10,25.6,24.1,25.7
2026-06-15 18:30:00,26.1,97,101.10,0.00,276,1.00,25.6,24.1,25.8
2026-06-15 18:45:00,25.6,97,101.10,0.00,275,1.10,25.1,25.6,25.3
2026-06-15 19:00:00,25.5,98,101.10,0.00,272,0.00,25.2,25.5,25.3
2026-06-15 19:15:00,25.8,98,101.10,0.00,279,1.20,25.4,25.8,25.5
2026-06-15 19:30:00,25.8,98,101.10,0.00,273,1.30,25.5,25.8,25.6
2026-06-15 19:45:00,25.8,98,101.20,0.00,278,1.30,25.4,25.8,25.5
2026-06-15 20:00:00,25.7,98,101.20,0.00,279,1.30,25.4,25.7,25.5
2026-06-15 20:15:00,25.8,98,101.20,0.00,278,1.30,25.5,25.8,25.6
2026-06-15 20:30:00,25.8,98,101.20,0.00,278,1.30,25.4,25.8,25.5
2026-06-15 20:45:00,25.7,98,101.20,0.00,285,1.30,25.3,25.7,25.4
2026-06-15 21:00:00,25.6,98,101.20,0.00,278,1.40,25.3,25.6,25.4
2026-06-15 21:15:00,25.6,98,101.20,0.00,278,1.30,25.2,25.6,25.3
2026-06-15 21:30:00,25.5,98,101.20,0.00,276,1.40,25.1,25.5,25.2
2026-06-15 21:45:00,25.4,98,101.20,0.00,276,1.30,25.1,25.4,25.2
2026-06-15 22:00:00,25.4,98,101.20,0.00,276,1.30,25.1,25.4,25.2
2026-06-15 22:15:00,25.5,98,101.20,0.00,278,1.30,25.2,25.5,25.3
2026-06-15 22:30:00,25.6,98,101.20,0.00,276,1.30,25.2,25.6,25.3
2026-06-15 22:45:00,25.5,98,101.20,0.00,276,1.30,25.2,25.5,25.3
2026-06-15 23:00:00,25.4,98,101.20,0.00,273,1.30,25.1,25.4,25.2
2026-06-15 23:15:00,25.4,98,101.20,0.00,275,1.30,25.1,25.4,25.2
2026-06-15 23:30:00,25.4,98,101.10,0.00,276,1.30,25.0,25.4,25.2
2026-06-15 23:45:00,25.2,98,101.10,0.00,276,1.30,24.9,25.2,25.0
2026-06-16 00:00:00,25.1,98,101.10,0.00,278,1.40,24.8,25.1,24.9
2026-06-16 00:15:00,25.0,98,101.10,0.00,276,1.30,24.7,25.0,24.8
2026-06-16 00:30:00,25.0,98,101.10,0.00,276,1.30,24.7,25.0,24.8
2026-06-16 00:45:00,25.0,100,101.10,0.00,275,1.40,25.0,25.0,25.0
2026-06-16 01:00:00,25.0,100,101.10,0.00,276,1.40,25.0,25.0,25.1
2026-06-16 01:15:00,25.1,100,101.10,0.00,276,1.40,25.1,25.1,25.1
2026-06-16 01:30:00,25.1,100,101.10,0.00,276,1.30,25.1,25.1,25.1
2026-06-16 01:45:00,25.1,100,101.10,0.00,276,1.30,25.1,25.1,25.1
2026-06-16 02:00:00,25.2,100,101.10,0.00,276,2.70,25.2,25.2,25.2
2026-06-16 02:15:00,25.2,100,101.10,0.00,276,3.00,25.2,25.2,25.3
2026-06-16 02:30:00,25.2,100,101.10,0.00,287,2.70,25.2,25.2,25.2
2026-06-16 02:45:00,25.2,100,101.10,0.00,276,2.70,25.2,25.2,25.2
2026-06-16 03:00:00,25.2,100,101.10,0.00,278,2.60,25.2,25.2,25.2
2026-06-16 03:15:00,25.1,100,101.10,0.00,275,2.70,25.1,25.1,25.2
2026-06-16 03:30:00,25.2,100,101.00,0.00,276,2.80,25.2,25.2,25.2
2026-06-16 03:45:00,25.2,100,101.00,0.00,276,2.80,25.2,25.2,25.3
2026-06-16 04:00:00,25.2,100,101.10,0.00,275,2.90,25.2,25.2,25.3
2026-06-16 04:15:00,25.2,100,101.10,0.00,276,2.90,25.2,25.2,25.2
2026-06-16 04:30:00,25.2,100,101.10,0.00,276,2.80,25.2,25.2,25.2
2026-06-16 04:45:00,25.2,100,101.10,0.00,275,2.80,25.1,25.2,25.2
2026-06-16 05:00:00,25.1,100,101.10,0.00,278,2.70,25.1,25.1,25.2
2026-06-16 05:15:00,25.2,100,101.10,0.00,278,2.80,25.2,25.2,25.2
2026-06-16 05:30:00,25.1,100,101.10,0.00,284,2.70,25.1,25.1,25.2
2026-06-16 05:45:00,25.2,100,101.10,0.00,278,2.70,25.2,25.2,25.2
2026-06-16 06:00:00,25.2,100,101.10,0.00,276,2.60,25.1,25.2,25.2
2026-06-16 06:15:00,25.3,100,101.10,0.00,273,2.60,25.3,25.3,25.3
2026-06-16 06:30:00,25.3,100,101.10,0.00,284,2.60,25.3,25.3,25.3
2026-06-16 06:45:00,25.5,100,101.10,0.00,275,2.70,25.5,25.5,25.5
2026-06-16 07:00:00,25.7,98,101.10,0.00,278,2.60,25.4,25.7,25.5
2026-06-16 07:15:00,26.0,98,101.10,0.00,278,2.60,25.7,26.0,25.8
2026-06-16 07:30:00,26.1,98,101.10,0.00,279,2.70,25.8,24.1,25.9
2026-06-16 07:45:00,26.1,98,101.10,0.00,281,2.60,25.7,24.1,25.8
2026-06-16 08:00:00,26.1,98,101.10,0.00,279,2.70,25.8,24.1,25.9
2026-06-16 08:15:00,26.0,98,101.10,0.00,287,2.60,25.7,26.0,25.8
2026-06-16 08:30:00,26.0,98,101.10,0.00,279,2.60,25.7,26.0,25.8
2026-06-16 08:45:00,26.1,97,101.10,0.00,279,2.60,25.6,24.1,25.7
2026-06-16 09:00:00,25.9,97,101.10,0.00,287,2.60,25.4,25.9,25.5
2026-06-16 09:15:00,26.0,97,101.10,0.00,278,2.70,25.5,26.0,25.7
2026-06-16 09:30:00,26.1,97,101.10,0.00,288,2.70,25.5,24.1,25.7
2026-06-16 09:45:00,26.4,97,101.10,0.00,279,2.70,25.9,24.4,26.0
2026-06-16 10:00:00,26.6,97,101.10,0.00,279,2.70,26.0,24.6,26.2
2026-06-16 10:15:00,26.8,97,101.10,0.00,281,2.70,26.2,24.8,26.4
2026-06-16 10:30:00,27.3,98,101.10,0.00,279,2.60,26.7,30.6,26.9
2026-06-16 10:45:00,27.0,97,101.10,0.00,279,2.70,26.5,29.5,26.7
2026-06-16 11:00:00,27.7,98,101.10,0.00,278,2.70,27.2,32.0,27.3
2026-06-16 11:15:00,26.8,97,101.10,0.00,279,2.60,26.3,24.8,26.5
2026-06-16 11:30:00,27.2,97,101.10,0.00,278,2.70,26.7,30.2,26.9
2026-06-16 11:45:00,27.7,98,101.10,0.00,278,2.80,27.2,32.0,27.4
2026-06-16 12:00:00,27.5,96,101.10,0.00,279,2.80,26.8,31.1,27.0
2026-06-16 12:15:00,27.3,98,101.10,0.00,279,2.90,26.7,30.6,26.9
2026-06-16 12:30:00,26.9,96,101.10,0.00,279,2.80,26.2,24.9,26.4
2026-06-16 12:45:00,26.7,96,101.00,0.00,278,2.70,26.0,24.7,26.2
2026-06-16 13:00:00,26.6,96,101.00,0.00,279,2.70,25.9,24.6,26.1
2026-06-16 13:15:00,26.6,97,101.00,0.00,279,2.80,26.1,24.6,26.3
2026-06-16 13:30:00,26.5,96,101.00,0.00,288,2.80,25.8,24.5,26.0
2026-06-16 13:45:00,26.5,97,101.00,0.00,288,2.80,26.0,24.5,26.1
2026-06-16 14:00:00,26.5,97,101.00,0.00,279,2.80,26.0,24.5,26.1
2026-06-16 14:15:00,26.3,97,101.00,0.00,281,2.80,25.8,24.3,26.0
2026-06-16 14:30:00,26.2,97,101.00,0.00,278,2.80,25.7,24.2,25.8
2026-06-16 14:45:00,26.3,97,101.00,0.00,279,2.80,25.8,24.3,25.9
2026-06-16 15:00:00,26.3,97,101.00,0.00,279,2.80,25.8,24.3,26.0
2026-06-16 15:15:00,26.2,97,101.00,0.00,279,2.80,25.7,24.2,25.8
2026-06-16 15:30:00,26.2,97,101.00,0.00,279,2.90,25.7,24.2,25.9
2026-06-16 15:45:00,26.5,97,101.00,0.00,278,2.90,25.9,24.5,26.1
2026-06-16 16:00:00,26.5,98,100.90,0.00,94,2.90,26.1,24.5,26.3
2026-06-16 16:15:00,26.1,97,101.00,0.00,279,2.90,25.6,24.1,25.8
2026-06-16 16:30:00,26.0,98,101.00,0.00,281,2.80,25.6,26.0,25.8
2026-06-16 16:45:00,25.9,97,101.00,0.00,281,2.90,25.4,25.9,25.6
2026-06-16 17:00:00,26.0,97,101.00,0.00,281,2.80,25.4,26.0,25.6
2026-06-16 17:15:00,25.9,97,101.00,0.00,279,2.80,25.4,25.9,25.5
2026-06-16 17:30:00,26.0,97,101.00,0.00,279,2.80,25.4,26.0,25.6
2026-06-16 17:45:00,26.0,98,101.00,0.00,278,2.90,25.6,26.0,25.7
2026-06-16 18:00:00,25.8,98,101.00,0.00,279,2.90,25.5,25.8,25.6
2026-06-16 18:15:00,25.9,97,101.00,0.00,278,2.80,25.4,25.9,25.5
2026-06-16 18:30:00,25.9,98,101.00,0.00,279,2.90,25.6,25.9,25.7
2026-06-16 19:00:00,25.9,97,101.00,0.00,276,2.90,25.4,25.9,25.6
2026-06-16 19:15:00,25.9,98,101.00,0.00,279,2.90,25.6,25.9,25.7
2026-06-16 19:30:00,25.8,97,101.00,0.00,279,2.90,25.3,25.8,25.5
2026-06-16 19:45:00,25.7,97,101.00,0.00,278,2.90,25.2,25.7,25.4
2026-06-16 20:00:00,25.7,98,101.00,0.00,279,2.80,25.3,25.7,25.4
2026-06-16 20:15:00,25.6,97,101.00,0.00,278,2.90,25.1,25.6,25.3
2026-06-16 20:30:00,25.6,98,101.00,0.00,278,2.90,25.3,25.6,25.4
2026-06-16 20:45:00,25.7,98,101.00,0.00,287,2.90,25.3,25.7,25.4
2026-06-16 21:00:00,25.6,98,101.00,0.00,279,2.90,25.3,25.6,25.4
2026-06-16 21:15:00,25.7,97,101.00,0.00,287,2.90,25.2,25.7,25.3
2026-06-16 21:30:00,25.7,97,101.00,0.00,279,2.90,25.1,25.7,25.3
2026-06-16 21:45:00,25.7,97,101.00,0.00,279,2.90,25.2,25.7,25.3
2026-06-16 22:00:00,25.8,97,101.00,0.00,279,2.90,25.3,25.8,25.4
2026-06-16 22:15:00,25.7,98,101.10,0.00,282,2.90,25.4,25.7,25.5
2026-06-16 22:30:00,25.8,98,101.10,0.00,279,2.90,25.5,25.8,25.6
2026-06-16 22:45:00,25.7,98,101.10,0.00,278,2.90,25.4,25.7,25.5
2026-06-16 23:00:00,25.6,98,101.00,0.00,285,2.80,25.3,25.6,25.4
2026-06-16 23:15:00,25.5,98,101.00,0.00,279,2.90,25.2,25.5,25.3
2026-06-16 23:30:00,25.4,98,101.00,0.00,281,2.90,25.1,25.4,25.2
2026-06-16 23:45:00,25.3,98,101.00,0.00,281,2.90,24.9,25.3,25.0
2026-06-17 00:00:00,25.1,98,101.00,0.00,281,2.90,24.8,25.1,24.9
2026-06-17 00:15:00,25.1,98,101.00,0.00,279,2.90,24.8,25.1,24.9
2026-06-17 00:30:00,25.2,100,101.00,0.00,279,2.90,25.2,25.2,25.2
2026-06-17 00:45:00,25.2,100,101.00,0.00,279,2.90,25.2,25.2,25.3
2026-06-17 01:00:00,25.2,100,101.00,0.00,281,2.90,25.2,25.2,25.3
2026-06-17 01:15:00,25.2,100,101.00,0.00,279,2.90,25.1,25.2,25.2
2026-06-17 01:30:00,25.2,98,101.00,0.00,276,2.90,24.8,25.2,25.0
2026-06-17 01:45:00,25.2,98,101.00,0.00,281,2.90,24.8,25.2,25.0
2026-06-17 02:00:00,25.0,98,101.00,0.00,278,2.90,24.7,25.0,24.8
2026-06-17 02:15:00,25.0,98,101.00,0.00,278,2.90,24.7,25.0,24.8
2026-06-17 02:30:00,25.0,98,101.00,0.00,276,2.90,24.6,25.0,24.7
2026-06-17 02:45:00,24.9,98,101.00,0.00,279,2.90,24.5,24.9,24.6
2026-06-17 03:00:00,24.9,98,100.90,0.00,281,2.90,24.6,24.9,24.7
2026-06-17 03:15:00,24.9,98,101.00,0.00,276,2.90,24.6,24.9,24.7
2026-06-17 03:30:00,25.0,98,101.00,0.00,278,2.90,24.7,25.0,24.8
2026-06-17 03:45:00,25.0,98,100.90,0.00,279,2.80,24.7,25.0,24.8
2026-06-17 04:00:00,25.0,98,100.90,0.00,278,2.80,24.7,25.0,24.8
2026-06-17 04:15:00,25.0,98,101.00,0.00,278,2.80,24.7,25.0,24.8
2026-06-17 04:30:00,25.0,98,101.00,0.00,279,2.80,24.7,25.0,24.8
2026-06-17 04:45:00,25.1,98,101.00,0.00,281,2.80,24.7,25.1,24.8
2026-06-17 05:00:00,25.1,98,101.00,0.00,279,2.80,24.8,25.1,24.9
2026-06-17 05:15:00,25.2,98,101.00,0.00,279,2.80,24.9,25.2,25.0
2026-06-17 05:30:00,25.2,98,101.00,0.00,278,2.90,24.9,25.2,25.0
2026-06-17 05:45:00,25.2,98,101.00,0.00,285,2.80,24.9,25.2,25.0
2026-06-17 06:00:00,25.3,98,101.00,0.00,281,2.90,25.0,25.3,25.1
2026-06-17 06:15:00,25.5,98,101.00,0.00,278,2.90,25.2,25.5,25.3
2026-06-17 06:30:00,25.7,98,101.10,0.00,278,2.90,25.4,25.7,25.5
2026-06-17 06:45:00,25.8,98,101.10,0.00,281,2.90,25.5,25.8,25.6
2026-06-17 07:00:00,25.9,98,101.10,0.00,279,2.90,25.6,25.9,25.7
2026-06-17 07:15:00,26.2,98,101.10,0.00,288,2.90,25.9,24.2,26.0
2026-06-17 07:30:00,26.6,97,101.10,0.00,278,2.90,26.0,24.6,26.2
2026-06-17 07:45:00,26.7,97,101.10,0.00,279,2.90,26.2,24.7,26.4
2026-06-17 08:00:00,27.0,96,101.10,0.00,279,2.90,26.3,29.4,26.5
2026-06-17 08:15:00,27.0,96,101.10,0.00,279,2.80,26.3,29.4,26.5
2026-06-17 08:30:00,27.3,96,101.10,0.00,287,2.90,26.6,30.4,26.8
2026-06-17 08:45:00,27.6,94,101.10,0.00,281,2.80,26.6,31.2,26.8
2026-06-17 09:00:00,28.0,92,101.00,0.00,284,2.70,26.4,32.0,26.8
2026-06-17 09:15:00,28.0,93,101.00,0.00,282,2.70,26.5,32.2,26.9
2026-06-17 09:30:00,28.4,91,101.00,0.00,278,2.70,26.6,33.2,27.0
2026-06-17 09:45:00,29.1,85,101.00,0.00,293,2.70,26.1,34.1,26.8
2026-06-17 10:00:00,29.7,83,101.00,0.00,105,2.70,26.3,35.6,27.1
2026-06-17 10:15:00,30.1,83,101.00,0.00,121,2.70,26.7,36.9,27.6
2026-06-17 10:30:00,30.6,86,101.00,0.00,115,2.70,27.8,39.6,28.5
2026-06-17 10:45:00,30.8,79,101.00,0.00,121,2.70,26.5,37.9,27.6
2026-06-17 11:00:00,30.5,77,101.00,0.00,121,2.70,25.7,36.3,27.0
2026-06-17 11:15:00,30.4,79,101.00,0.00,105,2.70,26.2,36.6,27.2
2026-06-17 11:30:00,30.7,85,101.00,0.00,121,2.70,27.7,39.7,28.4
2026-06-17 11:45:00,31.1,74,101.00,0.00,120,2.70,25.7,37.2,27.1
2026-06-17 12:00:00,31.3,72,101.00,0.00,121,2.70,25.4,37.2,27.0
2026-06-17 12:15:00,30.5,71,101.00,0.00,121,2.70,24.4,34.6,26.1
2026-06-17 12:30:00,30.0,86,100.90,0.00,118,2.70,27.2,37.4,27.9
2026-06-17 12:45:00,30.1,85,100.90,0.00,108,2.70,27.1,37.5,27.8
2026-06-17 13:00:00,30.1,84,100.90,0.00,123,2.70,26.9,37.2,27.7
2026-06-17 13:15:00,30.3,83,100.90,0.00,121,2.70,26.9,37.6,27.7
2026-06-17 13:30:00,30.1,76,100.90,0.00,121,2.70,25.1,34.9,26.4
2026-06-17 13:45:00,29.8,79,100.90,0.00,103,2.70,25.6,34.8,26.7
2026-06-17 14:00:00,28.5,84,100.90,0.00,114,2.70,25.3,32.1,26.1
2026-06-17 14:15:00,28.3,93,100.90,0.00,115,2.70,26.8,33.2,27.2
2026-06-17 14:30:00,28.5,95,100.90,0.00,115,2.70,27.4,34.4,27.7
2026-06-17 14:45:00,28.7,94,100.90,0.00,118,2.70,27.4,34.9,27.7
2026-06-17 15:00:00,28.4,94,100.90,0.00,115,2.70,27.1,33.8,27.4
2026-06-17 15:15:00,28.4,96,100.90,0.00,120,2.70,27.5,34.2,27.7
2026-06-17 15:30:00,28.5,96,100.90,0.00,118,2.70,27.6,34.6,27.8
2026-06-17 15:45:00,28.6,94,100.90,0.00,114,2.70,27.4,34.5,27.7
2026-06-17 16:00:00,29.0,94,100.80,0.00,118,2.70,27.7,36.0,28.1
2026-06-17 16:15:00,29.1,94,100.80,0.00,118,2.70,27.9,36.4,28.2
2026-06-17 16:30:00,29.0,94,100.80,0.00,120,2.70,27.7,36.0,28.1
2026-06-17 16:45:00,28.9,94,100.80,0.00,120,2.70,27.7,35.7,28.0
2026-06-17 17:00:00,28.6,94,100.90,0.00,118,2.70,27.3,34.5,27.7
2026-06-17 17:15:00,28.7,95,100.90,0.00,124,2.70,27.6,35.2,27.9
2026-06-17 17:30:00,28.6,94,100.90,0.00,127,0.00,27.3,34.5,27.6
2026-06-17 17:45:00,28.4,94,100.90,0.00,127,0.00,27.2,33.8,27.5
2026-06-17 18:00:00,28.3,96,100.90,0.00,126,0.00,27.4,33.9,27.7
2026-06-17 18:15:00,28.1,96,100.90,0.00,126,0.00,27.2,33.1,27.4
2026-06-17 18:30:00,27.9,96,100.90,0.00,126,0.00,27.0,32.4,27.2
2026-06-17 18:45:00,27.8,96,100.90,0.00,273,0.00,26.9,32.0,27.1
2026-06-17 19:00:00,27.6,96,100.90,0.00,284,0.00,26.7,31.3,27.0
2026-06-17 19:15:00,27.5,96,100.90,0.00,273,0.00,26.6,31.0,26.9
2026-06-17 19:30:00,27.4,96,100.90,0.00,270,0.10,26.7,30.8,26.9
2026-06-17 19:45:00,27.3,98,100.90,0.00,273,0.00,26.8,30.6,26.9
2026-06-17 20:00:00,27.2,98,101.00,0.00,275,0.00,26.9,30.4,27.0
2026-06-17 20:15:00,27.2,97,101.00,0.00,275,0.20,26.6,30.2,26.8
2026-06-17 20:30:00,27.1,97,101.00,0.00,276,0.00,26.6,29.9,26.8
2026-06-17 20:45:00,27.0,97,101.00,0.00,273,0.00,26.5,29.5,26.6
2026-06-17 21:00:00,26.9,97,101.00,0.00,284,1.10,26.4,24.9,26.5
2026-06-17 22:00:00,26.9,98,101.00,0.00,141,1.00,26.6,24.9,26.7
2026-06-17 22:15:00,26.7,98,101.00,0.00,141,1.00,26.4,24.7,26.5
2026-06-17 22:30:00,26.6,98,101.00,0.00,150,1.00,26.2,24.6,26.3
2026-06-17 22:45:00,26.5,98,101.00,0.00,145,1.00,26.1,24.5,26.2
2026-06-17 23:00:00,26.3,98,101.00,0.00,151,1.00,26.0,24.3,26.1
2026-06-17 23:15:00,26.3,98,101.00,0.00,150,1.10,26.0,24.3,26.1
2026-06-17 23:30:00,26.2,98,101.00,0.00,147,1.10,25.9,24.2,26.0
2026-06-17 23:45:00,26.2,100,101.00,0.00,150,1.00,26.2,24.2,26.3
2026-06-18 00:00:00,26.2,100,101.00,0.00,156,1.00,26.2,24.2,26.3
2026-06-18 00:15:00,26.2,100,101.00,0.00,154,1.00,26.2,24.2,26.3
2026-06-18 00:30:00,26.2,100,101.00,0.00,144,0.90,26.2,24.2,26.3
2026-06-18 00:45:00,26.2,100,101.00,0.00,144,0.80,26.2,24.2,26.3
2026-06-18 01:00:00,26.2,100,101.00,0.00,142,0.70,26.2,24.2,26.3
2026-06-18 01:15:00,26.2,100,101.00,0.00,139,0.90,26.2,24.2,26.2
2026-06-18 01:30:00,26.1,100,101.00,0.00,136,0.90,26.1,24.1,26.2
2026-06-18 01:45:00,26.1,100,101.00,0.00,135,0.90,26.1,24.1,26.2
2026-06-18 02:00:00,26.1,100,101.00,0.00,135,0.90,26.1,24.1,26.2
2026-06-18 02:15:00,26.1,100,101.00,0.00,138,0.90,26.1,24.1,26.2
2026-06-18 02:30:00,26.1,100,101.00,0.00,139,0.80,26.1,24.1,26.2
2026-06-18 02:45:00,26.2,100,101.00,0.00,135,0.50,26.2,24.2,26.2
2026-06-18 03:00:00,26.2,100,101.00,0.00,135,0.90,26.2,24.2,26.3
2026-06-18 03:15:00,26.2,100,101.00,0.00,136,0.90,26.2,24.2,26.3
2026-06-18 03:30:00,26.2,100,101.00,0.00,141,0.80,26.2,24.2,26.2
2026-06-18 03:45:00,26.2,100,101.00,0.00,142,0.80,26.2,24.2,26.2
2026-06-18 04:00:00,26.2,100,101.00,0.00,142,1.00,26.2,24.2,26.3
2026-06-18 04:15:00,26.1,100,101.00,0.00,145,1.00,26.1,24.1,26.2
2026-06-18 04:30:00,26.1,100,101.00,0.00,147,0.90,26.1,24.1,26.1
2026-06-18 04:45:00,26.0,100,101.00,0.00,156,0.80,26.0,26.0,26.1
2026-06-18 05:00:00,26.0,100,101.00,0.00,154,0.00,26.0,26.0,26.1
2026-06-18 05:15:00,26.1,100,101.00,0.00,157,1.20,26.1,24.1,26.1
2026-06-18 05:30:00,26.2,100,101.00,0.00,151,1.20,26.2,24.2,26.3
2026-06-18 05:45:00,26.4,100,101.00,0.00,145,1.30,26.4,24.4,26.4
2026-06-18 06:00:00,26.5,100,101.00,0.00,145,1.10,26.5,24.5,26.5
2026-06-18 06:15:00,26.7,100,101.00,0.00,139,1.00,26.7,24.7,26.8
2026-06-18 06:30:00,26.9,100,101.00,0.00,141,1.20,26.9,24.9,26.9
2026-06-18 06:45:00,27.1,98,101.00,0.00,129,1.20,26.7,30.0,26.9
2026-06-18 07:00:00,27.3,98,101.00,0.00,133,1.30,27.0,30.7,27.1
2026-06-18 07:15:00,27.3,98,101.00,0.00,136,1.30,26.9,30.7,27.0
2026-06-18 07:30:00,27.1,97,101.10,0.00,150,1.40,26.6,29.9,26.7
2026-06-18 07:45:00,27.4,98,101.10,0.00,138,1.40,26.9,30.9,27.1
2026-06-18 08:00:00,27.3,98,101.10,0.00,138,1.40,26.7,30.6,26.9
2026-06-18 08:15:00,27.5,98,101.10,0.00,139,1.40,26.9,31.3,27.1
2026-06-18 08:30:00,27.7,98,101.10,0.00,135,1.40,27.2,32.0,27.3
2026-06-18 08:45:00,27.5,98,101.10,0.00,133,1.40,27.0,31.3,27.2
2026-06-18 09:00:00,28.7,98,101.10,0.00,129,1.40,28.2,35.9,28.4
2026-06-18 09:15:00,28.5,95,101.10,0.00,132,1.20,27.4,34.4,27.7
2026-06-18 09:30:00,28.5,96,101.10,0.00,129,1.50,27.6,34.6,27.8
2026-06-18 09:45:00,29.1,96,101.10,0.00,130,1.50,28.2,37.0,28.5
2026-06-18 10:00:00,29.5,92,101.10,0.00,127,1.60,27.9,37.4,28.3
2026-06-18 10:15:00,29.3,91,101.10,0.00,126,1.60,27.5,36.4,28.0
2026-06-18 10:30:00,30.3,91,101.00,0.00,127,1.70,28.5,40.2,28.9
2026-06-18 10:45:00,29.8,90,101.00,0.00,126,1.70,27.7,38.0,28.2
2026-06-18 11:00:00,29.5,91,101.00,0.00,124,1.70,27.6,37.1,28.1
2026-06-18 11:15:00,28.8,92,101.00,0.00,135,1.70,27.1,34.8,27.6
2026-06-18 11:30:00,29.3,92,101.10,0.00,127,1.70,27.7,36.6,28.1
2026-06-18 11:45:00,29.6,92,101.10,0.00,130,1.70,28.0,37.8,28.4
2026-06-18 12:00:00,29.8,90,101.00,0.00,127,1.70,27.8,38.0,28.3
2026-06-18 12:15:00,29.7,90,101.00,0.00,126,1.70,27.7,37.6,28.2
2026-06-18 12:30:00,29.2,89,101.00,0.00,127,1.70,27.0,35.5,27.6
2026-06-18 12:45:00,29.4,91,101.00,0.00,129,1.70,27.6,36.7,28.1
2026-06-18 13:00:00,29.3,92,101.00,0.00,123,1.70,27.6,36.6,28.0
2026-06-18 13:15:00,30.0,92,101.00,0.00,120,2.60,28.4,39.4,28.8
2026-06-18 13:30:00,30.0,90,101.00,0.00,124,2.30,28.0,38.7,28.5
2026-06-18 13:45:00,30.5,86,100.90,0.00,123,2.10,27.7,39.3,28.4
2026-06-18 14:00:00,29.8,84,100.90,0.00,123,1.80,26.6,36.2,27.4
2026-06-18 14:15:00,30.2,90,100.90,0.00,123,1.90,28.1,39.5,28.6
2026-06-18 14:30:00,30.3,86,100.90,0.00,121,1.90,27.5,38.5,28.2
2026-06-18 14:45:00,30.4,84,100.90,0.00,121,1.90,27.2,38.2,28.0
2026-06-18 15:00:00,30.5,85,100.90,0.00,117,1.80,27.5,38.9,28.2
2026-06-18 15:15:00,30.4,82,100.90,0.00,120,1.60,26.7,37.6,27.6
2026-06-18 15:30:00,30.2,84,100.80,0.00,123,1.50,27.0,37.5,27.8
2026-06-18 15:45:00,29.8,85,100.90,0.00,123,1.80,26.8,36.5,27.5
2026-06-18 16:00:00,30.1,88,100.90,0.00,121,1.70,27.7,38.4,28.3
2026-06-18 16:15:00,30.3,85,100.80,0.00,123,1.70,27.3,38.2,28.0
2026-06-18 16:30:00,30.2,84,100.80,0.00,124,1.70,27.0,37.5,27.8
2026-06-18 16:45:00,29.8,85,100.80,0.00,120,1.70,26.8,36.5,27.5
2026-06-18 17:00:00,29.4,88,100.80,0.00,136,1.70,27.0,35.9,27.6
2026-06-18 17:15:00,29.0,90,100.90,0.00,145,1.50,27.0,35.0,27.4
2026-06-18 17:30:00,28.6,92,100.90,0.00,276,1.70,27.0,34.1,27.4
2026-06-18 17:45:00,28.4,94,100.90,0.00,275,1.70,27.1,33.8,27.4
2026-06-18 18:00:00,28.1,95,100.90,0.00,282,1.70,27.0,32.9,27.3
2026-06-18 18:15:00,28.0,96,100.90,0.00,275,1.70,27.1,32.8,27.4
2026-06-18 18:30:00,27.9,97,100.90,0.00,275,1.80,27.2,32.6,27.4
2026-06-18 18:45:00,27.4,96,100.90,0.00,279,1.80,26.7,30.8,26.9
2026-06-18 19:00:00,27.0,96,100.90,0.00,278,1.80,26.3,29.4,26.5
2026-06-18 19:15:00,26.9,97,100.90,0.00,284,1.70,26.4,24.9,26.6
2026-06-18 19:30:00,26.9,97,100.90,0.00,288,1.80,26.4,24.9,26.5
2026-06-18 19:45:00,26.9,97,101.00,0.00,281,1.80,26.3,24.9,26.5
2026-06-18 20:00:00,26.8,97,101.00,0.00,279,1.80,26.3,24.8,26.4
2026-06-18 20:15:00,27.2,97,101.00,0.00,275,1.80,26.6,30.2,26.8
2026-06-18 20:30:00,26.9,97,101.00,0.00,279,1.80,26.4,24.9,26.6
2026-06-18 20:45:00,27.1,97,101.00,0.00,282,1.80,26.5,29.9,26.7
2026-06-18 21:00:00,27.0,97,101.00,0.00,278,1.90,26.5,29.5,26.7
2026-06-18 21:15:00,27.1,97,101.00,0.00,278,1.90,26.6,29.9,26.7
2026-06-18 21:30:00,27.0,98,101.00,0.00,282,1.90,26.6,29.7,26.7
2026-06-18 21:45:00,26.8,98,101.00,0.00,279,0.00,26.4,24.8,26.6
2026-06-18 22:00:00,26.8,98,101.00,0.00,279,0.00,26.5,24.8,26.6
2026-06-18 22:15:00,26.8,98,101.00,0.00,278,0.00,26.5,24.8,26.6
2026-06-18 22:30:00,26.8,98,101.00,0.00,281,2.30,26.5,24.8,26.6
2026-06-18 22:45:00,26.7,98,101.00,0.00,281,1.90,26.3,24.7,26.5
2026-06-18 23:00:00,26.7,98,100.90,0.00,281,1.70,26.3,24.7,26.5
2026-06-18 23:15:00,26.6,98,100.90,0.00,281,1.70,26.3,24.6,26.4
2026-06-18 23:30:00,26.6,98,100.90,0.00,281,1.70,26.2,24.6,26.4
2026-06-18 23:45:00,26.6,98,100.90,0.00,282,1.70,26.2,24.6,26.4
2026-06-19 00:00:00,26.6,98,100.90,0.00,279,1.70,26.3,24.6,26.4
2026-06-19 00:15:00,26.6,98,100.90,0.00,282,1.70,26.3,24.6,26.4
2026-06-19 00:30:00,26.6,98,100.80,0.00,282,1.70,26.3,24.6,26.4
2026-06-19 00:45:00,26.6,98,100.80,0.00,282,1.70,26.2,24.6,26.4
2026-06-19 01:00:00,26.6,98,100.80,0.00,282,1.70,26.3,24.6,26.4
2026-06-19 01:15:00,26.6,98,100.80,0.00,281,1.70,26.2,24.6,26.4
2026-06-19 01:30:00,26.6,98,100.70,0.00,282,1.70,26.2,24.6,26.3
2026-06-19 01:45:00,26.6,98,100.70,0.00,282,1.70,26.2,24.6,26.3
2026-06-19 02:00:00,26.6,98,100.70,0.00,282,1.70,26.2,24.6,26.3
2026-06-19 02:15:00,26.5,100,100.70,0.00,290,1.80,26.5,24.5,26.6
2026-06-19 02:30:00,26.5,100,100.70,0.00,281,1.70,26.5,24.5,26.6
2026-06-19 02:45:00,26.6,100,100.60,0.00,281,1.70,26.6,24.6,26.6
2026-06-19 03:00:00,26.7,100,100.60,0.00,282,1.80,26.7,24.7,26.7
2026-06-19 03:15:00,26.7,100,100.60,0.00,281,1.70,26.7,24.7,26.7
2026-06-19 03:30:00,26.7,100,100.60,0.00,281,1.80,26.7,24.7,26.7
2026-06-19 03:45:00,26.6,100,100.60,0.00,279,1.70,26.6,24.6,26.6
2026-06-19 04:00:00,26.5,100,100.60,0.00,282,1.70,26.5,24.5,26.6
2026-06-19 04:15:00,26.5,100,100.60,0.00,282,1.80,26.5,24.5,26.5
2026-06-19 04:30:00,26.5,100,100.60,0.00,282,1.80,26.5,24.5,26.6
2026-06-19 04:45:00,26.5,100,100.60,0.00,281,1.80,26.5,24.5,26.6
2026-06-19 05:00:00,26.5,100,100.60,0.00,281,1.70,26.5,24.5,26.6
2026-06-19 05:15:00,26.5,100,100.60,0.00,281,1.70,26.5,24.5,26.6
2026-06-19 05:30:00,26.5,100,100.60,0.00,281,1.70,26.5,24.5,26.6
2026-06-19 05:45:00,26.6,100,100.60,0.00,281,1.70,26.6,24.6,26.6
2026-06-19 06:00:00,26.6,100,100.60,0.00,281,1.70,26.6,24.6,26.7
2026-06-19 06:15:00,26.7,100,100.60,0.00,281,1.70,26.7,24.7,26.7
2026-06-19 06:30:00,26.7,100,100.60,0.00,281,1.70,26.7,24.7,26.7
2026-06-19 06:45:00,26.7,100,100.60,0.00,281,1.70,26.7,24.7,26.8
2026-06-19 07:00:00,26.7,100,100.60,0.00,282,1.70,26.7,24.7,26.8
2026-06-19 07:15:00,26.8,100,100.60,0.00,281,1.70,26.7,24.8,26.8
2026-06-19 07:30:00,26.8,100,100.60,0.00,281,1.70,26.8,24.8,26.9
2026-06-19 07:45:00,26.9,100,100.60,0.00,279,1.70,26.9,24.9,26.9
2026-06-19 08:00:00,27.1,100,100.60,0.00,281,1.70,27.1,30.2,27.2
2026-06-19 08:15:00,27.3,100,100.60,0.00,281,1.70,27.3,30.9,27.4
2026-06-19 08:30:00,27.5,100,100.60,0.00,281,1.70,27.5,31.7,27.6
2026-06-19 08:45:00,27.8,100,100.60,0.00,288,1.70,27.8,32.8,27.9
2026-06-19 09:00:00,27.6,100,100.60,0.00,276,1.90,27.6,32.1,27.6
2026-06-19 09:15:00,27.6,100,100.60,0.00,279,1.90,27.6,32.1,27.7
2026-06-19 09:30:00,27.6,100,100.60,0.00,276,1.90,27.6,32.1,27.7
2026-06-19 09:45:00,28.2,100,100.50,0.00,278,1.90,28.2,34.4,28.2
2026-06-19 10:00:00,28.6,100,100.50,0.00,290,1.90,28.6,36.0,28.7
2026-06-19 10:15:00,28.7,98,100.50,0.00,278,1.90,28.1,35.9,28.3
2026-06-19 10:30:00,29.3,98,100.50,0.00,278,1.90,28.7,38.4,28.9
2026-06-19 10:45:00,29.6,97,100.50,0.00,276,1.90,28.9,39.4,29.1
2026-06-19 11:00:00,29.7,97,100.50,0.00,290,1.90,29.0,39.8,29.2
2026-06-19 11:15:00,30.2,96,100.40,0.00,278,1.90,29.3,41.6,29.5
2026-06-19 11:30:00,30.3,95,100.40,0.00,281,1.90,29.2,41.7,29.5
2026-06-19 11:45:00,30.1,94,100.40,0.00,282,1.90,28.8,40.5,29.2
2026-06-19 12:00:00,30.1,92,100.40,0.00,282,1.90,28.5,39.8,28.9
2026-06-19 12:15:00,30.3,92,100.40,0.00,281,1.90,28.6,40.6,29.1
2026-06-19 12:30:00,30.6,92,100.40,0.00,278,1.90,28.9,41.9,29.3
2026-06-19 12:45:00,30.6,92,100.40,0.00,279,1.90,28.9,41.9,29.3
2026-06-19 13:00:00,30.2,91,100.40,0.00,278,1.90,28.4,39.8,28.8
2026-06-19 13:15:00,30.4,95,100.40,0.00,279,1.80,29.3,42.1,29.6
2026-06-19 13:30:00,30.8,92,100.30,0.00,282,1.90,29.1,42.7,29.5
2026-06-19 13:45:00,30.8,89,100.30,0.00,287,1.80,28.6,41.5,29.1
2026-06-19 14:00:00,31.0,90,100.30,0.00,281,1.80,29.0,42.8,29.5
2026-06-19 14:15:00,30.6,90,100.30,0.00,281,1.90,28.6,41.1,29.1
2026-06-19 14:30:00,29.9,93,100.30,0.00,273,1.80,28.4,39.3,28.8
2026-06-19 14:45:00,29.7,94,100.30,0.00,279,1.80,28.5,38.8,28.8
2026-06-19 15:00:00,29.7,95,100.30,0.00,281,1.80,28.6,39.1,28.9
2026-06-19 15:15:00,29.1,96,100.30,0.00,272,1.80,28.2,37.0,28.4
2026-06-19 15:30:00,29.1,96,100.30,0.00,275,1.80,28.2,37.0,28.4
2026-06-19 15:45:00,28.7,97,100.30,0.00,264,1.80,28.0,35.6,28.2
2026-06-19 16:00:00,28.6,98,100.20,0.00,264,1.80,28.1,35.5,28.2
2026-06-19 16:15:00,28.5,98,100.20,0.00,258,1.80,27.9,35.1,28.1
2026-06-19 16:30:00,28.6,100,100.20,0.00,258,1.80,28.4,36.0,28.5
2026-06-19 16:45:00,28.7,98,100.20,0.00,255,1.80,28.2,35.9,28.3
2026-06-19 17:00:00,28.7,98,100.20,0.00,240,1.70,28.2,35.9,28.3
2026-06-19 17:15:00,28.3,98,100.20,0.00,184,1.80,27.8,34.3,28.0
2026-06-19 17:30:00,28.2,100,100.30,0.00,177,1.80,28.2,34.4,28.2
2026-06-19 17:45:00,28.0,100,100.20,0.00,181,1.70,28.0,33.6,28.0
2026-06-19 18:00:00,27.9,100,100.20,0.00,198,1.80,27.9,33.2,28.0
2026-06-19 18:15:00,27.8,100,100.20,0.00,228,1.80,27.8,32.8,27.9
2026-06-19 18:30:00,27.9,100,100.20,0.00,239,1.80,27.9,33.2,27.9
2026-06-19 18:45:00,27.8,99,100.20,0.00,248,1.70,27.4,32.6,27.5
2026-06-19 19:00:00,27.6,98,100.20,0.00,245,1.80,27.3,31.8,27.4
2026-06-19 19:15:00,27.5,98,100.20,0.00,230,1.80,27.2,31.5,27.3
2026-06-19 19:30:00,27.5,98,100.30,0.00,239,1.80,27.1,31.5,27.2
2026-06-19 19:45:00,27.5,98,100.30,0.00,237,1.80,27.2,31.5,27.3
2026-06-19 20:00:00,27.6,98,100.30,0.00,261,1.90,27.3,31.8,27.4
2026-06-19 20:15:00,27.7,98,100.30,0.00,272,1.90,27.4,32.2,27.5
2026-06-19 20:30:00,27.8,99,100.30,0.00,285,1.90,27.4,32.6,27.5
2026-06-19 20:45:00,27.8,99,100.30,0.00,269,1.90,27.4,32.6,27.5
2026-06-19 21:00:00,27.8,99,100.30,0.00,255,1.90,27.4,32.6,27.5
2026-06-19 21:15:00,27.8,99,100.30,0.00,272,1.90,27.5,32.6,27.6
2026-06-19 21:30:00,28.0,99,100.30,0.00,264,1.90,27.6,33.3,27.7
2026-06-19 21:45:00,28.1,99,100.30,0.00,272,1.80,27.7,33.7,27.9
2026-06-19 22:00:00,28.1,99,100.30,0.00,264,1.80,27.8,33.7,27.9
2026-06-19 22:15:00,28.0,99,100.30,0.00,275,1.90,27.7,33.3,27.8
2026-06-19 22:30:00,28.0,99,100.40,0.00,282,1.90,27.7,33.3,27.8
2026-06-19 22:45:00,28.0,99,100.30,0.00,282,1.90,27.7,33.3,27.8
2026-06-19 23:00:00,28.0,99,100.30,0.00,282,1.90,27.7,33.3,27.8
2026-06-19 23:15:00,28.0,99,100.30,0.00,282,1.80,27.6,33.3,27.8
2026-06-19 23:30:00,28.0,99,100.30,0.00,282,1.80,27.6,33.3,27.7
2026-06-19 23:45:00,28.0,99,100.30,0.00,282,1.80,27.6,33.3,27.7
2026-06-20 00:00:00,27.9,99,100.40,0.00,279,1.80,27.6,33.0,27.7
2026-06-20 00:15:00,27.9,99,100.40,0.00,282,1.90,27.6,33.0,27.7
2026-06-20 00:30:00,27.9,99,100.40,0.00,282,1.90,27.6,33.0,27.7
2026-06-20 00:45:00,27.9,99,100.40,0.00,282,1.90,27.6,33.0,27.7
2026-06-20 01:00:00,27.9,99,100.40,0.00,282,1.90,27.6,33.0,27.7
2026-06-20 01:15:00,27.9,99,100.40,0.00,281,1.90,27.6,33.0,27.7
2026-06-20 01:30:00,27.9,99,100.40,0.00,282,1.90,27.5,33.0,27.7
2026-06-20 01:45:00,27.9,99,100.40,0.00,282,1.90,27.5,33.0,27.6
2026-06-20 02:00:00,27.8,99,100.40,0.00,290,1.80,27.5,32.6,27.6
2026-06-20 02:15:00,27.8,99,100.40,0.00,282,1.80,27.5,32.6,27.6
2026-06-20 02:30:00,27.8,99,100.40,0.00,282,1.90,27.4,32.6,27.6
2026-06-20 02:45:00,27.7,98,100.40,0.00,284,1.80,27.4,32.2,27.5
2026-06-20 03:00:00,27.7,98,100.40,0.00,282,1.90,27.3,32.2,27.4
2026-06-20 03:15:00,27.6,98,100.40,0.00,282,1.90,27.3,31.8,27.4
2026-06-20 03:30:00,27.6,100,100.40,0.00,284,1.90,27.6,32.1,27.6
2026-06-20 03:45:00,27.5,100,100.50,0.00,282,1.90,27.5,31.7,27.6
2026-06-20 04:00:00,27.4,100,100.50,0.00,281,1.80,27.4,31.3,27.5
2026-06-20 04:15:00,27.3,100,100.50,0.00,282,1.90,27.3,30.9,27.4
2026-06-20 04:30:00,27.3,100,100.50,0.00,282,1.90,27.3,30.9,27.4
2026-06-20 04:45:00,27.3,100,100.50,0.00,279,1.90,27.3,30.9,27.4
2026-06-20 05:00:00,27.3,100,100.50,0.00,281,1.90,27.3,30.9,27.4
2026-06-20 05:15:00,27.3,100,100.50,0.00,282,1.90,27.3,30.9,27.4
2026-06-20 05:30:00,27.4,100,100.50,0.00,290,1.70,27.4,31.3,27.4
2026-06-20 05:45:00,27.4,100,100.60,0.00,281,1.90,27.3,31.3,27.4
2026-06-20 06:00:00,27.5,100,100.60,0.00,279,2.00,27.4,31.7,27.5
2026-06-20 06:15:00,27.4,100,100.60,0.00,282,1.90,27.4,31.3,27.5
2026-06-20 06:30:00,27.5,100,100.50,0.00,281,1.90,27.4,31.7,27.5
2026-06-20 06:45:00,27.6,100,100.60,0.00,282,1.90,27.6,32.1,27.6
2026-06-20 07:00:00,27.6,100,100.60,0.00,281,1.90,27.6,32.1,27.6
2026-06-20 07:15:00,28.0,100,100.60,0.00,281,1.90,28.0,33.6,28.1
2026-06-20 07:30:00,27.7,100,100.60,0.00,281,1.90,27.7,32.4,27.8
2026-06-20 07:45:00,27.9,100,100.60,0.00,281,1.90,27.9,33.2,27.9
2026-06-20 08:00:00,27.9,100,100.60,0.00,290,1.80,27.9,33.2,27.9
2026-06-20 08:15:00,27.9,100,100.70,0.00,281,1.80,27.9,33.2,28.0
2026-06-20 08:30:00,28.1,100,100.70,0.00,282,1.90,28.1,34.0,28.2
2026-06-20 08:45:00,28.0,100,100.70,0.00,281,1.90,28.0,33.6,28.0
2026-06-20 09:00:00,28.0,100,100.70,0.00,281,1.80,28.0,33.6,28.1
2026-06-20 09:15:00,28.0,100,100.70,0.00,287,1.80,28.0,33.6,28.1
2026-06-20 09:30:00,28.3,100,100.70,0.00,279,1.80,28.3,34.8,28.4
2026-06-20 09:45:00,28.2,100,100.70,0.00,287,1.90,28.2,34.4,28.3
2026-06-20 13:26:00,29.2,97,100.70,1.00,222,2.00,29.2,37.7,29.3
2026-06-20 13:41:00,28.8,97,100.70,0.00,141,1.60,28.1,36.0,28.3
2026-06-20 13:56:00,28.6,97,100.70,0.00,151,1.60,27.9,35.2,28.1
2026-06-20 14:11:00,29.0,97,100.70,0.00,141,1.50,28.2,36.8,28.5
2026-06-20 14:26:00,29.4,96,100.70,0.00,159,1.60,28.5,38.2,28.8
2026-06-20 14:41:00,29.2,96,100.70,0.00,162,1.50,28.3,37.4,28.5
2026-06-20 14:56:00,29.3,97,100.80,0.00,147,1.40,28.6,38.1,28.8
2026-06-20 15:11:00,29.1,97,100.80,0.00,142,1.40,28.4,37.3,28.6
2026-06-20 15:26:00,28.9,96,100.80,0.00,135,1.60,28.0,36.2,28.2
2026-06-20 15:41:00,28.5,97,100.70,0.00,148,1.50,27.8,34.9,28.0
2026-06-20 15:56:00,28.5,97,100.80,0.00,138,1.60,27.8,34.9,28.0
2026-06-20 16:11:00,28.5,96,100.70,0.00,141,1.60,27.6,34.6,27.8
2026-06-20 16:26:00,28.7,95,100.80,0.00,135,1.60,27.7,35.2,27.9
2026-06-20 16:41:00,28.7,96,100.80,0.00,133,1.60,27.8,35.4,28.1
2026-06-20 16:56:00,28.7,96,100.80,0.00,136,1.60,27.8,35.4,28.1
2026-06-20 17:11:00,28.7,96,100.80,0.00,132,1.70,27.8,35.4,28.0
2026-06-20 17:26:00,28.7,95,100.80,0.00,136,1.70,27.7,35.2,27.9
2026-06-20 17:41:00,28.6,96,100.80,0.00,145,1.70,27.7,35.0,28.0
2026-06-20 17:56:00,28.5,97,100.80,0.00,133,1.70,27.8,34.9,28.0
2026-06-20 18:11:00,28.4,96,100.80,0.00,150,1.60,27.5,34.2,27.7
2026-06-20 18:26:00,28.3,98,100.80,0.00,160,1.60,27.8,34.3,27.9
2026-06-20 18:41:00,28.3,98,100.80,0.00,153,1.60,27.8,34.3,27.9
2026-06-20 18:56:00,28.3,98,100.80,0.00,153,1.60,27.7,34.3,27.9
2026-06-20 19:11:00,28.1,98,100.80,0.00,157,1.60,27.6,33.5,27.7
2026-06-20 19:26:00,27.9,99,100.80,0.00,157,1.60,27.6,33.0,27.7
2026-06-20 19:41:00,27.9,99,100.80,0.00,157,1.50,27.6,33.0,27.7
2026-06-20 19:56:00,27.9,99,100.90,0.00,159,1.60,27.5,33.0,27.6
2026-06-20 20:11:00,27.6,98,100.90,0.00,187,1.60,27.2,31.8,27.3
2026-06-20 20:26:00,27.5,100,100.90,0.00,189,1.60,27.5,31.7,27.6
2026-06-20 20:41:00,27.4,100,100.90,0.00,195,1.60,27.4,31.3,27.4
2026-06-20 20:56:00,27.6,100,100.90,0.00,187,1.60,27.6,32.1,27.7
2026-06-20 21:11:00,27.4,100,101.00,0.00,172,1.60,27.4,31.3,27.4
2026-06-20 21:26:00,27.1,100,101.00,0.00,171,1.60,27.1,30.2,27.2
2026-06-20 21:41:00,27.5,100,101.00,0.00,186,1.50,27.4,31.7,27.5
2026-06-20 21:56:00,27.0,100,101.00,0.00,168,1.60,27.0,29.8,27.0
2026-06-20 22:11:00,27.2,100,101.00,0.00,162,1.60,27.2,30.6,27.3
2026-06-20 22:26:00,27.7,100,101.00,0.00,172,1.60,27.7,32.4,27.8
2026-06-20 22:41:00,27.7,98,101.00,0.00,169,1.50,27.4,32.2,27.5
2026-06-20 22:56:00,27.4,98,101.00,0.00,148,1.60,27.0,31.1,27.2
2026-06-20 23:11:00,27.0,100,101.00,0.00,145,1.60,27.0,29.8,27.0
2026-06-20 23:26:00,27.2,100,100.90,0.00,138,1.60,27.2,30.6,27.2
2026-06-20 23:41:00,27.0,100,100.90,0.00,136,1.60,27.0,29.8,27.1
2026-06-20 23:56:00,27.0,100,100.90,0.00,135,1.60,27.0,29.8,27.1
2026-06-21 00:11:00,26.9,100,101.00,0.00,130,1.60,26.9,24.9,27.0
2026-06-21 00:26:00,26.9,100,101.00,0.00,130,1.50,26.9,24.9,26.9
2026-06-21 00:41:00,26.8,100,101.00,0.00,129,1.60,26.8,24.8,26.9
2026-06-21 00:56:00,26.7,100,101.00,0.00,129,1.60,26.7,24.7,26.8
2026-06-21 01:11:00,26.6,100,101.00,0.00,132,1.60,26.6,24.6,26.6
2026-06-21 01:26:00,26.6,100,101.00,0.00,127,1.60,26.6,24.6,26.7
2026-06-21 01:41:00,26.6,100,101.00,0.00,130,1.60,26.6,24.6,26.6
2026-06-21 01:56:00,26.6,100,101.00,0.00,133,1.50,26.6,24.6,26.6
2026-06-21 02:11:00,26.7,100,101.00,0.00,132,1.50,26.7,24.7,26.8
2026-06-21 02:26:00,26.8,100,101.00,0.00,132,1.60,26.7,24.8,26.8
2026-06-21 02:41:00,26.7,100,101.00,0.00,132,1.60,26.7,24.7,26.8
2026-06-21 02:56:00,26.8,100,101.00,0.00,135,1.60,26.8,24.8,26.8
2026-06-21 03:11:00,26.7,100,101.00,0.00,136,1.60,26.7,24.7,26.8
2026-06-21 03:26:00,26.7,100,101.00,0.00,139,1.60,26.7,24.7,26.7
2026-06-21 03:41:00,26.7,100,101.00,0.00,139,1.50,26.7,24.7,26.8
2026-06-21 03:56:00,26.7,100,101.00,0.00,142,1.50,26.7,24.7,26.8
2026-06-21 04:11:00,26.7,100,101.00,0.00,142,1.50,26.7,24.7,26.8
2026-06-21 04:26:00,26.7,100,101.00,0.00,141,1.60,26.7,24.7,26.8
2026-06-21 04:41:00,26.8,100,101.00,0.00,144,1.60,26.7,24.8,26.8
2026-06-21 04:56:00,26.7,100,101.00,0.00,142,1.50,26.7,24.7,26.8
2026-06-21 05:11:00,26.8,100,101.00,0.00,144,1.50,26.8,24.8,26.8
2026-06-21 05:26:00,26.8,100,101.00,0.00,144,1.60,26.8,24.8,26.8
2026-06-21 05:41:00,26.8,100,101.00,0.00,141,1.60,26.8,24.8,26.9
2026-06-21 05:56:00,26.9,100,101.00,0.00,142,1.50,26.9,24.9,27.0
2026-06-21 06:11:00,27.1,100,101.00,0.00,141,1.40,27.1,30.2,27.1
2026-06-21 06:26:00,27.2,100,101.00,0.00,139,1.50,27.2,30.6,27.3
2026-06-21 06:41:00,27.4,100,101.00,0.00,136,1.60,27.4,31.3,27.5
2026-06-21 06:56:00,27.5,100,101.10,0.00,135,1.60,27.5,31.7,27.5
2026-06-21 07:11:00,27.5,100,101.10,0.00,130,1.60,27.5,31.7,27.6
2026-06-21 07:26:00,27.8,100,101.10,0.00,127,1.60,27.8,32.8,27.8
2026-06-21 07:41:00,27.9,99,101.10,0.00,126,1.50,27.6,33.0,27.7
2026-06-21 07:56:00,28.3,99,101.10,0.00,121,1.50,28.0,34.5,28.1
2026-06-21 08:11:00,28.8,97,101.10,0.00,120,1.60,28.1,36.0,28.3
2026-06-21 08:26:00,29.1,97,101.10,0.00,123,1.60,28.4,37.3,28.6
2026-06-21 08:41:00,28.6,97,101.10,0.00,121,1.60,27.9,35.2,28.1
2026-06-21 08:56:00,28.5,97,101.10,0.00,123,1.60,27.7,34.9,28.0
2026-06-21 09:11:00,28.6,97,101.10,0.00,124,1.60,27.9,35.2,28.1
2026-06-21 09:26:00,28.2,97,101.10,0.00,124,1.50,27.4,33.7,27.7
2026-06-21 09:41:00,28.4,98,101.10,0.00,127,1.50,27.9,34.7,28.1
2026-06-21 09:56:00,28.7,97,101.10,0.00,138,1.50,28.0,35.6,28.2
2026-06-21 10:11:00,29.0,97,101.10,0.00,135,1.50,28.3,36.8,28.5
2026-06-21 10:26:00,29.3,97,101.10,0.00,138,1.60,28.6,38.1,28.8
2026-06-21 10:41:00,30.3,97,101.10,0.00,177,1.60,29.6,42.5,29.8
2026-06-21 10:56:00,30.3,94,101.10,0.00,130,1.60,29.1,41.3,29.4
2026-06-21 11:11:00,30.1,96,101.10,0.00,127,1.60,29.2,41.2,29.5
2026-06-21 11:26:00,30.5,95,101.10,0.00,130,1.60,29.4,42.6,29.7
2026-06-21 11:41:00,29.8,95,101.10,0.00,124,1.60,28.7,39.6,29.0
2026-06-21 11:56:00,29.1,96,101.10,0.00,123,1.50,28.2,37.0,28.4
2026-06-21 12:11:00,29.0,96,101.10,0.00,124,1.50,28.1,36.6,28.4
2026-06-21 12:26:00,28.7,97,101.10,0.00,139,1.60,28.0,35.6,28.2
2026-06-21 13:20:00,28.6,97,101.10,0.00,139,1.60,27.9,35.2,28.1
2026-06-21 13:35:00,28.3,97,101.10,0.00,135,1.60,27.6,34.1,27.8
2026-06-21 13:50:00,27.9,99,101.00,0.00,174,1.70,27.5,33.0,27.6
2026-06-21 14:05:00,27.9,99,101.00,0.00,159,1.60,27.6,33.0,27.7
2026-06-21 14:20:00,28.4,98,101.00,0.00,147,1.60,27.9,34.7,28.1
2026-06-21 14:35:00,28.3,98,101.00,0.00,136,1.60,27.8,34.3,28.0
2026-06-21 14:50:00,28.2,98,101.00,0.00,132,1.60,27.7,33.9,27.8
2026-06-21 15:05:00,28.3,98,101.00,0.00,127,1.50,27.8,34.3,27.9
2026-06-21 15:20:00,28.5,98,101.00,0.00,126,1.50,28.0,35.1,28.2
2026-06-21 15:35:00,28.9,97,101.00,0.00,133,1.70,28.2,36.4,28.4
2026-06-21 15:50:00,28.0,96,100.90,0.00,127,1.70,27.1,32.8,27.4
2026-06-21 16:05:00,28.0,97,100.90,0.00,124,1.60,27.3,33.0,27.5
2026-06-21 16:20:00,27.8,97,100.90,0.00,130,1.60,27.1,32.2,27.3
2026-06-21 16:35:00,27.6,98,101.00,0.00,127,1.60,27.0,31.7,27.2
2026-06-21 16:50:00,27.4,98,101.00,0.00,133,1.70,26.9,30.9,27.0
2026-06-21 17:05:00,27.2,97,100.90,0.00,132,1.60,26.7,30.2,26.8
2026-06-21 17:20:00,27.0,97,101.00,0.00,129,1.70,26.5,29.5,26.7
2026-06-21 17:35:00,26.8,97,100.90,0.00,133,1.60,26.3,24.8,26.4
2026-06-21 17:50:00,26.6,98,100.90,0.00,133,1.60,26.2,24.6,26.3
2026-06-21 18:05:00,26.7,100,101.00,0.00,138,1.60,26.7,24.7,26.8
2026-06-21 18:20:00,26.8,100,101.00,0.00,285,1.60,26.8,24.8,26.9
2026-06-21 18:35:00,27.0,100,101.00,0.00,294,1.60,27.0,29.8,27.1
2026-06-21 18:50:00,27.0,100,101.00,0.00,245,2.10,27.0,29.8,27.1
2026-06-21 19:05:00,27.1,100,101.00,0.00,278,2.10,27.1,30.2,27.2
2026-06-21 19:20:00,27.2,100,101.00,0.00,279,2.10,27.2,30.6,27.2
2026-06-21 19:35:00,26.7,100,101.00,0.00,281,2.10,26.7,24.7,26.7
2026-06-21 19:50:00,26.4,100,101.00,0.00,267,2.10,26.4,24.4,26.5
2026-06-21 20:05:00,26.2,100,101.00,0.00,266,2.10,26.2,24.2,26.3
2026-06-21 20:20:00,26.5,100,101.00,0.00,258,2.10,26.5,24.5,26.6
2026-06-21 20:35:00,26.6,100,101.10,0.00,267,2.10,26.6,24.6,26.6
2026-06-21 20:50:00,26.3,100,101.10,0.00,258,2.00,26.3,24.3,26.4
2026-06-21 21:05:00,26.9,100,101.00,0.00,269,2.00,26.9,24.9,26.9
2026-06-21 21:20:00,26.7,98,101.00,0.00,273,2.00,26.4,24.7,26.5
2026-06-21 21:35:00,26.1,98,101.00,0.00,278,2.10,25.8,24.1,25.9
2026-06-21 21:50:00,26.1,98,101.00,0.00,276,2.20,25.8,24.1,25.9
2026-06-21 22:05:00,26.5,98,101.10,0.00,284,2.20,26.2,24.5,26.3
2026-06-21 22:20:00,26.8,98,101.00,0.00,281,2.20,26.5,24.8,26.6
2026-06-21 22:35:00,26.9,97,101.00,0.00,285,2.20,26.4,24.9,26.5
2026-06-21 22:50:00,26.7,97,101.00,0.00,285,2.20,26.2,24.7,26.4
2026-06-21 23:05:00,26.5,97,101.00,0.00,281,2.20,26.0,24.5,26.2
2026-06-21 23:20:00,26.4,98,101.00,0.00,285,2.20,26.1,24.4,26.2
2026-06-22 00:35:00,26.0,98,100.90,0.00,282,2.10,25.7,26.0,25.8
2026-06-22 00:50:00,26.0,98,100.90,0.00,284,2.20,25.6,26.0,25.8
2026-06-22 01:05:00,26.0,98,100.90,0.00,284,2.20,25.6,26.0,25.8
2026-06-22 01:20:00,26.0,98,100.90,0.00,282,2.20,25.7,26.0,25.8
2026-06-22 01:35:00,26.0,98,100.80,0.00,282,2.20,25.6,26.0,25.8
2026-06-22 01:50:00,26.0,98,100.80,0.00,282,2.10,25.7,26.0,25.8
2026-06-22 02:05:00,26.0,98,100.80,0.00,284,2.10,25.7,26.0,25.8
2026-06-22 02:20:00,26.0,98,100.80,0.00,284,2.10,25.6,26.0,25.8
2026-06-22 02:35:00,26.0,97,100.80,0.00,284,2.20,25.5,26.0,25.6
2026-06-22 02:50:00,26.0,98,100.80,0.00,282,2.10,25.6,26.0,25.7
2026-06-22 03:05:00,26.0,97,100.70,0.00,285,2.20,25.5,26.0,25.6
2026-06-22 03:20:00,25.9,98,100.70,0.00,284,2.10,25.6,25.9,25.7
2026-06-22 03:35:00,25.9,97,100.70,0.00,282,2.20,25.4,25.9,25.5
2026-06-22 03:50:00,25.9,98,100.70,0.00,285,2.10,25.6,25.9,25.7
2026-06-22 04:05:00,25.9,98,100.70,0.00,282,2.20,25.6,25.9,25.7
2026-06-22 04:20:00,26.0,98,100.70,0.00,291,2.20,25.6,26.0,25.7
2026-06-22 04:35:00,26.0,98,100.70,0.00,285,2.20,25.6,26.0,25.7
2026-06-22 04:50:00,26.0,98,100.70,0.00,284,2.20,25.7,26.0,25.8
2026-06-22 05:05:00,26.1,98,100.70,0.00,285,2.20,25.7,24.1,25.8
2026-06-22 05:20:00,26.2,98,100.70,0.00,282,2.20,25.8,24.2,25.9
2026-06-22 05:35:00,26.1,98,100.70,0.00,282,2.20,25.8,24.1,25.9
2026-06-22 05:50:00,26.0,98,100.70,0.00,282,2.10,25.7,26.0,25.8
2026-06-22 06:05:00,26.0,98,100.70,0.00,284,2.10,25.6,26.0,25.7
2026-06-22 06:20:00,25.9,98,100.70,0.00,285,2.20,25.6,25.9,25.7
2026-06-22 06:35:00,26.0,100,100.70,0.00,287,2.20,25.9,26.0,26.0
2026-06-22 06:50:00,26.0,100,100.70,0.00,288,2.10,26.0,26.0,26.0
2026-06-22 07:05:00,26.0,100,100.60,0.00,284,2.10,26.0,26.0,26.1
2026-06-22 07:20:00,26.1,100,100.60,0.00,284,2.10,26.1,24.1,26.1
2026-06-22 07:35:00,26.3,100,100.60,0.00,285,2.10,26.3,24.3,26.3
2026-06-22 07:50:00,26.3,100,100.60,0.00,282,2.10,26.3,24.3,26.4
2026-06-22 08:05:00,26.3,100,100.60,0.00,284,2.10,26.3,24.3,26.4
2026-06-22 08:20:00,26.2,98,100.60,0.00,288,2.10,25.8,24.2,25.9
2026-06-22 08:35:00,26.2,98,100.60,0.00,288,2.10,25.9,24.2,26.0
2026-06-22 08:50:00,26.2,98,100.60,0.00,284,2.10,25.9,24.2,26.0
2026-06-22 09:05:00,26.3,98,100.60,0.00,285,2.10,26.0,24.3,26.1
2026-06-22 09:20:00,26.4,98,100.60,0.00,285,2.10,26.0,24.4,26.1
2026-06-22 09:35:00,25.0,98,100.60,0.00,278,2.10,24.6,25.0,24.7
2026-06-22 09:50:00,25.6,100,100.60,0.00,261,2.10,25.6,25.6,25.6
2026-06-22 10:05:00,25.7,100,100.60,0.00,264,2.10,25.7,25.7,25.7
2026-06-22 10:20:00,26.4,100,100.60,0.00,279,2.10,26.4,24.4,26.5
2026-06-22 10:35:00,26.6,98,100.60,0.00,281,2.10,26.3,24.6,26.4
2026-06-22 10:50:00,26.4,98,100.60,0.00,281,1.90,26.1,24.4,26.2
2026-06-22 11:05:00,26.0,98,100.60,0.00,275,1.90,25.6,26.0,25.8
2026-06-22 11:20:00,25.8,100,100.60,0.00,273,2.00,25.8,25.8,25.9
2026-06-22 11:35:00,25.9,100,100.50,0.00,275,2.00,25.9,25.9,25.9
2026-06-22 11:50:00,25.8,100,100.50,0.00,275,2.00,25.8,25.8,25.9
2026-06-22 12:05:00,26.1,100,100.50,0.00,275,1.90,26.1,24.1,26.1
2026-06-22 12:20:00,26.3,100,100.50,0.00,276,1.90,26.3,24.3,26.3
2026-06-22 12:35:00,26.4,100,100.50,0.00,279,1.90,26.4,24.4,26.5
2026-06-22 12:50:00,26.6,98,100.50,0.00,282,1.90,26.3,24.6,26.4
2026-06-22 13:05:00,26.6,98,100.50,0.00,278,1.90,26.2,24.6,26.3
2026-06-22 13:20:00,26.6,98,100.50,0.00,279,1.80,26.3,24.6,26.4
2026-06-22 13:35:00,26.5,98,100.50,0.00,279,1.80,26.1,24.5,26.2
2026-06-22 13:50:00,26.4,98,100.40,0.00,281,1.80,26.1,24.4,26.2
2026-06-22 14:05:00,26.5,98,100.40,0.00,276,1.80,26.2,24.5,26.3
2026-06-22 14:20:00,26.5,98,100.40,0.00,279,1.80,26.2,24.5,26.3
2026-06-22 14:35:00,26.5,98,100.40,0.00,282,1.80,26.1,24.5,26.2
2026-06-22 14:50:00,26.4,98,100.40,0.00,279,1.80,26.1,24.4,26.2
2026-06-22 15:05:00,26.2,98,100.30,0.00,284,1.80,25.8,24.2,25.9
2026-06-22 15:20:00,25.9,98,100.30,0.00,284,1.80,25.5,25.9,25.7
2026-06-22 15:35:00,26.2,98,100.30,0.00,278,1.80,25.9,24.2,26.0
2026-06-22 15:50:00,25.8,97,100.30,0.00,278,1.80,25.3,25.8,25.5
2026-06-22 16:05:00,26.0,98,100.30,0.00,278,1.80,25.7,26.0,25.8
2026-06-22 16:20:00,25.9,98,100.30,0.00,279,1.70,25.5,25.9,25.7
2026-06-22 16:35:00,26.0,98,100.30,0.00,281,1.70,25.6,26.0,25.7
2026-06-22 16:50:00,26.1,98,100.30,0.00,282,1.70,25.8,24.1,25.9
2026-06-22 17:18:00,25.4,100,100.30,0.00,267,1.90,25.4,25.4,25.5
2026-06-22 17:33:00,26.1,100,100.30,0.00,282,1.90,26.1,24.1,26.1
2026-06-22 17:48:00,26.2,98,100.40,0.00,282,1.90,25.9,24.2,26.0
2026-06-22 18:03:00,26.3,98,100.40,0.00,278,2.00,25.9,24.3,26.0
2026-06-22 18:18:00,26.2,97,100.40,0.00,281,1.90,25.7,24.2,25.9
2026-06-22 18:33:00,26.4,98,100.40,0.00,287,1.90,26.1,24.4,26.2
2026-06-22 18:48:00,26.5,98,100.40,0.00,281,1.90,26.1,24.5,26.3
2026-06-22 19:03:00,26.5,98,100.40,0.00,284,1.90,26.1,24.5,26.2
2026-06-22 19:18:00,26.5,97,100.40,0.00,282,1.90,26.0,24.5,26.1
2026-06-22 19:33:00,26.3,97,100.40,0.00,285,2.10,25.7,24.3,25.9
2026-06-22 19:48:00,26.2,98,100.40,0.00,285,2.00,25.8,24.2,26.0
2026-06-22 20:03:00,26.3,98,100.40,0.00,285,2.00,26.0,24.3,26.1
2026-06-22 20:18:00,26.4,98,100.40,0.00,282,1.90,26.1,24.4,26.2
2026-06-22 20:33:00,26.4,97,100.40,0.00,281,1.90,25.9,24.4,26.0
2026-06-22 20:48:00,26.4,97,100.50,0.00,281,1.90,25.8,24.4,26.0
2026-06-22 21:03:00,26.4,97,100.50,0.00,282,1.90,25.9,24.4,26.0
2026-06-22 21:18:00,26.4,97,100.50,0.00,281,1.90,25.9,24.4,26.0
2026-06-22 21:33:00,26.3,97,100.50,0.00,281,1.80,25.8,24.3,26.0
2026-06-22 21:48:00,26.2,97,100.50,0.00,282,1.80,25.7,24.2,25.9
2026-06-22 22:03:00,26.2,97,100.50,0.00,281,1.90,25.7,24.2,25.8
2026-06-22 22:18:00,26.1,97,100.50,0.00,287,1.80,25.6,24.1,25.8
2026-06-22 22:33:00,26.0,97,100.50,0.00,279,1.80,25.5,26.0,25.7
2026-06-22 22:48:00,26.1,97,100.50,0.00,288,1.80,25.6,24.1,25.8
2026-06-22 23:03:00,26.0,97,100.40,0.00,290,1.80,25.4,26.0,25.6
2026-06-22 23:18:00,25.6,97,100.50,0.00,290,1.80,25.0,25.6,25.2
2026-06-22 23:33:00,25.4,98,100.40,0.00,278,1.80,25.1,25.4,25.2
2026-06-22 23:48:00,25.4,98,100.40,0.00,279,1.70,25.0,25.4,25.2
2026-06-23 00:03:00,25.4,98,100.40,0.00,284,1.70,25.0,25.4,25.1
2026-06-23 00:18:00,25.3,98,100.40,0.00,279,1.70,24.9,25.3,25.1
2026-06-23 00:33:00,25.3,98,100.40,0.00,285,1.80,24.9,25.3,25.1
2026-06-23 00:48:00,25.3,98,100.40,0.00,282,1.80,25.0,25.3,25.1
2026-06-23 01:03:00,25.3,98,100.40,0.00,284,1.80,25.0,25.3,25.1
2026-06-23 01:18:00,25.3,98,100.40,0.00,278,1.80,25.0,25.3,25.1
2026-06-23 01:33:00,25.3,98,100.40,0.00,281,1.80,25.0,25.3,25.1
2026-06-23 01:48:00,25.3,98,100.40,0.00,279,1.80,25.0,25.3,25.1
2026-06-23 02:03:00,25.3,98,100.40,0.00,273,1.80,25.0,25.3,25.1
2026-06-23 02:18:00,25.3,98,100.40,0.00,267,1.80,25.0,25.3,25.1
2026-06-23 02:33:00,25.3,98,100.40,0.00,266,1.90,24.9,25.3,25.0
2026-06-23 02:48:00,25.2,98,100.40,0.00,263,1.80,24.9,25.2,25.0
2026-06-23 03:03:00,25.2,98,100.40,0.00,264,1.80,24.9,25.2,25.0
2026-06-23 03:18:00,25.2,98,100.40,0.00,257,1.80,24.8,25.2,24.9
2026-06-23 03:33:00,25.2,98,100.40,0.00,257,1.80,24.8,25.2,24.9
2026-06-23 03:48:00,25.2,100,100.40,0.00,255,1.90,25.1,25.2,25.2
2026-06-23 04:03:00,25.2,100,100.40,0.00,261,1.90,25.1,25.2,25.2
2026-06-23 04:18:00,25.2,100,100.40,0.00,260,1.90,25.2,25.2,25.2
2026-06-23 04:33:00,25.2,100,100.40,0.00,264,1.80,25.2,25.2,25.2
2026-06-23 04:48:00,25.2,100,100.40,0.00,260,1.90,25.2,25.2,25.3
2026-06-23 05:03:00,25.2,100,100.40,0.00,255,1.90,25.2,25.2,25.3
2026-06-23 05:18:00,25.2,100,100.40,0.00,267,1.80,25.2,25.2,25.3
2026-06-23 05:33:00,25.2,100,100.30,0.00,255,2.00,25.2,25.2,25.2
2026-06-23 05:48:00,25.2,100,100.40,0.00,260,1.90,25.2,25.2,25.3
2026-06-23 06:03:00,25.3,100,100.40,0.00,254,1.90,25.3,25.3,25.3
2026-06-23 06:18:00,25.3,100,100.40,0.00,255,1.90,25.3,25.3,25.3
2026-06-23 06:33:00,25.4,98,100.40,0.00,260,1.90,25.0,25.4,25.2
2026-06-23 06:48:00,25.4,98,100.40,0.00,257,1.90,25.1,25.4,25.2
2026-06-23 07:03:00,25.4,98,100.50,0.00,258,1.90,25.1,25.4,25.2
2026-06-23 07:18:00,25.4,98,100.50,0.00,260,1.90,25.0,25.4,25.2
2026-06-23 07:33:00,25.4,98,100.50,0.00,267,1.80,25.1,25.4,25.2
2026-06-23 07:48:00,25.5,98,100.50,0.00,257,1.80,25.1,25.5,25.2
2026-06-23 08:03:00,25.5,98,100.50,0.00,261,1.90,25.2,25.5,25.3
2026-06-23 08:18:00,25.6,98,100.50,0.00,267,1.90,25.2,25.6,25.3
2026-06-23 08:33:00,26.2,98,100.50,0.00,263,1.90,25.8,24.2,25.9
2026-06-23 08:48:00,26.1,96,100.50,0.00,281,1.90,25.4,24.1,25.6
2026-06-23 09:03:00,26.1,96,100.50,0.00,279,1.90,25.4,24.1,25.6
2026-06-23 09:18:00,26.1,96,100.50,0.00,284,1.90,25.4,24.1,25.6
2026-06-23 09:33:00,26.1,96,100.50,0.00,282,1.90,25.4,24.1,25.6
2026-06-23 09:48:00,26.2,96,100.50,0.00,284,1.90,25.5,24.2,25.7
2026-06-23 10:03:00,26.1,97,100.50,0.00,281,1.90,25.6,24.1,25.7
2026-06-23 10:18:00,26.2,96,100.50,0.00,281,1.90,25.5,24.2,25.7
2026-06-23 10:33:00,26.3,96,100.50,0.00,281,1.90,25.6,24.3,25.8
2026-06-23 10:48:00,26.1,96,100.60,0.00,285,1.90,25.4,24.1,25.6
2026-06-23 11:03:00,26.0,97,100.60,0.00,281,1.90,25.5,26.0,25.7
2026-06-23 11:18:00,26.1,97,100.50,0.00,279,1.90,25.6,24.1,25.8
2026-06-23 11:33:00,26.5,97,100.50,0.00,281,2.00,25.9,24.5,26.1
2026-06-23 11:48:00,26.7,97,100.50,0.00,281,1.90,26.1,24.7,26.3
2026-06-23 12:03:00,26.6,97,100.60,0.00,282,2.00,26.1,24.6,26.3
2026-06-23 12:18:00,26.6,97,100.60,0.00,278,1.90,26.1,24.6,26.3
2026-06-23 12:33:00,26.8,97,100.50,0.00,279,1.90,26.3,24.8,26.4
2026-06-23 12:48:00,26.6,97,100.50,0.00,279,1.90,26.1,24.6,26.2
2026-06-23 13:03:00,26.5,97,100.50,0.00,285,1.90,25.9,24.5,26.1
2026-06-23 13:18:00,26.3,97,100.50,0.00,278,1.90,25.8,24.3,25.9
2026-06-23 13:33:00,26.3,97,100.50,0.00,279,1.90,25.8,24.3,26.0
2026-06-23 13:48:00,26.3,97,100.50,0.00,285,1.90,25.8,24.3,26.0
2026-06-23 14:03:00,26.3,97,100.50,0.00,282,1.90,25.7,24.3,25.9
2026-06-23 14:18:00,26.3,97,100.50,0.00,279,1.90,25.8,24.3,25.9
2026-06-23 14:33:00,26.2,97,100.50,0.00,279,1.90,25.7,24.2,25.9
2026-06-23 14:48:00,26.2,97,100.50,0.00,282,1.90,25.7,24.2,25.9
2026-06-23 15:03:00,26.4,97,100.50,0.00,281,1.90,25.9,24.4,26.0
2026-06-23 15:18:00,26.4,97,100.50,0.00,278,1.90,25.9,24.4,26.0
2026-06-23 15:33:00,26.3,97,100.50,0.00,285,1.90,25.8,24.3,25.9
2026-06-23 15:48:00,26.4,97,100.50,0.00,279,1.90,25.8,24.4,26.0
2026-06-23 16:03:00,26.1,97,100.50,0.00,290,1.80,25.6,24.1,25.8
2026-06-23 16:18:00,26.1,97,100.50,0.00,279,1.90,25.6,24.1,25.8
2026-06-23 16:33:00,26.1,97,100.50,0.00,281,1.90,25.5,24.1,25.7
2026-06-23 16:48:00,26.0,97,100.50,0.00,284,1.90,25.5,26.0,25.6
2026-06-23 17:03:00,26.0,97,100.50,0.00,278,1.90,25.5,26.0,25.7
2026-06-23 17:18:00,26.2,97,100.50,0.00,279,2.00,25.7,24.2,25.8
2026-06-23 17:33:00,26.2,97,100.50,0.00,282,2.00,25.7,24.2,25.9
2026-06-23 17:48:00,26.2,97,100.50,0.00,281,2.00,25.7,24.2,25.8
2026-06-23 18:03:00,26.1,97,100.50,0.00,287,1.90,25.5,24.1,25.7
2026-06-23 18:18:00,25.9,97,100.50,0.00,282,1.90,25.4,25.9,25.6
2026-06-23 18:33:00,26.2,97,100.60,0.00,282,1.90,25.7,24.2,25.8
2026-06-23 18:48:00,26.1,97,100.60,0.00,281,1.90,25.6,24.1,25.8
2026-06-23 19:03:00,26.1,97,100.60,0.00,285,1.90,25.5,24.1,25.7
2026-06-23 19:18:00,26.0,97,100.60,0.00,284,1.90,25.5,26.0,25.7
2026-06-23 19:33:00,25.9,97,100.60,0.00,279,1.90,25.4,25.9,25.6
2026-06-23 19:48:00,25.9,97,100.60,0.00,282,1.90,25.4,25.9,25.6
2026-06-23 20:03:00,26.0,97,100.60,0.00,279,1.90,25.4,26.0,25.6
2026-06-23 20:18:00,25.6,97,100.60,0.00,276,1.90,25.1,25.6,25.3
2026-06-23 20:33:00,25.4,97,100.60,0.00,285,1.90,24.9,25.4,25.0
2026-06-23 20:48:00,25.2,98,100.60,0.00,284,1.90,24.9,25.2,25.0
2026-06-23 21:03:00,25.1,98,100.60,0.00,281,1.90,24.8,25.1,24.9
2026-06-23 21:18:00,25.1,98,100.70,0.00,285,1.90,24.8,25.1,24.9
2026-06-23 21:33:00,25.1,98,100.60,0.00,287,1.90,24.8,25.1,24.9
2026-06-23 21:48:00,25.1,98,100.70,0.00,284,1.90,24.8,25.1,24.9
2026-06-23 22:03:00,25.0,98,100.70,0.00,279,1.90,24.7,25.0,24.8
2026-06-23 22:18:00,25.0,98,100.70,0.00,279,1.90,24.6,25.0,24.7
2026-06-23 22:33:00,24.9,98,100.70,0.00,279,1.90,24.6,24.9,24.7
2026-06-23 22:48:00,24.9,98,100.70,0.00,285,1.90,24.5,24.9,24.7
2026-06-23 23:03:00,24.8,98,100.70,0.00,282,1.90,24.5,24.8,24.6
2026-06-23 23:18:00,24.8,98,100.60,0.00,285,1.90,24.4,24.8,24.5
2026-06-23 23:33:00,24.8,98,100.60,0.00,284,1.90,24.4,24.8,24.6
2026-06-23 23:48:00,24.8,98,100.60,0.00,287,1.90,24.4,24.8,24.5
2026-06-24 00:03:00,24.7,98,100.60,0.00,287,1.90,24.4,24.7,24.5
2026-06-24 00:18:00,24.7,100,100.60,0.00,279,1.90,24.7,24.7,24.8
2026-06-24 00:33:00,24.7,100,100.60,0.00,285,1.90,24.7,24.7,24.8
2026-06-24 00:48:00,24.8,100,100.60,0.00,284,1.90,24.7,24.8,24.8
2026-06-24 01:03:00,24.7,100,100.60,0.00,278,1.90,24.7,24.7,24.8
2026-06-24 01:18:00,24.8,100,100.60,0.00,285,1.90,24.7,24.8,24.8
2026-06-24 01:33:00,24.7,100,100.50,0.00,285,1.90,24.7,24.7,24.8
2026-06-24 01:48:00,24.7,100,100.50,0.00,287,1.90,24.7,24.7,24.8
2026-06-24 02:03:00,24.7,100,100.50,0.00,276,1.90,24.7,24.7,24.8
2026-06-24 02:18:00,24.7,100,100.50,0.00,285,1.90,24.7,24.7,24.8
2026-06-24 02:33:00,24.7,100,100.50,0.00,285,1.90,24.7,24.7,24.7
2026-06-24 02:48:00,24.6,100,100.50,0.00,285,1.90,24.6,24.6,24.7
2026-06-24 03:03:00,24.6,100,100.50,0.00,281,1.90,24.6,24.6,24.6
2026-06-24 03:18:00,24.6,100,100.50,0.00,281,1.90,24.6,24.6,24.7
2026-06-24 03:33:00,24.6,100,100.50,0.00,279,1.90,24.6,24.6,24.6
2026-06-24 03:48:00,24.5,100,100.50,0.00,276,1.90,24.5,24.5,24.6
2026-06-24 04:03:00,24.6,100,100.50,0.00,285,1.90,24.6,24.6,24.6
2026-06-24 04:18:00,24.5,100,100.50,0.00,290,1.90,24.5,24.5,24.6
2026-06-24 04:33:00,24.6,100,100.50,0.00,278,1.90,24.6,24.6,24.6
2026-06-24 04:48:00,24.6,100,100.50,0.00,282,1.90,24.6,24.6,24.6
2026-06-24 05:03:00,24.5,100,100.50,0.00,284,1.90,24.4,24.5,24.5
2026-06-24 05:18:00,24.5,100,100.50,0.00,279,1.90,24.5,24.5,24.6
2026-06-24 05:33:00,24.4,100,100.50,0.00,284,1.90,24.4,24.4,24.5
2026-06-24 05:48:00,24.4,100,100.50,0.00,290,1.80,24.4,24.4,24.4
2026-06-24 06:03:00,24.5,100,100.60,0.00,281,1.90,24.5,24.5,24.5
2026-06-24 06:18:00,24.4,100,100.60,0.00,281,1.90,24.4,24.4,24.5
2026-06-24 06:33:00,24.6,100,100.60,0.00,284,1.90,24.6,24.6,24.6
2026-06-24 06:48:00,24.6,100,100.60,0.00,284,1.90,24.6,24.6,24.6
2026-06-24 07:03:00,24.6,100,100.60,0.00,278,1.90,24.6,24.6,24.6
2026-06-24 07:18:00,24.7,100,100.60,0.00,281,1.90,24.7,24.7,24.7
2026-06-24 07:33:00,24.8,100,100.60,0.00,281,1.90,24.8,24.8,24.9
2026-06-24 07:48:00,24.9,100,100.60,0.00,282,1.90,24.9,24.9,25.0
2026-06-24 08:03:00,25.2,100,100.60,0.00,279,1.90,25.2,25.2,25.2
2026-06-24 08:18:00,25.7,100,100.60,0.00,279,1.90,25.7,25.7,25.8
2026-06-24 08:33:00,26.1,98,100.60,0.00,282,1.90,25.7,24.1,25.9
2026-06-24 08:48:00,26.2,97,100.60,0.00,282,1.90,25.6,24.2,25.8
2026-06-24 09:03:00,26.2,97,100.60,0.00,279,1.90,25.7,24.2,25.8
2026-06-24 09:18:00,26.1,97,100.60,0.00,284,1.90,25.5,24.1,25.7
2026-06-24 09:33:00,26.1,97,100.70,0.00,282,2.00,25.6,24.1,25.7
2026-06-24 09:48:00,26.2,97,100.60,0.00,279,2.00,25.6,24.2,25.8
2026-06-24 10:03:00,26.4,97,100.60,0.00,282,2.00,25.9,24.4,26.0
2026-06-24 10:18:00,26.6,97,100.70,0.00,284,2.00,26.1,24.6,26.3
2026-06-24 10:33:00,26.6,96,100.70,0.00,284,1.90,25.9,24.6,26.1
2026-06-24 10:48:00,26.8,96,100.60,0.00,281,2.00,26.1,24.8,26.3
2026-06-24 11:03:00,26.4,96,100.60,0.00,282,2.00,25.7,24.4,25.9
2026-06-24 11:18:00,26.2,96,100.70,0.00,284,1.90,25.5,24.2,25.7
2026-06-24 11:33:00,26.4,97,100.60,0.00,279,2.00,25.9,24.4,26.0
2026-06-24 11:48:00,26.3,97,100.60,0.00,281,2.00,25.8,24.3,26.0
2026-06-24 12:03:00,26.3,97,100.60,0.00,285,1.90,25.7,24.3,25.9
2026-06-24 12:18:00,26.7,96,100.60,0.00,282,2.00,26.0,24.7,26.2
2026-06-24 12:33:00,26.4,95,100.60,0.00,278,2.00,25.5,24.4,25.8
2026-06-24 12:48:00,26.2,95,100.60,0.00,281,2.00,25.3,24.2,25.5
2026-06-24 13:03:00,26.1,96,100.60,0.00,281,2.00,25.4,24.1,25.6
2026-06-24 13:18:00,26.6,96,100.60,0.00,282,2.00,25.9,24.6,26.1
2026-06-24 13:33:00,26.5,95,100.60,0.00,278,2.00,25.7,24.5,25.9
2026-06-24 13:48:00,26.3,95,100.60,0.00,282,2.00,25.5,24.3,25.7
2026-06-24 14:03:00,26.1,95,100.60,0.00,282,2.00,25.2,24.1,25.5
2026-06-24 14:18:00,26.0,95,100.60,0.00,285,1.90,25.1,26.0,25.4
2026-06-24 14:33:00,26.0,96,100.60,0.00,279,2.00,25.3,26.0,25.5
2026-06-24 14:48:00,26.0,96,100.60,0.00,282,1.90,25.3,26.0,25.5
2026-06-24 15:03:00,26.1,96,100.60,0.00,278,1.90,25.4,24.1,25.6
2026-06-24 15:18:00,26.2,96,100.50,0.00,282,1.90,25.5,24.2,25.7
2026-06-24 15:33:00,26.2,95,100.50,0.00,278,2.00,25.3,24.2,25.5
2026-06-24 15:48:00,26.2,96,100.60,0.00,282,1.90,25.5,24.2,25.7
2026-06-24 16:03:00,26.2,96,100.60,0.00,279,1.90,25.5,24.2,25.7
2026-06-24 16:18:00,26.2,96,100.60,0.00,291,1.90,25.5,24.2,25.7
2026-06-24 16:33:00,26.2,96,100.60,0.00,279,1.90,25.5,24.2,25.7
2026-06-24 16:48:00,26.3,96,100.60,0.00,281,1.90,25.6,24.3,25.8
2026-06-24 17:03:00,26.2,96,100.60,0.00,281,1.90,25.5,24.2,25.7
2026-06-24 17:18:00,26.3,97,100.60,0.00,275,1.90,25.8,24.3,25.9
2026-06-24 17:33:00,26.1,97,100.60,0.00,284,1.90,25.6,24.1,25.8
2026-06-24 17:48:00,26.1,96,100.60,0.00,290,1.90,25.4,24.1,25.6
2026-06-24 18:03:00,25.8,96,100.60,0.00,276,1.90,25.1,25.8,25.3
2026-06-24 18:18:00,25.7,95,100.60,0.00,287,1.90,24.9,25.7,25.1
2026-06-24 18:33:00,25.6,96,100.60,0.00,281,1.90,24.9,25.6,25.1
2026-06-24 18:48:00,25.6,95,100.70,0.00,276,1.90,24.7,25.6,25.0
2026-06-24 19:03:00,25.6,95,100.70,0.00,279,1.90,24.7,25.6,24.9
2026-06-24 19:18:00,25.6,95,100.70,0.00,278,1.90,24.7,25.6,25.0
2026-06-24 19:33:00,25.4,95,100.70,0.00,279,1.80,24.6,25.4,24.8
2026-06-24 19:48:00,25.3,96,100.80,0.00,281,1.60,24.6,25.3,24.8
2026-06-24 20:03:00,25.4,97,100.80,0.00,276,1.50,24.9,25.4,25.0
2026-06-24 20:18:00,25.3,97,100.80,0.00,279,1.60,24.8,25.3,24.9
2026-06-24 20:33:00,25.2,97,100.80,0.00,276,1.50,24.7,25.2,24.8
2026-06-24 20:48:00,25.2,97,100.80,0.00,278,1.50,24.6,25.2,24.8
2026-06-24 21:03:00,25.0,97,100.80,0.00,276,1.60,24.5,25.0,24.6
2026-06-24 21:18:00,25.0,97,100.80,0.00,276,1.60,24.5,25.0,24.7
2026-06-24 21:33:00,24.9,97,100.80,0.00,279,1.60,24.4,24.9,24.5
2026-06-24 21:48:00,24.8,97,100.80,0.00,279,1.60,24.3,24.8,24.5
2026-06-24 22:03:00,25.0,97,100.80,0.00,273,1.60,24.4,25.0,24.6
2026-06-24 22:18:00,24.9,97,100.80,0.00,275,1.60,24.4,24.9,24.6
2026-06-24 22:33:00,25.0,97,100.80,0.00,273,1.60,24.5,25.0,24.6
2026-06-24 22:48:00,24.9,97,100.80,0.00,279,1.60,24.3,24.9,24.5
2026-06-24 23:03:00,24.7,97,100.80,0.00,275,1.60,24.2,24.7,24.4
2026-06-24 23:18:00,24.7,97,100.80,0.00,275,1.60,24.2,24.7,24.4
2026-06-24 23:33:00,24.6,97,100.80,0.00,275,1.50,24.1,24.6,24.3
2026-06-24 23:48:00,24.7,97,100.80,0.00,279,1.50,24.2,24.7,24.3
2026-06-25 00:03:00,24.6,97,100.80,0.00,275,1.50,24.1,24.6,24.3
2026-06-25 00:18:00,24.6,97,100.80,0.00,275,1.60,24.1,24.6,24.2
2026-06-25 00:33:00,24.6,97,100.70,0.00,279,1.60,24.1,24.6,24.2
2026-06-25 00:48:00,24.6,97,100.70,0.00,276,1.60,24.1,24.6,24.2
2026-06-25 01:03:00,24.5,97,100.70,0.00,276,1.60,24.0,24.5,24.2
2026-06-25 01:18:00,24.5,97,100.70,0.00,275,1.60,24.0,24.5,24.2
2026-06-25 01:33:00,24.5,97,100.70,0.00,278,1.50,24.0,24.5,24.1
2026-06-25 01:48:00,24.4,98,100.70,0.00,278,1.50,24.1,24.4,24.2
2026-06-25 02:03:00,24.4,98,100.70,0.00,279,1.60,24.1,24.4,24.2
2026-06-25 02:18:00,24.5,98,100.70,0.00,278,1.50,24.1,24.5,24.2
2026-06-25 02:33:00,24.5,98,100.70,0.00,279,1.50,24.1,24.5,24.3
2026-06-25 02:48:00,24.5,97,100.70,0.00,275,1.60,24.0,24.5,24.2
2026-06-25 03:03:00,24.5,97,100.70,0.00,279,1.50,24.0,24.5,24.1
2026-06-25 03:18:00,24.5,97,100.60,0.00,275,1.50,24.0,24.5,24.1
2026-06-25 03:33:00,24.5,97,100.70,0.00,275,1.50,24.0,24.5,24.2
2026-06-25 03:48:00,24.6,97,100.70,0.00,279,1.50,24.1,24.6,24.2
2026-06-25 04:03:00,24.6,97,100.70,0.00,276,1.50,24.1,24.6,24.2
2026-06-25 04:18:00,24.5,97,100.70,0.00,279,1.50,24.0,24.5,24.2
2026-06-25 04:33:00,24.5,97,100.70,0.00,279,1.50,24.0,24.5,24.2
2026-06-25 04:48:00,24.5,97,100.70,0.00,279,1.50,24.0,24.5,24.1
2026-06-25 05:03:00,24.4,97,100.70,0.00,279,1.50,23.9,24.4,24.1
2026-06-25 05:18:00,24.4,97,100.70,0.00,275,1.50,23.9,24.4,24.1
2026-06-25 05:33:00,24.5,97,100.70,0.00,276,1.40,23.9,24.5,24.1
2026-06-25 05:48:00,24.6,97,100.70,0.00,282,1.40,24.1,24.6,24.2
2026-06-25 06:03:00,24.7,97,100.80,0.00,276,1.50,24.2,24.7,24.4
2026-06-25 06:18:00,24.7,97,100.80,0.00,278,1.50,24.2,24.7,24.4
2026-06-25 06:33:00,24.9,97,100.80,0.00,279,1.50,24.4,24.9,24.6
2026-06-25 06:48:00,25.2,96,100.80,0.00,279,1.50,24.5,25.2,24.7
2026-06-25 07:03:00,25.3,96,100.80,0.00,281,1.50,24.6,25.3,24.8
2026-06-25 07:18:00,25.3,96,100.80,0.00,276,1.50,24.6,25.3,24.8
2026-06-25 07:33:00,25.0,96,100.80,0.00,278,1.50,24.3,25.0,24.5
2026-06-25 07:48:00,25.0,95,100.80,0.00,287,1.40,24.1,25.0,24.3
2026-06-25 08:03:00,25.6,95,100.90,0.00,279,1.50,24.7,25.6,25.0
2026-06-25 08:18:00,25.8,96,100.80,0.00,282,1.50,25.1,25.8,25.3
2026-06-25 08:33:00,25.8,95,100.80,0.00,276,1.40,24.9,25.8,25.1
2026-06-25 08:48:00,25.7,95,100.80,0.00,281,1.50,24.8,25.7,25.0
2026-06-25 09:03:00,25.5,94,100.80,0.00,278,1.40,24.5,25.5,24.8
2026-06-25 09:18:00,25.9,94,100.80,0.00,281,1.50,24.8,25.9,25.1
2026-06-25 09:33:00,26.4,94,100.80,0.00,278,1.60,25.3,24.4,25.6
2026-06-25 09:48:00,25.8,92,100.80,0.00,287,1.40,24.4,25.8,24.7
2026-06-25 10:03:00,25.7,92,100.80,0.00,282,1.50,24.3,25.7,24.7
2026-06-25 10:18:00,25.6,92,100.80,0.00,275,1.50,24.2,25.6,24.5
2026-06-25 10:33:00,26.3,92,100.80,0.00,278,1.60,24.8,24.3,25.2
2026-06-25 10:48:00,25.9,91,100.80,0.00,276,1.50,24.4,25.9,24.8
2026-06-25 11:03:00,25.8,92,100.80,0.00,275,1.50,24.4,25.8,24.7
2026-06-25 11:18:00,25.5,94,100.80,0.00,281,1.50,24.5,25.5,24.8
2026-06-25 11:33:00,25.7,94,100.80,0.00,278,1.40,24.7,25.7,25.0
2026-06-25 11:48:00,26.0,94,100.80,0.00,281,1.50,24.9,26.0,25.2
2026-06-25 12:03:00,26.3,91,100.80,0.00,279,1.50,24.7,24.3,25.1
2026-06-25 12:18:00,26.0,90,100.80,0.00,284,1.50,24.3,26.0,24.7
2026-06-25 12:33:00,26.1,92,100.80,0.00,276,1.50,24.7,24.1,25.0
2026-06-25 12:48:00,26.0,94,100.80,0.00,282,1.50,25.0,26.0,25.2
2026-06-25 13:03:00,25.9,91,100.70,0.00,281,1.50,24.3,25.9,24.7
2026-06-25 13:18:00,26.6,92,100.70,0.00,278,1.60,25.2,24.6,25.5
2026-06-25 13:33:00,26.1,88,100.70,0.00,281,1.40,23.9,24.1,24.5
2026-06-25 13:48:00,25.7,90,100.70,0.00,278,1.40,23.9,25.7,24.4
2026-06-25 14:03:00,25.5,91,100.70,0.00,276,1.40,24.0,25.5,24.4
2026-06-25 14:18:00,25.6,94,100.70,0.00,279,1.40,24.6,25.6,24.8
2026-06-25 14:33:00,25.6,94,100.70,0.00,281,1.40,24.6,25.6,24.8
2026-06-25 14:48:00,25.9,92,100.70,0.00,278,1.40,24.5,25.9,24.8
2026-06-25 15:03:00,25.9,92,100.70,0.00,282,1.40,24.5,25.9,24.9
2026-06-25 15:18:00,25.8,91,100.70,0.00,281,1.40,24.3,25.8,24.7
2026-06-25 15:33:00,25.9,92,100.70,0.00,278,1.30,24.5,25.9,24.8
2026-06-25 15:48:00,25.8,94,100.70,0.00,281,1.30,24.7,25.8,25.0
2026-06-25 16:03:00,25.8,95,100.70,0.00,281,1.20,24.9,25.8,25.1
2026-06-25 16:18:00,25.8,94,100.70,0.00,281,1.20,24.7,25.8,25.0
2026-06-25 16:33:00,25.8,94,100.70,0.00,281,1.20,24.8,25.8,25.1
2026-06-25 16:48:00,25.8,94,100.70,0.00,279,1.20,24.8,25.8,25.1
2026-06-25 17:03:00,26.0,95,100.70,0.00,278,1.30,25.1,26.0,25.4
2026-06-25 17:18:00,26.0,95,100.70,0.00,281,1.20,25.1,26.0,25.4
2026-06-25 17:33:00,25.9,95,100.70,0.00,275,1.20,25.0,25.9,25.3
2026-06-25 17:48:00,25.7,95,100.80,0.00,279,1.20,24.8,25.7,25.1
2026-06-25 18:03:00,25.7,95,100.80,0.00,281,1.30,24.8,25.7,25.0
2026-06-25 18:18:00,25.6,95,100.80,0.00,281,1.30,24.7,25.6,25.0
2026-06-25 18:33:00,25.2,95,100.80,0.00,278,1.20,24.4,25.2,24.6
2026-06-25 18:48:00,25.3,95,100.80,0.00,276,1.20,24.4,25.3,24.6
2026-06-25 19:03:00,25.0,95,100.80,0.00,279,1.20,24.2,25.0,24.4
2026-06-25 19:18:00,24.9,95,100.80,0.00,285,1.10,24.0,24.9,24.3
2026-06-25 19:33:00,25.0,95,100.90,0.00,279,1.20,24.1,25.0,24.3
2026-06-25 19:48:00,25.2,95,100.90,0.00,278,1.20,24.3,25.2,24.5
2026-06-25 20:03:00,25.2,97,100.90,0.00,278,1.10,24.7,25.2,24.8
2026-06-25 20:18:00,25.0,96,100.90,0.00,275,1.20,24.3,25.0,24.5
2026-06-25 20:33:00,25.1,95,100.90,0.00,279,1.20,24.2,25.1,24.4
2026-06-25 20:48:00,24.8,96,100.90,0.00,275,1.20,24.1,24.8,24.3
2026-06-25 21:03:00,24.9,96,101.00,0.00,275,1.10,24.2,24.9,24.4
2026-06-25 21:18:00,24.9,96,101.00,0.00,276,1.20,24.2,24.9,24.4
2026-06-25 21:33:00,24.6,96,101.00,0.00,279,1.10,23.9,24.6,24.1
2026-06-25 21:48:00,24.6,96,100.90,0.00,282,1.20,23.9,24.6,24.1
2026-06-25 22:03:00,24.6,97,101.00,0.00,282,1.00,24.1,24.6,24.3
2026-06-25 22:18:00,24.6,97,100.90,0.00,275,1.00,24.1,24.6,24.3
2026-06-25 22:33:00,24.6,97,100.90,0.00,276,1.10,24.1,24.6,24.2
2026-06-25 22:48:00,24.5,97,100.90,0.00,279,1.10,24.0,24.5,24.1
2026-06-25 23:03:00,24.5,97,100.90,0.00,275,1.00,23.9,24.5,24.1
2026-06-25 23:18:00,24.4,97,100.90,0.00,279,1.00,23.9,24.4,24.1
2026-06-25 23:33:00,24.4,97,100.90,0.00,285,1.00,23.9,24.4,24.0
2026-06-25 23:48:00,24.3,97,100.90,0.00,276,1.00,23.8,24.3,24.0
2026-06-26 00:03:00,24.2,97,100.80,0.00,275,1.00,23.7,24.2,23.9
2026-06-26 00:18:00,24.2,97,100.80,0.00,278,1.00,23.6,24.2,23.8
2026-06-26 00:33:00,24.2,97,100.80,0.00,275,1.00,23.6,24.2,23.8
2026-06-26 00:48:00,24.2,97,100.80,0.00,281,0.90,23.7,24.2,23.8
2026-06-26 01:03:00,24.2,97,100.80,0.00,276,0.90,23.7,24.2,23.8
2026-06-26 01:18:00,24.2,97,100.80,0.00,279,0.90,23.6,24.2,23.8
2026-06-26 01:33:00,24.1,97,100.80,0.00,276,0.90,23.6,24.1,23.8
2026-06-26 01:48:00,24.1,97,100.80,0.00,281,0.90,23.6,24.1,23.8
2026-06-26 02:03:00,24.2,97,100.80,0.00,276,0.90,23.7,24.2,23.8
2026-06-26 02:18:00,24.1,97,100.80,0.00,273,0.90,23.6,24.1,23.8
2026-06-26 02:33:00,24.1,97,100.80,0.00,276,0.80,23.6,24.1,23.7
2026-06-26 02:48:00,24.1,97,100.80,0.00,276,0.80,23.5,24.1,23.7
2026-06-26 03:03:00,24.0,98,100.80,0.00,279,0.80,23.7,24.0,23.8
2026-06-26 03:18:00,24.0,98,100.80,0.00,275,0.80,23.7,24.0,23.8
2026-06-26 03:33:00,24.0,98,100.80,0.00,278,0.80,23.6,24.0,23.7
2026-06-26 03:48:00,23.9,98,100.80,0.00,275,0.90,23.6,23.9,23.7
2026-06-26 04:03:00,23.9,98,100.80,0.00,281,0.80,23.5,23.9,23.6
2026-06-26 04:18:00,23.8,98,100.80,0.00,276,0.80,23.5,23.8,23.6
2026-06-26 04:33:00,23.8,98,100.80,0.00,276,0.80,23.5,23.8,23.6
2026-06-26 04:48:00,23.8,98,100.80,0.00,279,0.80,23.5,23.8,23.6
2026-06-26 05:03:00,23.9,98,100.80,0.00,278,0.80,23.6,23.9,23.7
2026-06-26 05:18:00,24.0,98,100.90,0.00,279,0.80,23.7,24.0,23.8
2026-06-26 05:33:00,24.2,97,100.90,0.00,276,0.80,23.7,24.2,23.8
2026-06-26 05:48:00,24.3,97,100.90,0.00,281,0.80,23.8,24.3,23.9
2026-06-26 06:03:00,24.3,97,100.90,0.00,279,0.70,23.8,24.3,23.9
2026-06-26 06:18:00,24.5,97,100.90,0.00,281,0.70,24.0,24.5,24.1
2026-06-26 06:33:00,24.7,97,100.90,0.00,278,0.70,24.2,24.7,24.3
2026-06-26 06:48:00,24.7,97,100.90,0.00,278,0.70,24.1,24.7,24.3
2026-06-26 07:03:00,25.2,97,100.90,0.00,278,0.80,24.6,25.2,24.8
2026-06-26 07:18:00,25.5,97,100.90,0.00,279,0.80,25.0,25.5,25.2
2026-06-26 07:33:00,25.8,95,100.90,0.00,276,0.90,25.0,25.8,25.2
2026-06-26 07:48:00,26.2,95,100.90,0.00,278,0.90,25.3,24.2,25.6
2026-06-26 08:03:00,26.2,94,100.90,0.00,278,0.90,25.1,24.2,25.4
2026-06-26 08:18:00,25.9,94,100.90,0.00,279,0.90,24.9,25.9,25.2
2026-06-26 08:33:00,26.0,89,100.90,0.00,282,0.90,24.0,26.0,24.5
2026-06-26 08:48:00,25.9,88,100.90,0.00,276,0.90,23.8,25.9,24.3
2026-06-26 09:03:00,25.9,84,100.90,0.00,284,0.60,23.0,25.9,23.7
2026-06-26 09:18:00,26.0,83,100.90,0.00,278,0.70,22.9,26.0,23.7
2026-06-26 09:33:00,26.1,79,100.90,0.00,284,0.80,22.2,24.1,23.3
2026-06-26 09:48:00,25.9,74,100.90,0.00,287,0.70,20.9,25.9,22.4
2026-06-26 10:03:00,26.5,74,100.90,0.00,276,0.70,21.4,24.5,22.9
2026-06-26 10:18:00,27.3,72,100.90,0.00,282,0.70,21.6,27.5,23.3
2026-06-26 10:33:00,27.8,68,100.90,0.00,282,0.80,21.1,28.0,23.1
2026-06-26 10:48:00,28.1,66,100.90,0.00,276,0.70,20.8,28.3,23.0
2026-06-26 11:03:00,28.2,74,100.90,0.00,282,0.60,22.9,29.6,24.4
2026-06-26 11:18:00,28.9,64,100.80,0.00,276,0.50,21.1,29.5,23.5
2026-06-26 11:33:00,28.9,61,100.80,0.00,285,0.60,20.3,29.0,23.0
2026-06-26 11:48:00,28.3,59,100.80,0.00,276,0.50,19.3,27.7,22.2
2026-06-26 12:03:00,28.4,65,100.80,0.00,275,0.50,20.9,28.7,23.2
2026-06-26 12:18:00,28.5,65,100.80,0.00,276,0.50,21.0,28.9,23.3
2026-06-26 12:33:00,28.6,67,100.80,0.00,282,0.60,21.6,29.4,23.7
2026-06-26 12:48:00,29.6,66,100.80,0.00,275,0.60,22.3,31.2,24.4
2026-06-26 13:03:00,29.1,63,100.70,0.00,276,0.60,21.0,29.7,23.5
2026-06-26 13:18:00,28.8,67,100.70,0.00,276,0.60,21.8,29.7,23.9
2026-06-26 13:33:00,29.2,68,100.70,0.00,273,0.60,22.4,30.8,24.4
2026-06-26 13:48:00,28.9,68,100.70,0.00,284,0.00,22.1,30.1,24.1
2026-06-26 14:03:00,28.7,67,100.70,0.00,284,0.00,21.7,29.5,23.8
2026-06-26 14:18:00,28.6,61,100.70,0.00,281,0.00,20.0,28.5,22.7
2026-06-26 14:33:00,28.9,62,100.70,0.00,282,0.00,20.6,29.1,23.2
2026-06-26 14:48:00,28.5,64,100.70,0.00,284,0.00,20.7,28.7,23.1
2026-06-26 15:03:00,28.6,66,100.70,0.00,276,0.00,21.4,29.2,23.6
2026-06-26 15:18:00,28.6,66,100.70,0.00,284,0.00,21.3,29.2,23.5
2026-06-26 15:33:00,28.7,67,100.60,0.00,282,0.00,21.7,29.5,23.8
2026-06-26 15:48:00,28.5,70,100.60,0.00,112,0.00,22.2,29.6,24.0
2026-06-26 16:03:00,28.3,74,100.70,0.00,114,0.00,23.0,29.8,24.5
2026-06-26 16:18:00,28.0,77,100.70,0.00,112,0.00,23.4,29.6,24.7
2026-06-26 16:33:00,28.3,78,100.60,0.00,114,0.00,23.9,30.5,25.1
2026-06-26 16:48:00,28.2,75,100.60,0.00,114,0.00,23.1,29.7,24.5
2026-06-26 17:03:00,28.1,78,100.60,0.00,114,0.00,23.7,30.0,24.9
2026-06-26 17:18:00,27.9,84,100.70,0.00,111,0.00,24.7,30.4,25.5
2026-06-26 17:33:00,27.9,83,100.70,0.00,111,0.00,24.5,30.2,25.4
2026-06-26 17:48:00,27.8,81,100.70,0.00,114,0.00,24.0,29.7,25.0
2026-06-26 18:03:00,27.5,86,100.70,0.00,114,0.00,24.8,29.6,25.5
2026-06-26 18:18:00,27.4,88,100.70,0.00,112,0.00,25.2,29.7,25.7
2026-06-26 18:33:00,27.0,88,100.70,0.00,111,0.00,24.9,28.6,25.4
2026-06-26 18:48:00,26.9,86,100.70,0.00,106,0.00,24.3,24.9,25.0
2026-06-26 19:03:00,26.6,88,100.80,0.00,111,0.00,24.5,24.6,25.0
2026-06-26 19:18:00,26.6,88,100.80,0.00,114,0.00,24.4,24.6,25.0
2026-06-26 19:33:00,26.6,88,100.80,0.00,111,0.00,24.5,24.6,25.0
2026-06-26 19:48:00,26.3,86,100.80,0.00,114,0.00,23.7,24.3,24.4
2026-06-26 20:03:00,26.3,88,100.80,0.00,114,0.00,24.1,24.3,24.7
2026-06-26 20:18:00,26.3,88,100.80,0.00,111,0.00,24.1,24.3,24.7
2026-06-26 20:33:00,26.0,86,100.90,0.00,114,0.00,23.5,26.0,24.1
2026-06-26 20:48:00,26.2,89,100.90,0.00,115,0.00,24.2,24.2,24.7
2026-06-26 21:03:00,26.1,88,100.90,0.00,115,0.00,23.9,24.1,24.5
2026-06-26 21:18:00,26.2,89,100.90,0.00,115,0.00,24.2,24.2,24.7
2026-06-26 21:33:00,26.0,90,100.90,0.00,117,0.00,24.3,26.0,24.7
2026-06-26 21:48:00,25.8,89,100.90,0.00,112,0.00,23.9,25.8,24.4
2026-06-26 22:03:00,25.8,85,100.90,0.00,112,0.00,23.0,25.8,23.8
2026-06-26 22:18:00,25.8,85,100.90,0.00,112,0.00,23.1,25.8,23.8
2026-06-26 22:33:00,25.7,86,100.90,0.00,117,0.00,23.2,25.7,23.8
2026-06-26 22:48:00,25.5,91,100.90,0.00,117,0.00,24.0,25.5,24.4
2026-06-26 23:03:00,25.4,91,100.90,0.00,117,0.00,23.9,25.4,24.3
2026-06-26 23:18:00,25.5,92,100.90,0.00,117,0.00,24.1,25.5,24.4
2026-06-26 23:33:00,25.4,92,100.80,0.00,124,0.00,24.0,25.4,24.4
2026-06-26 23:48:00,25.4,92,100.90,0.00,121,0.00,24.0,25.4,24.4
2026-06-27 00:03:00,25.4,92,100.80,0.00,121,0.00,24.0,25.4,24.3
2026-06-27 00:18:00,25.4,92,100.80,0.00,123,0.00,24.0,25.4,24.3
2026-06-27 00:33:00,25.3,92,100.80,0.00,127,0.00,23.9,25.3,24.2
2026-06-27 00:48:00,25.3,94,100.80,0.00,124,0.00,24.2,25.3,24.5
2026-06-27 01:03:00,25.3,94,100.80,0.00,124,0.00,24.2,25.3,24.5
2026-06-27 01:18:00,25.3,92,100.80,0.00,126,0.00,23.9,25.3,24.2
2026-06-27 01:33:00,25.3,92,100.80,0.00,127,0.00,23.9,25.3,24.2
2026-06-27 01:48:00,25.2,94,100.70,0.00,129,0.00,24.2,25.2,24.5
2026-06-27 02:03:00,25.2,94,100.70,0.00,132,0.00,24.2,25.2,24.4
2026-06-27 02:18:00,25.2,94,100.70,0.00,130,0.00,24.2,25.2,24.4
2026-06-27 02:33:00,25.2,94,100.70,0.00,132,0.00,24.2,25.2,24.4
2026-06-27 02:48:00,25.2,95,100.70,0.00,132,0.00,24.4,25.2,24.6
2026-06-27 03:03:00,25.2,94,100.70,0.00,132,0.00,24.2,25.2,24.4
2026-06-27 03:18:00,25.2,94,100.70,0.00,130,0.00,24.2,25.2,24.5
2026-06-27 03:33:00,25.2,94,100.70,0.00,132,0.00,24.2,25.2,24.4
2026-06-27 03:48:00,25.2,95,100.70,0.00,135,0.00,24.3,25.2,24.5
2026-06-27 04:03:00,25.1,95,100.70,0.00,132,0.00,24.3,25.1,24.5
2026-06-27 04:18:00,25.1,95,100.70,0.00,133,0.00,24.3,25.1,24.5
2026-06-27 04:33:00,25.1,95,100.70,0.00,135,0.00,24.3,25.1,24.5
2026-06-27 04:48:00,25.1,95,100.70,0.00,130,0.00,24.3,25.1,24.5
2026-06-27 05:03:00,25.1,95,100.70,0.00,133,0.00,24.3,25.1,24.5
2026-06-27 05:18:00,25.2,95,100.80,0.00,132,0.00,24.4,25.2,24.6
2026-06-27 05:33:00,25.4,95,100.80,0.00,127,0.00,24.5,25.4,24.7
2026-06-27 05:48:00,25.4,95,100.80,0.00,129,0.00,24.6,25.4,24.8
2026-06-27 06:03:00,25.4,94,100.80,0.00,127,0.00,24.4,25.4,24.7
2026-06-27 06:18:00,25.5,95,100.80,0.00,129,0.00,24.6,25.5,24.8
2026-06-27 06:33:00,25.5,95,100.80,0.00,132,0.00,24.6,25.5,24.8
2026-06-27 06:48:00,25.6,95,100.80,0.00,127,0.00,24.7,25.6,24.9
2026-06-27 07:03:00,25.7,94,100.80,0.00,126,0.00,24.7,25.7,24.9
2026-06-27 07:18:00,26.0,92,100.80,0.00,123,0.00,24.5,26.0,24.9
2026-06-27 07:33:00,26.1,91,100.80,0.00,121,0.00,24.5,24.1,24.9
2026-06-27 07:48:00,26.4,91,100.80,0.00,124,0.00,24.8,24.4,25.2
2026-06-27 08:03:00,26.5,90,100.80,0.00,120,0.00,24.7,24.5,25.2
2026-06-27 08:18:00,26.9,89,100.80,0.00,118,0.00,25.0,24.9,25.5
2026-06-27 08:33:00,27.3,86,100.90,0.00,117,0.00,24.7,29.2,25.4
2026-06-27 08:48:00,27.4,86,100.80,0.00,117,0.00,24.6,29.3,25.3
2026-06-27 09:03:00,27.4,86,100.80,0.00,130,0.00,24.9,29.4,25.5
2026-06-27 09:18:00,27.8,86,100.80,0.00,118,0.00,25.0,30.4,25.7
2026-06-27 09:33:00,27.3,82,100.90,0.00,117,0.00,23.9,28.7,24.8
2026-06-27 09:48:00,27.7,82,100.80,0.00,118,0.00,24.4,29.7,25.2
2026-06-27 10:03:00,28.4,83,100.80,0.00,115,0.00,25.0,31.6,25.9
2026-06-27 10:18:00,28.6,78,100.80,0.00,115,0.00,24.1,31.2,25.3
2026-06-27 10:33:00,29.0,83,100.80,0.00,115,0.00,25.6,33.4,26.5
2026-06-27 10:48:00,29.5,78,100.80,0.00,115,0.00,25.0,33.7,26.1
2026-06-27 11:03:00,28.8,73,100.80,0.00,118,0.00,23.2,30.8,24.8
2026-06-27 11:18:00,28.6,74,100.80,0.00,118,0.00,23.2,30.5,24.7
2026-06-27 11:33:00,28.9,74,100.80,0.00,118,0.00,23.5,31.2,25.0
2026-06-27 11:48:00,29.1,73,100.80,0.00,115,0.00,23.5,31.5,25.0
2026-06-27 12:03:00,29.1,73,100.80,0.00,118,0.00,23.5,31.5,25.1
2026-06-27 12:18:00,29.0,74,100.70,0.00,118,0.00,23.6,31.5,25.1
2026-06-27 12:33:00,29.4,73,100.70,0.00,117,0.00,23.8,32.2,25.4
2026-06-27 12:48:00,29.4,73,100.70,0.00,118,0.00,23.8,32.2,25.3
2026-06-27 13:03:00,29.0,74,100.70,0.00,117,0.00,23.6,31.5,25.1
2026-06-27 13:18:00,28.7,76,100.70,0.00,117,0.00,23.8,31.1,25.2
2026-06-27 13:33:00,28.6,77,100.70,0.00,123,0.00,23.9,31.0,25.2
2026-06-27 13:48:00,28.5,79,100.70,0.00,120,0.00,24.2,31.1,25.4
2026-06-27 14:03:00,28.7,79,100.70,0.00,112,0.00,24.4,31.7,25.5
2026-06-27 14:18:00,28.9,78,100.70,0.00,114,0.00,24.5,32.0,25.7
2026-06-27 14:33:00,29.0,77,100.70,0.00,114,0.00,24.3,32.1,25.5
2026-06-27 14:48:00,28.9,77,100.70,0.00,115,0.00,24.2,31.8,25.5
2026-06-27 15:03:00,28.7,78,100.70,0.00,120,0.00,24.3,31.5,25.5
2026-06-27 15:18:00,28.2,83,100.70,0.00,124,0.00,24.8,31.1,25.6
2026-06-27 15:33:00,28.2,86,100.70,0.00,121,0.00,25.4,31.6,26.1
2026-06-27 15:48:00,28.1,85,100.70,0.00,121,0.00,25.2,31.1,25.9
2026-06-27 16:03:00,27.8,85,100.70,0.00,127,0.00,24.9,30.3,25.6
2026-06-27 16:18:00,27.7,84,100.70,0.00,124,0.00,24.8,30.0,25.5
2026-06-27 16:33:00,27.8,87,100.70,0.00,123,0.00,25.2,30.6,25.9
2026-06-27 16:48:00,27.7,86,100.70,0.00,120,0.00,25.1,30.3,25.8
2026-06-27 17:03:00,27.5,86,100.70,0.00,130,0.00,24.9,29.7,25.6
2026-06-27 17:18:00,27.3,88,100.70,0.00,136,0.00,25.1,29.4,25.7
2026-06-27 17:33:00,27.1,88,100.70,0.00,153,0.00,24.9,28.8,25.5
2026-06-27 17:48:00,26.9,88,100.70,0.00,153,0.00,24.7,24.9,25.3
2026-06-27 18:03:00,26.8,88,100.70,0.00,157,0.00,24.6,24.8,25.1
2026-06-27 18:18:00,26.6,90,100.70,0.00,148,0.00,24.8,24.6,25.3
2026-06-27 18:33:00,26.4,90,100.80,0.00,165,0.00,24.6,24.4,25.1
2026-06-27 18:48:00,26.5,91,100.80,0.00,141,3.70,24.9,24.5,25.3
2026-06-27 19:03:00,26.3,91,100.80,0.00,163,2.10,24.7,24.3,25.1
2026-06-27 19:18:00,26.2,91,100.80,0.00,144,1.80,24.6,24.2,25.0
2026-06-27 19:33:00,26.2,91,100.80,0.00,130,1.60,24.6,24.2,25.0
2026-06-27 19:48:00,26.0,88,100.80,0.00,132,1.70,23.8,26.0,24.4
2026-06-27 20:03:00,26.0,86,100.80,0.00,130,1.60,23.5,26.0,24.2
2026-06-27 20:18:00,26.0,86,100.80,0.00,129,1.60,23.4,26.0,24.1
2026-06-27 20:33:00,25.9,86,100.90,0.00,126,1.60,23.4,25.9,24.0
2026-06-27 20:48:00,25.9,88,100.90,0.00,124,1.60,23.7,25.9,24.3
2026-06-27 21:03:00,25.9,88,100.90,0.00,130,1.60,23.7,25.9,24.3
2026-06-27 21:18:00,25.8,91,100.90,0.00,129,1.60,24.2,25.8,24.6
2026-06-27 21:33:00,25.8,90,100.90,0.00,126,1.70,24.0,25.8,24.5
2026-06-27 21:48:00,25.7,91,100.90,0.00,127,1.60,24.2,25.7,24.6
2026-06-27 22:03:00,25.7,91,100.90,0.00,129,1.60,24.1,25.7,24.6
2026-06-27 22:18:00,25.7,91,100.90,0.00,130,1.50,24.2,25.7,24.6
2026-06-27 22:33:00,25.7,90,100.90,0.00,127,1.60,24.0,25.7,24.4
2026-06-27 22:48:00,25.7,91,100.90,0.00,129,1.50,24.1,25.7,24.5
2026-06-27 23:03:00,25.7,91,100.90,0.00,129,1.50,24.1,25.7,24.5
2026-06-27 23:18:00,25.6,91,100.90,0.00,130,1.60,24.0,25.6,24.4
2026-06-27 23:33:00,25.6,92,100.80,0.00,129,1.50,24.2,25.6,24.6
2026-06-27 23:48:00,25.6,92,100.80,0.00,130,1.60,24.2,25.6,24.6
2026-06-28 00:03:00,25.6,94,100.80,0.00,133,1.70,24.6,25.6,24.9
2026-06-28 00:18:00,25.6,94,100.80,0.00,133,1.70,24.5,25.6,24.8
2026-06-28 00:33:00,25.6,94,100.80,0.00,135,1.60,24.5,25.6,24.8
2026-06-28 00:48:00,25.6,94,100.80,0.00,139,1.70,24.5,25.6,24.8
2026-06-28 01:03:00,25.5,95,100.80,0.00,138,1.70,24.6,25.5,24.9
2026-06-28 01:18:00,25.4,95,100.80,0.00,150,1.70,24.6,25.4,24.8
2026-06-28 01:33:00,25.4,95,100.80,0.00,150,1.60,24.6,25.4,24.8
2026-06-28 01:48:00,25.4,95,100.80,0.00,153,1.60,24.6,25.4,24.8
2026-06-28 02:03:00,25.4,95,100.80,0.00,148,1.60,24.6,25.4,24.8
2026-06-28 02:18:00,25.4,96,100.80,0.00,160,1.70,24.7,25.4,24.9
2026-06-28 02:33:00,25.4,96,100.80,0.00,157,1.80,24.7,25.4,24.9
2026-06-28 02:48:00,25.4,96,100.80,0.00,156,1.60,24.7,25.4,24.9
2026-06-28 03:03:00,25.4,96,100.80,0.00,165,1.70,24.7,25.4,24.9
2026-06-28 03:18:00,25.3,97,100.80,0.00,165,1.60,24.8,25.3,25.0
2026-06-28 03:33:00,25.3,97,100.80,0.00,168,1.70,24.8,25.3,25.0
2026-06-28 03:48:00,25.3,97,100.80,0.00,165,1.60,24.8,25.3,25.0
2026-06-28 04:03:00,25.3,97,100.80,0.00,168,1.50,24.8,25.3,25.0
2026-06-28 04:18:00,25.3,97,100.80,0.00,168,1.60,24.8,25.3,25.0
2026-06-28 04:33:00,25.3,97,100.80,0.00,168,1.60,24.8,25.3,25.0
2026-06-28 04:48:00,25.3,97,100.80,0.00,163,1.60,24.8,25.3,25.0
2026-06-28 05:03:00,25.3,97,100.80,0.00,163,1.70,24.8,25.3,25.0
2026-06-28 05:18:00,25.3,97,100.90,0.00,171,1.60,24.8,25.3,25.0
2026-06-28 05:33:00,25.4,97,100.90,0.00,168,1.70,24.9,25.4,25.0
2026-06-28 05:48:00,25.5,97,100.90,0.00,171,1.80,25.0,25.5,25.1
2026-06-28 06:03:00,25.6,97,100.90,0.00,168,1.80,25.1,25.6,25.3
2026-06-28 06:18:00,25.8,97,100.90,0.00,162,1.70,25.3,25.8,25.5
2026-06-28 06:33:00,26.0,97,100.90,0.00,157,1.80,25.5,26.0,25.7
2026-06-28 06:48:00,26.3,97,100.90,0.00,159,1.90,25.7,24.3,25.9
2026-06-28 07:03:00,26.4,97,100.90,0.00,154,1.90,25.9,24.4,26.1
2026-06-28 07:18:00,26.7,97,100.90,0.00,154,1.80,26.2,24.7,26.3
2026-06-28 07:33:00,26.9,97,100.90,0.00,153,1.80,26.4,24.9,26.5
2026-06-28 07:48:00,27.0,96,100.90,0.00,153,1.90,26.3,29.4,26.5
2026-06-28 08:03:00,27.4,96,100.90,0.00,141,2.00,26.5,30.7,26.7
2026-06-28 08:18:00,27.7,96,100.90,0.00,136,1.90,26.8,31.7,27.0
2026-06-28 08:33:00,28.0,96,100.90,0.00,139,2.00,27.1,32.8,27.3
2026-06-28 08:48:00,27.9,95,100.90,0.00,160,2.00,26.8,32.2,27.1
2026-06-28 09:03:00,28.3,96,100.90,0.00,153,1.90,27.4,33.9,27.7
2026-06-28 09:18:00,28.5,95,100.90,0.00,148,2.00,27.4,34.4,27.7
2026-06-28 09:33:00,28.9,93,101.00,0.00,150,2.00,27.4,35.4,27.8
2026-06-28 09:48:00,29.2,89,100.90,0.00,141,2.00,27.0,35.5,27.5
2026-06-28 10:03:00,29.4,88,100.90,0.00,144,2.00,27.0,35.9,27.6
2026-06-28 10:18:00,29.5,86,100.90,0.00,282,2.00,26.7,35.7,27.4
2026-06-28 10:33:00,29.6,88,100.90,0.00,275,2.00,27.2,36.6,27.7
2026-06-28 10:48:00,30.4,85,100.90,0.00,279,2.00,27.3,38.6,28.1
2026-06-28 11:03:00,29.9,84,100.90,0.00,282,2.00,26.7,36.5,27.5
2026-06-28 11:18:00,30.1,85,100.90,0.00,272,2.00,27.1,37.5,27.8
2026-06-28 11:33:00,30.3,82,100.90,0.00,276,2.20,26.7,37.2,27.6
2026-06-28 11:48:00,30.4,79,100.90,0.00,275,2.10,26.1,36.6,27.2
2026-06-28 12:03:00,30.3,74,100.90,0.00,278,2.20,24.9,34.9,26.4
2026-06-28 12:18:00,30.4,77,100.90,0.00,281,2.20,25.7,36.0,26.9
2026-06-28 12:33:00,30.6,73,100.90,0.00,276,2.20,24.9,35.4,26.4
2026-06-28 12:48:00,30.6,74,100.90,0.00,281,2.30,25.2,35.7,26.6
2026-06-28 13:03:00,30.6,73,100.90,0.00,279,2.30,24.9,35.4,26.4
2026-06-28 13:18:00,30.4,72,100.90,0.00,272,2.20,24.5,34.6,26.1
2026-06-28 13:33:00,30.3,76,100.90,0.00,284,2.20,25.4,35.4,26.7
2026-06-28 13:48:00,30.4,73,100.80,0.00,278,2.20,24.7,34.9,26.2
2026-06-28 14:03:00,30.3,77,100.80,0.00,278,2.30,25.6,35.7,26.8
2026-06-28 14:18:00,30.3,80,100.80,0.00,275,2.30,26.3,36.6,27.3
2026-06-28 14:33:00,30.1,80,100.80,0.00,279,2.20,26.0,36.0,27.1
2026-06-28 14:48:00,29.8,82,100.80,0.00,282,2.20,26.2,35.6,27.1
2026-06-28 15:03:00,29.9,84,100.80,0.00,281,2.30,26.7,36.5,27.5
2026-06-28 15:18:00,29.8,83,100.80,0.00,276,2.30,26.4,35.9,27.3
2026-06-28 15:33:00,29.7,84,100.80,0.00,276,2.30,26.5,35.8,27.3
2026-06-28 15:48:00,29.5,86,100.80,0.00,279,2.30,26.7,35.7,27.4
2026-06-28 16:03:00,29.2,88,100.80,0.00,275,2.30,26.8,35.2,27.4
2026-06-28 16:18:00,29.3,89,100.80,0.00,279,2.30,27.1,35.8,27.6
2026-06-28 16:33:00,29.2,89,100.80,0.00,279,2.30,27.0,35.5,27.5
2026-06-28 16:48:00,29.3,89,100.80,0.00,281,2.40,27.0,35.8,27.6
2026-06-28 17:03:00,29.1,88,100.80,0.00,282,2.80,26.7,34.9,27.3
2026-06-28 17:18:00,28.8,89,100.80,0.00,263,2.50,26.6,34.1,27.1
2026-06-28 17:33:00,28.5,89,100.80,0.00,278,2.50,26.3,33.1,26.9
2026-06-28 17:48:00,28.3,91,100.80,0.00,278,2.50,26.5,32.8,26.9
2026-06-28 18:03:00,28.0,93,100.90,1.00,22,2.50,26.6,32.2,27.0
2026-06-28 18:18:00,27.9,95,100.90,0.00,276,2.50,26.8,32.2,27.1
2026-06-28 18:33:00,27.6,96,100.80,0.00,269,2.50,26.8,31.3,27.0
2026-06-28 18:48:00,27.6,96,100.90,0.00,276,2.50,26.7,31.3,27.0
2026-06-28 19:03:00,27.5,96,100.90,0.00,275,2.50,26.6,31.0,26.9
2026-06-28 19:18:00,27.4,96,100.90,0.00,275,2.40,26.5,30.7,26.7
2026-06-28 19:33:00,27.3,96,100.90,0.00,281,2.40,26.5,30.3,26.7
2026-06-28 19:48:00,27.2,94,100.90,0.00,285,2.30,26.1,29.9,26.4
2026-06-28 20:03:00,27.1,94,100.90,0.00,281,2.30,26.1,29.5,26.3
2026-06-28 20:18:00,27.1,95,100.90,0.00,281,2.30,26.2,29.6,26.4
2026-06-28 20:33:00,27.0,95,101.00,0.00,281,2.30,26.1,29.3,26.3
2026-06-28 20:48:00,26.8,95,101.00,0.00,198,2.30,25.9,24.8,26.2
2026-06-28 21:03:00,26.9,95,101.00,0.00,279,2.10,26.0,24.9,26.3
2026-06-28 21:18:00,26.8,95,101.00,0.00,276,2.10,25.9,24.8,26.1
2026-06-28 21:33:00,26.7,96,101.00,0.00,275,2.10,26.0,24.7,26.2
2026-06-28 21:48:00,26.8,96,101.00,0.00,279,2.00,26.1,24.8,26.3
2026-06-28 22:03:00,26.9,96,101.00,0.00,278,2.00,26.2,24.9,26.4
2026-06-28 22:18:00,26.8,96,101.00,0.00,273,2.00,26.1,24.8,26.3
2026-06-28 22:33:00,26.8,96,101.00,0.00,272,2.00,26.1,24.8,26.3
2026-06-28 22:48:00,26.8,96,101.00,0.00,273,2.00,26.1,24.8,26.3
2026-06-28 23:03:00,26.7,96,101.00,0.00,279,2.00,26.0,24.7,26.2
2026-06-28 23:18:00,26.7,95,101.00,0.00,278,2.00,25.8,24.7,26.1
2026-06-28 23:33:00,26.7,95,101.00,0.00,278,2.00,25.8,24.7,26.1
2026-06-28 23:48:00,26.6,95,101.00,0.00,281,2.00,25.7,24.6,26.0
2026-06-29 00:03:00,26.6,95,101.00,0.00,273,2.00,25.7,24.6,26.0
2026-06-29 00:18:00,26.5,95,101.00,0.00,272,2.00,25.6,24.5,25.9
2026-06-29 00:33:00,26.5,95,101.00,0.00,278,2.00,25.7,24.5,25.9
2026-06-29 00:48:00,26.5,95,100.90,0.00,272,2.00,25.6,24.5,25.8
2026-06-29 01:03:00,26.4,95,100.90,0.00,272,2.00,25.6,24.4,25.8
2026-06-29 01:18:00,26.4,95,101.00,0.00,273,2.00,25.5,24.4,25.7
2026-06-29 01:33:00,26.3,95,101.00,0.00,273,2.00,25.4,24.3,25.7
2026-06-29 01:48:00,26.3,96,100.90,0.00,272,1.90,25.6,24.3,25.8
2026-06-29 02:03:00,26.2,96,101.00,0.00,275,1.90,25.5,24.2,25.7
2026-06-29 02:18:00,26.2,96,100.90,0.00,275,1.90,25.5,24.2,25.7
2026-06-29 02:33:00,26.2,96,101.00,0.00,272,1.90,25.5,24.2,25.7
2026-06-29 02:48:00,26.2,95,100.90,0.00,270,1.90,25.3,24.2,25.6
2026-06-29 03:03:00,26.2,95,100.90,0.00,275,1.90,25.3,24.2,25.5
2026-06-29 03:18:00,26.1,96,100.90,0.00,272,1.90,25.4,24.1,25.6
2026-06-29 03:33:00,26.1,95,100.90,0.00,272,1.90,25.2,24.1,25.4
2026-06-29 03:48:00,26.1,96,100.90,0.00,270,1.90,25.4,24.1,25.6
2026-06-29 04:03:00,26.1,95,100.90,0.00,269,1.90,25.2,24.1,25.4
2026-06-29 04:18:00,26.0,95,100.90,0.00,272,2.00,25.2,26.0,25.4
2026-06-29 04:33:00,26.0,96,101.00,0.00,269,2.20,25.3,26.0,25.5
2026-06-29 04:48:00,26.1,96,101.00,0.00,272,2.40,25.4,24.1,25.6
2026-06-29 05:03:00,26.1,96,101.00,0.00,270,2.40,25.4,24.1,25.6
2026-06-29 05:18:00,26.4,96,101.00,0.00,276,2.20,25.7,24.4,25.9
2026-06-29 05:33:00,26.6,96,101.00,0.00,270,2.10,25.9,24.6,26.1
2026-06-29 05:48:00,26.9,96,101.00,0.00,273,2.10,26.2,24.9,26.4
2026-06-29 06:03:00,27.0,95,101.00,0.00,279,2.10,26.1,29.3,26.4
2026-06-29 06:18:00,27.1,95,101.00,0.00,284,2.10,26.2,29.6,26.5
2026-06-29 06:33:00,27.1,95,101.00,0.00,279,2.10,26.2,29.6,26.5
2026-06-29 06:48:00,27.4,96,101.00,0.00,278,2.10,26.5,30.7,26.8
2026-06-29 07:03:00,27.7,96,101.00,0.00,281,2.10,26.8,31.7,27.1
2026-06-29 07:18:00,28.0,95,101.00,0.00,270,2.10,26.9,32.6,27.2
2026-06-29 07:33:00,28.8,95,101.00,0.00,282,2.00,27.7,35.5,28.0
2026-06-29 07:48:00,28.2,91,101.10,0.00,276,2.00,26.4,32.5,26.8
2026-06-29 08:03:00,28.0,93,101.10,0.00,279,2.00,26.5,32.2,26.9
2026-06-29 08:18:00,28.4,95,101.10,0.00,279,2.00,27.3,34.0,27.6
2026-06-29 08:33:00,28.3,93,101.10,0.00,279,2.00,26.8,33.2,27.2
2026-06-29 08:48:00,28.3,93,101.10,0.00,279,2.00,26.9,33.2,27.2
2026-06-29 09:03:00,28.3,93,101.10,0.00,178,2.00,26.8,33.2,27.2
2026-06-29 09:18:00,28.2,95,101.00,0.00,166,2.00,27.1,33.3,27.4
2026-06-29 09:33:00,28.3,95,101.10,0.00,159,1.90,27.2,33.7,27.5
2026-06-29 09:48:00,28.3,95,101.10,0.00,171,1.90,27.2,33.7,27.5
2026-06-29 10:03:00,28.8,95,101.10,0.00,162,1.90,27.7,35.5,28.0
2026-06-29 10:18:00,28.3,92,101.10,0.00,184,1.90,26.7,33.0,27.1
2026-06-29 10:33:00,28.5,95,101.10,0.00,169,1.90,27.4,34.4,27.7
2026-06-29 10:48:00,29.1,94,101.10,0.00,160,1.90,27.8,36.4,28.1
2026-06-29 11:03:00,28.8,91,101.10,0.00,183,1.90,26.9,34.6,27.4
2026-06-29 11:18:00,28.5,94,101.10,0.00,174,1.90,27.3,34.2,27.6
2026-06-29 11:33:00,28.4,94,101.10,0.00,181,1.90,27.1,33.8,27.5
2026-06-29 11:48:00,28.8,96,101.10,0.00,159,1.90,27.9,35.8,28.2
2026-06-29 12:03:00,28.6,94,101.00,0.00,162,1.90,27.3,34.5,27.6
2026-06-29 12:18:00,29.0,94,101.00,0.00,172,1.90,27.7,36.0,28.0
2026-06-29 12:33:00,28.8,92,101.00,0.00,160,1.90,27.2,34.8,27.6
2026-06-29 12:48:00,28.8,94,101.00,0.00,148,1.90,27.5,35.3,27.9
2026-06-29 13:03:00,28.5,94,101.00,0.00,172,1.90,27.2,34.2,27.6
2026-06-29 13:18:00,28.4,94,101.00,0.00,163,1.90,27.2,33.8,27.5
2026-06-29 13:33:00,28.3,94,101.00,0.00,166,1.90,27.1,33.5,27.4
2026-06-29 13:48:00,28.4,95,101.00,0.00,168,1.90,27.3,34.0,27.6
2026-06-29 14:03:00,28.8,94,101.00,0.00,157,1.90,27.6,35.3,27.9
2026-06-29 14:18:00,28.7,92,101.00,0.00,153,1.90,27.1,34.4,27.5
2026-06-29 14:33:00,28.4,94,101.00,0.00,153,1.90,27.1,33.8,27.4
2026-06-29 14:48:00,28.5,95,101.00,0.00,156,1.90,27.4,34.4,27.7
2026-06-29 15:03:00,28.7,94,100.90,0.00,154,1.90,27.4,34.9,27.7
2026-06-29 15:18:00,28.7,94,101.00,0.00,156,1.90,27.4,34.9,27.7
2026-06-29 15:33:00,28.5,94,101.00,0.00,153,1.90,27.3,34.2,27.6
2026-06-29 15:48:00,28.2,94,101.00,0.00,165,1.90,26.9,33.1,27.3
2026-06-29 16:03:00,28.3,96,101.00,0.00,162,1.90,27.4,33.9,27.7
2026-06-29 16:18:00,28.2,96,101.00,0.00,160,1.90,27.3,33.5,27.6
2026-06-29 16:33:00,28.2,96,101.00,0.00,160,1.90,27.3,33.5,27.5
2026-06-29 16:48:00,28.1,97,101.00,0.00,168,1.90,27.4,33.3,27.6
2026-06-29 17:03:00,28.1,97,101.00,0.00,183,1.90,27.3,33.3,27.6
2026-06-29 17:18:00,28.0,98,101.00,0.00,166,2.20,27.5,33.1,27.6
2026-06-29 17:33:00,27.8,98,101.00,0.00,168,2.20,27.3,32.4,27.5
2026-06-29 17:48:00,27.8,98,101.00,0.00,178,2.20,27.3,32.4,27.4
2026-06-29 18:03:00,27.8,98,101.00,0.00,175,2.30,27.2,32.4,27.4
2026-06-29 18:18:00,27.6,98,101.00,0.00,180,2.30,27.1,31.7,27.2
2026-06-29 18:33:00,27.6,98,101.00,0.00,178,2.30,27.1,31.7,27.3
2026-06-29 18:48:00,27.5,98,101.00,0.00,178,2.30,27.0,31.3,27.2
2026-06-29 19:03:00,27.5,98,101.00,0.00,186,2.10,27.0,31.3,27.1
2026-06-29 19:18:00,27.5,98,101.10,0.00,199,2.10,27.0,31.3,27.1
2026-06-29 19:33:00,27.5,98,101.10,0.00,189,2.20,27.0,31.3,27.2
2026-06-29 19:48:00,27.4,98,101.10,0.00,196,2.20,26.9,30.9,27.1
2026-06-29 20:03:00,27.3,98,101.10,0.00,222,2.50,26.8,30.6,26.9
2026-06-29 20:18:00,27.3,98,101.10,0.00,209,2.30,26.9,30.7,27.0
2026-06-29 20:33:00,27.2,98,101.20,0.00,212,2.40,26.9,30.4,27.0
2026-06-29 20:48:00,27.3,98,101.10,0.00,215,2.40,26.9,30.7,27.1
2026-06-29 21:03:00,27.4,98,101.20,0.00,207,2.20,27.0,31.1,27.1
2026-06-29 21:18:00,27.4,98,101.20,0.00,198,2.20,27.0,31.1,27.2
2026-06-29 21:33:00,27.4,98,101.20,0.00,198,2.20,27.1,31.1,27.2
2026-06-29 21:48:00,27.3,98,101.10,0.00,210,2.40,26.9,30.7,27.1
2026-06-29 22:03:00,27.1,98,101.20,0.00,225,2.20,26.8,30.0,26.9
2026-06-29 22:18:00,27.1,100,101.10,0.00,249,2.40,27.1,30.2,27.1
2026-06-29 22:33:00,27.1,100,101.10,0.00,227,2.50,27.1,30.2,27.1
2026-06-29 22:48:00,26.9,100,101.10,0.00,252,2.20,26.9,24.9,26.9
2026-06-29 23:03:00,27.2,100,101.10,0.00,213,2.40,27.2,30.6,27.2
2026-06-29 23:18:00,27.3,100,101.10,0.00,201,2.30,27.3,30.9,27.4
2026-06-29 23:33:00,27.4,100,101.10,0.00,189,2.30,27.4,31.3,27.5
2026-06-29 23:48:00,27.5,100,101.10,0.00,186,2.40,27.5,31.7,27.5
2026-06-30 00:03:00,27.3,100,101.10,0.00,184,2.30,27.3,30.9,27.4
2026-06-30 00:18:00,27.2,100,101.10,0.00,192,2.50,27.2,30.6,27.3
2026-06-30 00:33:00,27.3,100,101.10,0.00,184,2.00,27.3,30.9,27.4
2026-06-30 00:48:00,27.4,100,101.00,0.00,183,2.00,27.3,31.3,27.4
2026-06-30 01:03:00,27.4,100,101.00,0.00,180,1.90,27.4,31.3,27.5
2026-06-30 01:18:00,27.3,100,101.00,0.00,186,1.90,27.3,30.9,27.3
2026-06-30 01:33:00,27.3,100,101.00,0.00,184,1.90,27.3,30.9,27.3
2026-06-30 01:48:00,27.3,100,101.00,0.00,184,1.90,27.3,30.9,27.4
2026-06-30 02:03:00,27.3,100,101.00,0.00,181,1.90,27.3,30.9,27.4
2026-06-30 02:18:00,27.3,100,101.00,0.00,184,1.90,27.3,30.9,27.3
2026-06-30 02:33:00,27.3,100,101.00,0.00,189,1.90,27.3,30.9,27.3
2026-06-30 02:48:00,27.4,100,101.00,0.00,186,1.90,27.4,31.3,27.4
2026-06-30 03:03:00,27.4,100,101.00,0.00,186,1.90,27.4,31.3,27.4
2026-06-30 03:18:00,27.3,100,101.00,0.00,189,1.70,27.2,30.9,27.3
2026-06-30 03:33:00,27.3,100,101.00,0.00,183,1.70,27.3,30.9,27.4
2026-06-30 03:48:00,27.3,100,101.00,0.00,181,1.80,27.3,30.9,27.4
2026-06-30 04:03:00,27.3,100,101.00,0.00,181,1.90,27.3,30.9,27.4
2026-06-30 04:18:00,27.3,100,101.00,0.00,181,1.90,27.3,30.9,27.4
2026-06-30 04:33:00,27.3,100,101.00,0.00,178,1.90,27.3,30.9,27.4
2026-06-30 04:48:00,27.4,100,101.00,0.00,178,1.90,27.4,31.3,27.4
2026-06-30 05:03:00,27.4,100,101.00,0.00,181,1.90,27.4,31.3,27.4
2026-06-30 05:18:00,27.4,100,101.00,0.00,178,1.90,27.4,31.3,27.5
2026-06-30 05:33:00,27.3,100,101.00,0.00,181,1.90,27.3,30.9,27.4
2026-06-30 05:48:00,27.1,100,101.00,0.00,186,1.90,27.1,30.2,27.1
2026-06-30 06:03:00,27.1,100,101.00,0.00,181,1.90,27.1,30.2,27.2
2026-06-30 06:18:00,27.2,100,101.00,0.00,175,1.90,27.2,30.6,27.2
2026-06-30 06:33:00,27.2,100,101.00,0.00,174,1.90,27.2,30.6,27.2
2026-06-30 06:48:00,27.3,100,101.00,0.00,201,1.90,27.3,30.9,27.4
2026-06-30 07:48:00,27.3,98,101.00,0.00,193,1.70,27.0,30.7,27.1
2026-06-30 08:03:00,27.1,97,101.10,0.00,225,3.10,26.6,29.9,26.8
2026-06-30 08:18:00,27.2,98,101.10,0.00,219,3.20,26.8,30.4,26.9
2026-06-30 08:33:00,26.8,98,101.10,0.00,181,3.20,26.4,24.8,26.6
2026-06-30 08:48:00,26.6,98,101.10,0.00,189,1.20,26.3,24.6,26.4
2026-06-30 08:33:00,26.5,98,101.10,0.00,225,1.60,26.1,24.5,26.3
2026-06-30 08:48:00,27.0,98,101.10,0.00,187,1.70,26.6,29.7,26.8
2026-06-30 09:03:00,26.9,98,101.10,0.00,181,1.70,26.6,24.9,26.7
2026-06-30 09:18:00,26.9,98,101.10,0.00,184,1.90,26.5,24.9,26.6
2026-06-30 09:33:00,27.1,98,101.10,0.00,183,1.90,26.7,30.0,26.9
2026-06-30 09:48:00,27.3,98,101.10,0.00,180,1.80,26.9,30.7,27.1
2026-06-30 10:03:00,27.3,98,101.00,0.00,184,1.80,26.9,30.7,27.0
2026-06-30 10:18:00,26.6,98,101.00,0.00,225,1.90,26.3,24.6,26.4
2026-06-30 11:08:00,26.8,100,101.00,0.00,236,2.00,26.8,24.8,26.8
2026-06-30 11:23:00,26.7,100,101.00,0.00,281,1.90,26.7,24.7,26.7
2026-06-30 11:38:00,26.2,100,101.00,0.00,333,1.90,26.2,24.2,26.3
2026-06-30 11:53:00,26.2,100,101.00,0.00,357,1.90,26.2,24.2,26.3
2026-06-30 12:08:00,26.3,100,100.90,0.00,341,1.90,26.3,24.3,26.4
2026-06-30 12:23:00,26.2,100,100.90,0.00,350,1.90,26.2,24.2,26.3
2026-06-30 12:38:00,26.5,100,100.90,0.00,15,1.90,26.5,24.5,26.5
2026-06-30 12:53:00,26.8,100,100.90,0.00,335,1.80,26.8,24.8,26.9
2026-06-30 13:08:00,27.0,100,100.90,0.00,0,1.80,27.0,29.8,27.0
2026-06-30 13:23:00,26.9,100,100.90,0.00,329,1.80,26.9,24.9,26.9
2026-06-30 13:38:00,26.7,100,100.90,0.00,323,1.80,26.7,24.7,26.8
2026-06-30 13:53:00,27.0,100,100.90,0.00,299,1.80,27.0,29.8,27.0
2026-06-30 14:08:00,27.1,100,100.80,0.00,299,1.80,27.1,30.2,27.2
2026-06-30 14:23:00,27.3,100,100.80,0.00,281,1.80,27.3,30.9,27.4
2026-06-30 14:38:00,27.6,100,100.80,0.00,261,1.80,27.6,32.1,27.6
2026-06-30 14:53:00,27.6,100,100.80,0.00,263,1.60,27.6,32.1,27.6
2026-06-30 15:08:00,27.5,100,100.80,0.00,297,1.50,27.5,31.7,27.6
2026-06-30 15:23:00,27.6,100,100.80,0.00,312,1.50,27.6,32.1,27.6
2026-06-30 15:38:00,27.5,100,100.80,0.00,308,1.50,27.5,31.7,27.6
2026-06-30 15:53:00,27.5,100,100.80,0.00,308,1.60,27.5,31.7,27.6
2026-06-30 16:08:00,27.5,100,100.70,0.00,326,1.60,27.5,31.7,27.6
2026-06-30 16:23:00,27.6,100,100.70,0.00,333,1.60,27.6,32.1,27.7
2026-06-30 16:38:00,27.8,100,100.70,0.00,314,1.70,27.8,32.8,27.9
2026-06-30 16:53:00,27.8,100,100.70,0.00,308,1.60,27.8,32.8,27.8
2026-06-30 17:08:00,27.7,100,100.70,0.00,330,1.60,27.7,32.4,27.8
2026-06-30 17:23:00,27.7,100,100.70,0.00,336,1.70,27.7,32.4,27.7
2026-06-30 17:38:00,27.6,100,100.70,0.00,333,1.80,27.6,32.1,27.7
2026-06-30 17:53:00,27.6,100,100.70,0.00,345,1.90,27.6,32.1,27.7
2026-06-30 18:08:00,27.5,100,100.70,0.00,347,1.70,27.5,31.7,27.6
2026-06-30 18:23:00,27.5,100,100.70,0.00,315,1.50,27.5,31.7,27.6
2026-06-30 18:38:00,27.5,100,100.70,0.00,305,1.50,27.5,31.7,27.6
2026-06-30 18:53:00,27.5,100,100.70,0.00,335,1.40,27.5,31.7,27.6
2026-06-30 19:08:00,27.6,100,100.70,0.00,309,1.40,27.6,32.1,27.6
2026-06-30 19:23:00,27.5,100,100.70,0.00,258,1.30,27.5,31.7,27.6
2026-06-30 19:38:00,28.0,100,100.70,0.00,254,1.30,28.0,33.6,28.0
2026-06-30 19:53:00,27.8,100,100.80,0.00,240,1.80,27.8,32.8,27.9
2026-06-30 20:08:00,27.6,100,100.80,0.00,284,1.90,27.6,32.1,27.7
2026-06-30 20:23:00,27.5,100,100.80,0.00,240,1.10,27.5,31.7,27.6
2026-06-30 20:38:00,27.4,100,100.80,0.00,261,1.10,27.4,31.3,27.5
2026-06-30 20:53:00,27.4,100,100.80,0.00,254,1.00,27.4,31.3,27.4
2026-06-30 21:08:00,27.1,100,100.80,0.00,252,1.40,27.1,30.2,27.2
2026-06-30 21:23:00,26.8,100,100.80,0.00,276,1.10,26.8,24.8,26.9
2026-06-30 21:38:00,26.8,100,100.80,0.00,288,0.80,26.7,24.8,26.8
2026-06-30 21:53:00,26.7,100,100.80,0.00,275,1.10,26.7,24.7,26.7
2026-06-30 22:08:00,26.5,100,100.80,0.00,299,1.00,26.5,24.5,26.5
2026-06-30 22:23:00,26.5,100,100.80,0.00,269,0.60,26.5,24.5,26.5
2026-06-30 22:38:00,26.4,100,100.80,0.00,270,0.90,26.4,24.4,26.5
2026-06-30 22:53:00,26.4,100,100.80,0.00,272,1.00,26.4,24.4,26.5
2026-06-30 23:08:00,26.6,100,100.80,0.00,263,1.10,26.6,24.6,26.6
2026-06-30 23:23:00,26.9,100,100.80,0.00,240,1.10,26.9,24.9,26.9
2026-06-30 23:38:00,27.0,100,100.80,0.00,231,0.70,27.0,29.8,27.0
2026-06-30 23:53:00,26.9,100,100.80,0.00,228,1.30,26.9,24.9,27.0
2026-07-01 00:08:00,27.0,100,100.80,0.00,222,1.20,27.0,29.8,27.0
2026-07-01 00:23:00,26.9,100,100.80,0.00,225,1.20,26.9,24.9,27.0
2026-07-01 00:38:00,26.9,100,100.80,0.00,224,1.00,26.9,24.9,27.0
2026-07-01 00:53:00,26.9,100,100.80,0.00,218,1.30,26.9,24.9,26.9
2026-07-01 01:08:00,26.9,100,100.80,0.00,216,1.20,26.9,24.9,27.0
2026-07-01 01:23:00,27.0,100,100.80,0.00,221,0.80,27.0,29.8,27.0
2026-07-01 01:38:00,26.9,100,100.80,0.00,219,1.00,26.9,24.9,27.0
2026-07-01 01:53:00,26.8,100,100.80,0.00,215,1.20,26.8,24.8,26.9
2026-07-01 02:08:00,26.8,100,100.80,0.00,212,1.30,26.8,24.8,26.9
2026-07-01 02:23:00,26.7,100,100.80,0.00,209,1.30,26.7,24.7,26.7
2026-07-01 02:38:00,26.6,100,100.80,0.00,213,1.20,26.6,24.6,26.6
2026-07-01 02:53:00,26.5,100,100.80,0.00,216,1.10,26.5,24.5,26.6
2026-07-01 03:08:00,26.4,100,100.80,0.00,207,0.90,26.4,24.4,26.4
2026-07-01 03:23:00,26.2,100,100.80,0.00,190,0.80,26.2,24.2,26.2
2026-07-01 03:38:00,26.0,100,100.80,0.00,180,0.90,25.9,26.0,26.0
2026-07-01 03:53:00,25.9,100,100.80,0.00,178,1.00,25.9,25.9,25.9
2026-07-01 04:08:00,25.9,100,100.80,0.00,187,0.80,25.9,25.9,25.9
2026-07-01 04:23:00,25.8,100,100.70,0.00,181,0.90,25.8,25.8,25.8
2026-07-01 04:38:00,25.7,100,100.70,0.00,171,0.70,25.7,25.7,25.7
2026-07-01 04:53:00,25.7,100,100.70,0.00,175,0.70,25.7,25.7,25.7
2026-07-01 05:08:00,25.6,100,100.80,0.00,174,0.80,25.6,25.6,25.7
2026-07-01 05:23:00,25.6,100,100.80,0.00,175,0.80,25.6,25.6,25.7
2026-07-01 05:38:00,25.7,100,100.80,0.00,171,0.60,25.7,25.7,25.7
2026-07-01 05:53:00,25.7,100,100.80,0.00,171,0.80,25.7,25.7,25.7
2026-07-01 06:08:00,25.8,100,100.80,0.00,178,0.70,25.8,25.8,25.8
2026-07-01 06:23:00,25.8,100,100.80,0.00,181,0.80,25.8,25.8,25.9
2026-07-01 06:38:00,25.9,100,100.80,0.00,180,0.70,25.9,25.9,25.9
2026-07-01 06:53:00,25.9,100,100.80,0.00,171,0.70,25.9,25.9,26.0
2026-07-01 07:08:00,25.8,100,100.80,0.00,175,0.90,25.8,25.8,25.9
2026-07-01 07:23:00,26.0,100,100.80,0.00,172,0.90,26.0,26.0,26.1
2026-07-01 07:38:00,25.5,100,100.80,0.00,215,0.80,25.5,25.5,25.5
2026-07-01 07:53:00,25.1,100,100.80,0.00,233,0.90,25.1,25.1,25.2
2026-07-01 08:08:00,25.0,100,100.80,0.00,252,0.70,25.0,25.0,25.1
2026-07-01 08:23:00,25.3,100,100.80,0.00,270,1.20,25.3,25.3,25.3
2026-07-01 08:38:00,24.9,100,100.90,0.00,228,1.20,24.9,24.9,24.9
2026-07-01 08:53:00,25.0,100,100.90,0.00,218,1.30,25.0,25.0,25.0
2026-07-01 09:08:00,24.9,100,100.90,0.00,234,1.50,24.9,24.9,24.9
2026-07-01 09:23:00,25.6,100,100.90,0.00,260,1.40,25.6,25.6,25.6
2026-07-01 09:38:00,26.2,100,100.90,0.00,224,1.60,26.2,24.2,26.2
2026-07-01 09:53:00,26.1,100,100.80,0.00,213,1.30,26.1,24.1,26.1
2026-07-01 10:08:00,25.6,100,100.80,0.00,246,2.80,25.6,25.6,25.7
2026-07-01 10:23:00,26.1,100,100.80,0.00,190,2.70,26.1,24.1,26.2
2026-07-01 10:38:00,25.2,100,100.90,0.00,302,3.00,25.2,25.2,25.2
2026-07-01 10:53:00,25.6,100,100.90,0.00,227,2.90,25.6,25.6,25.6
2026-07-01 11:08:00,25.9,100,100.90,0.00,254,3.20,25.9,25.9,25.9
2026-07-01 11:23:00,26.0,100,100.90,0.00,224,3.50,26.0,26.0,26.1
2026-07-01 11:38:00,25.8,100,100.90,0.00,236,3.30,25.8,25.8,25.8
2026-07-01 11:53:00,26.0,100,100.90,0.00,216,3.10,26.0,26.0,26.1
2026-07-01 12:08:00,26.2,100,100.90,0.00,230,3.10,26.2,24.2,26.3
2026-07-01 12:23:00,26.4,100,100.90,0.00,213,3.20,26.3,24.4,26.4
2026-07-01 12:38:00,26.2,100,100.90,0.00,228,3.10,26.2,24.2,26.3
2026-07-01 12:53:00,26.6,100,100.90,0.00,207,3.20,26.6,24.6,26.6
2026-07-01 13:08:00,26.7,100,100.90,0.00,201,3.20,26.7,24.7,26.8
2026-07-01 13:23:00,26.8,98,100.90,0.00,192,3.20,26.5,24.8,26.6
2026-07-01 13:38:00,27.0,98,100.90,0.00,181,3.20,26.7,29.7,26.8
2026-07-01 13:53:00,26.7,98,100.90,0.00,189,3.30,26.4,24.7,26.5
2026-07-01 14:08:00,26.8,98,100.90,0.00,186,3.50,26.5,24.8,26.6
2026-07-01 14:23:00,27.2,98,100.80,0.00,178,3.50,26.8,30.4,27.0
2026-07-01 14:38:00,27.1,98,100.80,0.00,171,3.40,26.8,30.0,26.9
2026-07-01 14:53:00,26.7,98,100.80,0.00,181,3.60,26.4,24.7,26.5
2026-07-01 15:08:00,26.7,98,100.80,0.00,165,3.60,26.4,24.7,26.5
2026-07-01 15:23:00,26.8,98,100.80,0.00,163,3.70,26.4,24.8,26.6
2026-07-01 15:38:00,26.9,98,100.80,0.00,156,3.70,26.6,24.9,26.7
2026-07-01 15:53:00,27.1,98,100.80,0.00,156,3.70,26.7,30.0,26.9
2026-07-01 16:08:00,26.7,98,100.80,0.00,157,3.60,26.4,24.7,26.5
2026-07-01 16:23:00,26.7,98,100.80,0.00,165,3.40,26.4,24.7,26.5
2026-07-01 16:38:00,27.0,98,100.80,0.00,168,3.70,26.7,29.7,26.8
2026-07-01 16:53:00,26.9,98,100.80,0.00,201,3.60,26.5,24.9,26.7
2026-07-01 17:08:00,27.1,98,100.80,0.00,178,3.50,26.8,30.0,26.9
2026-07-01 17:23:00,27.3,98,100.80,0.00,177,3.50,27.0,30.7,27.1
2026-07-01 17:38:00,27.1,98,100.90,0.00,184,3.00,26.7,30.0,26.9
2026-07-01 17:53:00,26.9,98,100.90,0.00,180,3.20,26.5,24.9,26.6
2026-07-01 18:08:00,26.8,98,100.90,0.00,184,2.60,26.4,24.8,26.6
2026-07-01 18:23:00,26.8,98,100.90,0.00,177,2.60,26.4,24.8,26.6
2026-07-01 18:38:00,26.8,98,100.90,0.00,172,2.50,26.4,24.8,26.6
2026-07-01 18:53:00,26.6,98,100.90,0.00,184,3.00,26.3,24.6,26.4
2026-07-01 19:08:00,26.4,98,100.90,0.00,202,3.40,26.1,24.4,26.2
2026-07-01 19:23:00,26.4,98,101.00,0.00,198,3.50,26.0,24.4,26.2
2026-07-01 19:38:00,26.3,98,101.00,0.00,195,3.20,26.0,24.3,26.1
2026-07-01 19:53:00,26.2,100,101.00,0.00,205,2.60,26.2,24.2,26.3
2026-07-01 20:08:00,26.2,100,101.00,0.00,204,2.80,26.2,24.2,26.3
2026-07-01 20:23:00,26.1,100,101.00,0.00,234,2.80,26.1,24.1,26.1
2026-07-01 20:38:00,26.0,100,101.00,0.00,230,2.60,26.0,26.0,26.1
2026-07-01 20:53:00,25.9,100,101.00,0.00,233,2.80,25.9,25.9,26.0
2026-07-01 21:08:00,25.9,100,101.00,0.00,248,2.80,25.9,25.9,25.9
2026-07-01 21:23:00,25.8,100,101.00,0.00,278,2.30,25.8,25.8,25.9
2026-07-01 21:38:00,25.8,100,101.10,0.00,266,2.50,25.8,25.8,25.8
2026-07-01 21:53:00,25.8,100,101.10,0.00,245,2.40,25.8,25.8,25.9
2026-07-01 22:08:00,25.8,100,101.10,0.00,233,2.40,25.8,25.8,25.8
2026-07-01 22:23:00,25.8,100,101.10,0.00,216,2.60,25.8,25.8,25.8
2026-07-01 22:38:00,25.7,100,101.10,0.00,221,2.70,25.7,25.7,25.8
2026-07-01 22:53:00,25.6,100,101.10,0.00,224,2.80,25.6,25.6,25.6
2026-07-01 23:08:00,25.7,100,101.10,0.00,224,2.50,25.7,25.7,25.8
2026-07-01 23:23:00,25.8,100,101.10,0.00,218,2.70,25.8,25.8,25.9
2026-07-01 23:38:00,26.0,100,101.10,0.00,209,2.30,25.9,26.0,26.0
2026-07-01 23:53:00,26.2,100,101.10,0.00,198,2.40,26.2,24.2,26.2
2026-07-02 00:08:00,26.3,100,101.10,0.00,195,2.50,26.3,24.3,26.3
2026-07-02 00:23:00,26.3,100,101.10,0.00,187,2.50,26.3,24.3,26.4
2026-07-02 00:38:00,26.3,100,101.10,0.00,186,2.60,26.3,24.3,26.4
2026-07-02 00:53:00,26.3,100,101.10,0.00,186,2.20,26.3,24.3,26.4
2026-07-02 01:08:00,26.3,100,101.10,0.00,186,2.90,26.3,24.3,26.4
2026-07-02 01:23:00,26.4,100,101.10,0.00,183,3.00,26.3,24.4,26.4
2026-07-02 01:38:00,26.4,100,101.00,0.00,180,2.80,26.3,24.4,26.4
2026-07-02 01:53:00,26.3,100,101.00,0.00,178,2.70,26.3,24.3,26.4
2026-07-02 02:08:00,26.3,100,101.00,0.00,156,2.80,26.3,24.3,26.4
2026-07-02 02:23:00,26.4,100,101.10,0.00,150,2.70,26.4,24.4,26.4
2026-07-02 02:38:00,26.4,100,101.10,0.00,150,2.60,26.4,24.4,26.4
2026-07-02 02:53:00,26.4,100,101.10,0.00,150,2.10,26.3,24.4,26.4
2026-07-02 03:08:00,26.3,100,101.10,0.00,150,2.20,26.3,24.3,26.4
2026-07-02 03:23:00,26.3,100,101.10,0.00,148,2.30,26.3,24.3,26.4
2026-07-02 03:38:00,26.4,100,101.10,0.00,151,2.90,26.4,24.4,26.4
2026-07-02 03:53:00,26.4,100,101.10,0.00,148,3.10,26.3,24.4,26.4
2026-07-02 04:08:00,26.4,100,101.10,0.00,148,2.80,26.4,24.4,26.5
2026-07-02 04:23:00,26.3,100,101.10,0.00,151,3.10,26.3,24.3,26.4
2026-07-02 04:38:00,26.3,100,101.10,0.00,151,3.00,26.3,24.3,26.4
2026-07-02 04:53:00,26.3,100,101.10,0.00,151,3.20,26.3,24.3,26.4
2026-07-02 05:08:00,26.4,100,101.10,0.00,151,3.00,26.3,24.4,26.4
2026-07-02 05:23:00,26.3,100,101.10,0.00,148,2.80,26.3,24.3,26.4
2026-07-02 05:38:00,26.4,100,101.10,0.00,150,2.90,26.4,24.4,26.4
2026-07-02 05:53:00,26.4,100,101.10,0.00,154,3.10,26.3,24.4,26.4
2026-07-02 06:08:00,26.6,100,101.10,0.00,150,2.80,26.6,24.6,26.6
2026-07-02 06:23:00,26.9,100,101.20,0.00,148,2.70,26.9,24.9,27.0
2026-07-02 06:38:00,27.1,98,101.20,0.00,144,3.00,26.7,30.0,26.9
2026-07-02 06:53:00,27.2,98,101.20,0.00,145,3.30,26.9,30.4,27.0
2026-07-02 07:08:00,27.3,98,101.20,0.00,144,3.10,27.0,30.7,27.1
2026-07-02 07:23:00,27.4,98,101.20,0.00,150,2.90,27.0,31.1,27.2
2026-07-02 07:38:00,27.6,98,101.20,0.00,147,2.90,27.3,31.8,27.4
2026-07-02 07:53:00,27.9,99,101.20,0.00,147,3.00,27.5,33.0,27.7
2026-07-02 08:08:00,27.4,98,101.20,0.00,181,2.90,27.1,31.1,27.2
2026-07-02 08:23:00,27.5,98,101.20,0.00,195,2.80,27.1,31.5,27.3
2026-07-02 08:38:00,27.9,99,101.20,0.00,169,2.70,27.5,33.0,27.6
2026-07-02 08:53:00,28.3,99,101.20,0.00,163,2.40,28.0,34.5,28.1
2026-07-02 09:08:00,28.6,98,101.10,0.00,145,2.40,28.1,35.5,28.2
2026-07-02 09:23:00,28.8,98,101.10,0.00,139,2.50,28.3,36.3,28.5
2026-07-02 09:38:00,29.2,97,101.20,0.00,148,3.00,28.5,37.7,28.7
2026-07-02 09:53:00,29.2,96,101.20,0.00,145,2.80,28.3,37.4,28.5
2026-07-02 10:08:00,29.1,96,101.20,0.00,156,3.00,28.2,37.0,28.4
2026-07-02 10:23:00,29.1,95,101.20,0.00,153,3.30,28.1,36.7,28.3
2026-07-02 10:38:00,29.6,96,101.20,0.00,142,3.40,28.7,39.0,28.9
2026-07-02 10:53:00,29.7,95,101.20,0.00,151,3.30,28.6,39.1,28.9
2026-07-02 11:08:00,29.9,94,101.20,0.00,148,3.30,28.6,39.6,29.0
2026-07-02 11:23:00,30.3,92,101.10,0.00,138,3.20,28.7,40.6,29.1
2026-07-02 11:38:00,30.4,92,101.10,0.00,138,3.20,28.7,41.0,29.1
2026-07-02 11:53:00,30.9,91,101.10,0.00,136,3.10,29.1,42.7,29.5
2026-07-02 12:08:00,31.2,85,101.10,0.00,126,2.90,28.2,41.6,28.9
2026-07-02 12:23:00,31.0,83,101.10,0.00,127,2.20,27.6,40.0,28.4
2026-07-02 12:38:00,30.4,84,101.10,0.00,133,2.10,27.2,38.2,28.0
2026-07-02 12:53:00,30.6,88,101.10,0.00,133,2.10,28.1,40.4,28.7
2026-07-02 13:08:00,30.6,89,101.10,0.00,127,2.80,28.4,40.7,28.9
2026-07-02 13:23:00,30.7,89,101.10,0.00,129,2.50,28.5,41.1,29.0
2026-07-02 13:38:00,30.7,89,101.10,0.00,130,2.20,28.4,41.1,29.0
2026-07-02 13:53:00,30.5,91,101.10,0.00,133,2.10,28.7,41.1,29.1
2026-07-02 14:08:00,30.0,92,101.10,0.00,141,2.10,28.4,39.4,28.8
2026-07-02 14:23:00,29.8,95,101.10,0.00,138,2.10,28.7,39.6,29.0
2026-07-02 14:38:00,29.3,95,101.10,0.00,159,2.20,28.2,37.5,28.5
2026-07-02 14:53:00,29.1,97,101.10,0.00,168,2.20,28.4,37.3,28.6
2026-07-02 15:08:00,28.8,98,101.10,0.00,215,2.30,28.2,36.3,28.4
2026-07-02 15:23:00,28.5,100,101.10,0.00,263,2.40,28.3,35.6,28.4
2026-07-02 15:38:00,28.2,100,101.10,0.00,237,2.40,28.2,34.4,28.3
2026-07-02 15:53:00,28.1,100,101.10,0.00,227,2.50,28.1,34.0,28.1
2026-07-02 16:08:00,28.1,99,101.10,0.00,205,2.40,27.7,33.7,27.9
2026-07-02 16:23:00,28.1,100,101.10,0.00,201,2.60,28.1,34.0,28.1
2026-07-02 16:38:00,27.9,100,101.10,0.00,198,2.50,27.9,33.2,28.0
2026-07-02 16:53:00,27.9,100,101.20,0.00,201,2.40,27.9,33.2,28.0
2026-07-02 17:08:00,27.8,100,101.20,0.00,202,2.30,27.8,32.8,27.9
2026-07-02 17:23:00,27.7,100,101.20,0.00,201,2.40,27.7,32.4,27.8
2026-07-02 17:38:00,27.6,100,101.20,0.00,213,2.10,27.6,32.1,27.6
2026-07-02 17:53:00,27.5,100,101.20,0.00,199,2.00,27.5,31.7,27.6
2026-07-02 18:08:00,27.4,100,101.20,0.00,212,2.00,27.4,31.3,27.5
2026-07-02 18:23:00,27.4,100,101.20,0.00,207,1.90,27.4,31.3,27.4
2026-07-02 18:38:00,27.4,100,101.20,0.00,210,2.10,27.3,31.3,27.4
2026-07-02 18:53:00,27.4,100,101.30,0.00,205,2.20,27.4,31.3,27.5
2026-07-02 19:08:00,27.7,100,101.30,0.00,189,2.10,27.7,32.4,27.7
2026-07-02 19:23:00,27.4,100,101.30,0.00,198,2.10,27.4,31.3,27.5
2026-07-02 19:38:00,27.2,100,101.30,0.00,196,2.20,27.2,30.6,27.2
2026-07-02 19:53:00,26.9,100,101.30,0.00,222,2.20,26.9,24.9,27.0
2026-07-02 20:08:00,26.9,100,101.30,0.00,222,2.30,26.9,24.9,27.0
2026-07-02 20:23:00,27.2,100,101.30,0.00,228,2.30,27.2,30.6,27.2
2026-07-02 20:38:00,27.3,100,101.30,0.00,225,2.30,27.3,30.9,27.3
2026-07-02 20:53:00,27.0,100,101.30,0.00,222,2.20,27.0,29.8,27.0
2026-07-02 21:08:00,26.9,100,101.30,0.00,246,2.50,26.9,24.9,27.0
2026-07-02 21:23:00,26.7,100,101.30,0.00,284,2.90,26.7,24.7,26.8
2026-07-02 21:38:00,26.6,100,101.30,0.00,260,2.80,26.6,24.6,26.7
2026-07-02 21:53:00,26.6,100,101.30,0.00,236,2.60,26.6,24.6,26.7
2026-07-02 22:08:00,26.5,100,101.30,0.00,237,3.00,26.5,24.5,26.6
2026-07-02 22:23:00,26.6,100,101.30,0.00,218,2.60,26.6,24.6,26.6
2026-07-02 22:38:00,26.6,100,101.30,0.00,199,2.10,26.6,24.6,26.6
2026-07-02 22:53:00,26.9,100,101.20,0.00,210,2.00,26.9,24.9,26.9
2026-07-02 23:08:00,27.1,100,101.30,0.00,168,2.20,27.1,30.2,27.2
2026-07-02 23:23:00,27.2,100,101.30,0.00,175,2.40,27.2,30.6,27.2
2026-07-02 23:38:00,27.3,100,101.30,0.00,163,2.60,27.3,30.9,27.3
2026-07-02 23:53:00,27.5,100,101.20,0.00,157,2.40,27.5,31.7,27.5
2026-07-03 00:08:00,27.4,100,101.30,0.00,172,2.20,27.4,31.3,27.5
2026-07-03 00:23:00,27.4,100,101.30,0.00,171,2.50,27.4,31.3,27.4
2026-07-03 00:38:00,27.4,100,101.30,0.00,169,1.80,27.4,31.3,27.5
2026-07-03 00:53:00,27.5,100,101.30,0.00,171,1.70,27.5,31.7,27.6
2026-07-03 01:08:00,27.5,100,101.20,0.00,169,1.60,27.5,31.7,27.6
2026-07-03 01:23:00,27.5,100,101.20,0.00,168,1.60,27.5,31.7,27.6
2026-07-03 01:38:00,27.5,100,101.20,0.00,163,1.80,27.5,31.7,27.6
2026-07-03 01:53:00,27.6,100,101.20,0.00,165,2.00,27.6,32.1,27.6
2026-07-03 02:08:00,27.6,100,101.20,0.00,162,1.70,27.6,32.1,27.6
2026-07-03 02:23:00,27.4,100,101.20,0.00,165,1.70,27.4,31.3,27.5
2026-07-03 02:38:00,27.3,100,101.20,0.00,165,1.80,27.3,30.9,27.4
2026-07-03 02:53:00,27.4,100,101.10,0.00,165,1.60,27.4,31.3,27.4
2026-07-03 03:08:00,27.5,100,101.20,0.00,162,1.60,27.5,31.7,27.5
2026-07-03 03:23:00,27.3,100,101.10,0.00,165,1.60,27.3,30.9,27.4
2026-07-03 03:38:00,27.3,100,101.10,0.00,168,1.50,27.3,30.9,27.3
2026-07-03 03:53:00,27.3,100,101.10,0.00,169,1.60,27.3,30.9,27.3
2026-07-03 04:08:00,27.3,100,101.10,0.00,165,1.50,27.3,30.9,27.3
2026-07-03 04:23:00,27.3,100,101.10,0.00,162,1.50,27.3,30.9,27.4
2026-07-03 04:38:00,27.4,100,101.10,0.00,162,1.70,27.4,31.3,27.5
2026-07-03 04:53:00,27.2,100,101.10,0.00,166,3.30,27.2,30.6,27.3
2026-07-03 05:08:00,27.2,100,101.10,0.00,169,3.70,27.2,30.6,27.2
2026-07-03 05:23:00,27.3,100,101.10,0.00,199,3.60,27.3,30.9,27.3
2026-07-03 05:38:00,27.4,100,101.10,0.00,165,3.70,27.3,31.3,27.4
2026-07-03 05:53:00,27.3,100,101.10,0.00,162,3.80,27.3,30.9,27.4
2026-07-03 06:08:00,27.3,100,101.10,0.00,162,3.70,27.2,30.9,27.3
2026-07-03 06:23:00,27.4,100,101.20,0.00,160,3.70,27.4,31.3,27.5
2026-07-03 06:38:00,27.1,100,101.10,0.00,168,3.60,27.1,30.2,27.1
2026-07-03 06:53:00,26.8,100,101.10,0.00,184,3.60,26.8,24.8,26.9
2026-07-03 07:08:00,26.9,100,101.10,0.00,180,3.60,26.9,24.9,26.9
2026-07-03 07:23:00,26.8,100,101.10,0.00,202,3.60,26.8,24.8,26.9
2026-07-03 07:38:00,27.3,100,101.10,0.00,209,3.70,27.3,30.9,27.4
2026-07-03 07:53:00,27.5,100,101.10,0.00,205,3.70,27.5,31.7,27.6
2026-07-03 08:08:00,27.6,100,101.10,0.00,219,3.70,27.6,32.1,27.7
2026-07-03 08:23:00,27.8,100,101.10,0.00,199,3.70,27.8,32.8,27.9
2026-07-03 08:38:00,27.9,100,101.00,0.00,201,3.60,27.9,33.2,28.0
2026-07-03 08:53:00,28.2,100,101.00,0.00,221,3.60,28.2,34.4,28.2
2026-07-03 09:08:00,28.4,100,101.00,0.00,202,3.70,28.4,35.2,28.4
2026-07-03 09:23:00,28.7,100,101.00,0.00,201,3.70,28.7,36.5,28.8
2026-07-03 09:38:00,29.4,100,101.00,0.00,181,3.70,29.2,39.4,29.3
2026-07-03 09:53:00,29.9,100,101.00,0.00,169,3.80,29.8,41.7,29.9
2026-07-03 10:08:00,30.1,98,101.00,0.00,148,3.70,29.6,41.9,29.8
2026-07-03 10:23:00,30.4,98,101.00,0.00,154,3.70,29.8,43.3,30.0
2026-07-03 10:38:00,30.9,97,101.00,0.00,156,3.60,30.2,45.0,30.4
2026-07-03 10:53:00,31.3,95,101.00,0.00,147,3.60,30.2,45.0,30.5
2026-07-03 11:08:00,31.3,94,101.00,0.00,150,3.70,30.0,45.0,30.4
2026-07-03 11:23:00,31.9,95,101.00,0.00,150,3.80,30.8,45.0,31.1
2026-07-03 11:38:00,32.1,93,101.00,0.00,145,3.70,30.6,45.0,31.0
2026-07-03 11:53:00,32.5,94,101.00,0.00,148,3.70,31.2,45.0,31.5
2026-07-03 12:08:00,32.7,92,100.90,0.00,142,3.40,30.8,45.0,31.2
2026-07-03 12:23:00,33.1,92,100.90,0.00,135,3.60,31.3,45.0,31.7
2026-07-03 12:38:00,33.2,91,100.90,0.00,133,3.60,31.2,45.0,31.6
2026-07-03 12:53:00,32.5,90,100.90,0.00,133,3.50,30.3,45.0,30.8
2026-07-03 13:08:00,31.1,94,100.90,0.00,138,3.50,29.9,44.9,30.2
2026-07-03 13:23:00,30.8,96,100.90,0.00,136,3.70,29.9,44.4,30.2
2026-07-03 13:38:00,32.2,96,100.90,0.00,132,3.60,31.3,45.0,31.5
2026-07-03 13:53:00,30.9,93,100.90,0.00,133,3.60,29.5,43.6,29.8
2026-07-03 14:08:00,31.9,97,100.90,0.00,133,3.60,31.2,45.0,31.4
2026-07-03 14:23:00,31.0,94,100.90,0.00,132,3.40,29.7,44.4,30.0
2026-07-03 14:38:00,32.1,96,100.90,0.00,129,3.50,31.2,45.0,31.4
2026-07-03 14:53:00,31.9,90,100.90,0.00,129,3.40,29.9,45.0,30.3
2026-07-03 15:08:00,31.0,94,100.90,0.00,136,3.40,29.7,44.4,30.0
2026-07-03 15:23:00,31.1,96,100.90,0.00,151,3.20,30.2,45.0,30.4
2026-07-03 15:38:00,31.6,96,100.80,0.00,144,3.10,30.7,45.0,30.9
2026-07-03 15:53:00,30.4,96,100.80,0.00,154,3.30,29.5,42.5,29.7
2026-07-03 16:08:00,30.2,98,100.90,0.00,144,3.60,29.6,42.4,29.8
2026-07-03 16:23:00,30.8,98,100.90,0.00,153,3.70,30.3,45.0,30.4
2026-07-03 16:38:00,30.1,96,100.90,0.00,163,3.70,29.2,41.2,29.5
2026-07-03 16:53:00,30.0,98,100.90,0.00,165,3.70,29.5,41.5,29.6
2026-07-03 17:08:00,29.9,100,100.90,0.00,168,3.50,29.7,41.7,29.8
2026-07-03 17:23:00,29.6,100,100.90,0.00,172,2.70,29.4,40.3,29.5
2026-07-03 17:38:00,29.5,100,101.00,0.00,184,3.50,29.3,39.9,29.4
2026-07-03 17:53:00,29.3,100,101.10,0.00,190,2.50,29.1,39.0,29.3
2026-07-03 18:08:00,28.6,98,101.00,0.00,166,3.50,28.1,35.5,28.3
2026-07-03 18:23:00,28.4,98,101.00,0.00,159,2.90,27.9,34.7,28.1
2026-07-03 18:38:00,28.2,98,101.00,0.00,153,3.50,27.7,33.9,27.9
2026-07-03 18:53:00,27.9,99,101.00,0.00,151,3.20,27.5,33.0,27.7
2026-07-03 19:08:00,27.5,98,101.00,0.00,163,3.20,27.1,31.5,27.3
2026-07-03 19:23:00,27.7,98,101.00,0.00,136,3.40,27.3,32.2,27.5
2026-07-03 19:38:00,27.6,98,101.10,0.00,133,3.40,27.2,31.8,27.3
2026-07-03 19:53:00,28.0,98,101.10,0.00,135,3.30,27.5,33.1,27.6
2026-07-03 20:08:00,28.2,100,101.00,0.00,139,3.00,28.2,34.4,28.3
2026-07-03 20:23:00,28.3,99,101.00,0.00,136,2.80,27.9,34.5,28.0
2026-07-03 20:38:00,28.1,99,101.00,0.00,136,3.20,27.8,33.7,27.9
2026-07-03 20:53:00,28.1,99,101.00,0.00,126,3.10,27.8,33.7,27.9
2026-07-03 21:08:00,28.1,100,101.00,0.00,124,2.90,28.1,34.0,28.1
2026-07-03 21:23:00,27.8,99,101.10,0.00,124,2.90,27.5,32.6,27.6
2026-07-03 21:38:00,27.6,98,101.10,0.00,126,3.40,27.2,31.8,27.3
2026-07-03 21:53:00,27.7,98,101.10,0.00,126,3.10,27.3,32.2,27.5
2026-07-03 22:08:00,27.9,99,101.10,0.00,124,3.00,27.5,33.0,27.7
2026-07-03 22:23:00,27.7,98,101.10,0.00,127,2.90,27.4,32.2,27.5
2026-07-03 22:38:00,27.7,98,101.10,0.00,126,2.90,27.3,32.2,27.5
2026-07-03 22:53:00,27.6,98,101.10,0.00,123,2.70,27.2,31.8,27.3
2026-07-03 23:08:00,27.9,99,101.10,0.00,141,3.30,27.5,33.0,27.7
2026-07-03 23:23:00,27.8,99,101.10,0.00,142,2.90,27.4,32.6,27.6
2026-07-03 23:38:00,27.9,99,101.10,0.00,138,2.60,27.6,33.0,27.7
2026-07-03 23:53:00,28.1,99,101.10,0.00,138,2.60,27.7,33.7,27.9
2026-07-04 00:08:00,28.2,99,101.10,0.00,139,2.80,27.8,34.1,28.0
2026-07-04 00:23:00,28.1,100,101.00,0.00,139,2.40,28.1,34.0,28.2
2026-07-04 00:38:00,28.1,100,101.00,0.00,135,2.40,28.1,34.0,28.2
2026-07-04 00:53:00,28.1,99,101.00,0.00,129,3.30,27.7,33.7,27.8
2026-07-04 01:08:00,28.0,100,101.00,0.00,132,3.50,28.0,33.6,28.1
2026-07-04 01:23:00,28.0,100,101.00,0.00,126,3.50,28.0,33.6,28.1
2026-07-04 01:38:00,28.1,100,101.00,0.00,129,2.80,28.1,34.0,28.1
2026-07-04 01:53:00,28.1,100,101.00,0.00,130,3.10,28.1,34.0,28.1
2026-07-04 02:08:00,28.1,100,101.00,0.00,127,2.60,28.1,34.0,28.2
2026-07-04 02:23:00,28.1,100,101.00,0.00,129,2.80,28.1,34.0,28.2
2026-07-04 02:38:00,28.1,100,101.00,0.00,130,2.90,28.1,34.0,28.2
2026-07-04 02:53:00,28.1,100,101.00,0.00,127,3.50,28.1,34.0,28.2
2026-07-04 03:08:00,28.1,100,101.00,0.00,127,2.60,28.1,34.0,28.2
2026-07-04 03:23:00,28.2,100,101.00,0.00,129,3.20,28.2,34.4,28.2
2026-07-04 03:38:00,28.2,100,101.00,0.00,126,2.70,28.2,34.4,28.2
2026-07-04 03:53:00,28.1,100,100.90,0.00,130,2.60,28.0,33.9,28.1
2026-07-04 04:08:00,28.1,100,100.90,0.00,129,2.70,28.1,34.0,28.2
2026-07-04 04:23:00,28.1,100,100.90,0.00,126,2.30,28.1,34.0,28.2
2026-07-04 04:38:00,28.2,100,100.90,0.00,126,3.00,28.2,34.4,28.2
2026-07-04 04:53:00,28.1,98,100.90,0.00,127,2.20,27.6,33.5,27.8
2026-07-04 05:08:00,28.1,98,100.90,0.00,129,3.40,27.6,33.5,27.8
2026-07-04 05:23:00,28.2,100,100.90,0.00,129,3.40,28.0,34.3,28.1
2026-07-04 05:38:00,28.2,98,100.90,0.00,127,2.90,27.7,33.9,27.9
2026-07-04 05:53:00,28.4,98,100.90,0.00,127,3.50,27.9,34.7,28.0
2026-07-04 06:08:00,28.6,98,101.00,0.00,126,3.30,28.1,35.5,28.3
2026-07-04 06:23:00,28.9,98,101.00,0.00,129,2.60,28.3,36.7,28.5
2026-07-04 06:38:00,29.2,98,100.90,0.00,126,2.50,28.7,38.0,28.8
2026-07-04 06:53:00,29.5,97,101.00,0.00,124,3.50,28.8,38.9,29.0
2026-07-04 07:08:00,29.4,97,101.00,0.00,123,3.10,28.7,38.5,28.9
2026-07-04 07:23:00,29.3,97,101.00,0.00,127,3.10,28.6,38.1,28.8
2026-07-04 07:38:00,29.6,97,101.00,0.00,124,3.10,28.9,39.4,29.1
2026-07-04 07:53:00,29.9,97,101.00,0.00,127,3.40,29.2,40.7,29.4
2026-07-04 08:08:00,30.5,95,100.90,0.00,124,3.20,29.4,42.6,29.7
2026-07-04 08:23:00,30.5,94,100.90,0.00,124,3.10,29.3,42.2,29.6
2026-07-04 08:38:00,30.9,95,100.90,0.00,123,3.40,29.8,44.4,30.1
2026-07-04 08:53:00,31.5,93,100.90,0.00,126,3.30,30.0,45.0,30.4
2026-07-04 09:08:00,31.6,91,100.90,0.00,126,3.10,29.7,45.0,30.2
2026-07-04 09:23:00,31.9,91,100.90,0.00,127,3.40,30.1,45.0,30.5
2026-07-04 09:38:00,32.0,90,100.90,0.00,127,3.10,30.0,45.0,30.4
2026-07-04 09:53:00,32.0,89,100.90,0.00,130,3.00,29.8,45.0,30.3
2026-07-04 10:08:00,32.6,90,100.90,0.00,130,3.30,30.5,45.0,31.0
2026-07-04 10:23:00,32.9,90,100.90,0.00,127,3.40,30.6,45.0,31.1
2026-07-04 10:38:00,32.6,88,100.90,0.00,126,3.30,29.9,45.0,30.6
2026-07-04 10:53:00,32.9,88,100.90,0.00,129,3.30,30.2,45.0,30.9
2026-07-04 11:08:00,32.8,89,100.90,0.00,130,3.10,30.3,45.0,30.9
2026-07-04 11:23:00,33.1,88,100.90,0.00,127,3.50,30.5,45.0,31.1
2026-07-04 11:38:00,33.0,88,100.90,0.00,126,3.60,30.3,45.0,31.0
2026-07-04 11:53:00,33.5,88,100.90,0.00,126,2.40,30.8,45.0,31.5
2026-07-04 12:08:00,32.8,85,100.90,0.00,130,2.30,29.5,45.0,30.3
2026-07-04 12:23:00,32.8,92,100.80,0.00,129,2.50,30.9,45.0,31.4
2026-07-04 12:38:00,32.0,91,100.80,0.00,129,3.00,30.1,45.0,30.6
2026-07-04 12:53:00,31.2,93,100.80,0.00,127,2.80,29.8,44.9,30.1
2026-07-04 13:08:00,30.0,95,100.90,0.00,129,3.20,28.9,40.4,29.2
2026-07-04 13:23:00,29.7,94,100.90,0.00,124,2.90,28.5,38.8,28.8
2026-07-04 13:38:00,29.9,95,100.90,0.00,129,3.10,28.8,40.0,29.1
2026-07-04 13:53:00,30.3,95,100.90,0.00,130,3.10,29.2,41.7,29.5
2026-07-04 14:08:00,30.4,95,100.90,0.00,129,2.80,29.3,42.1,29.6
2026-07-04 14:23:00,30.5,96,100.90,0.00,129,3.10,29.6,43.0,29.8
2026-07-04 14:38:00,30.8,95,100.90,0.00,127,3.30,29.7,43.9,30.0
2026-07-04 14:53:00,30.6,94,100.90,0.00,124,3.10,29.4,42.6,29.7
2026-07-04 15:08:00,30.7,95,100.90,0.00,124,3.30,29.6,43.5,29.9
2026-07-04 15:23:00,30.3,95,100.90,0.00,123,3.20,29.2,41.7,29.5
2026-07-04 15:38:00,30.1,95,100.90,0.00,124,3.00,29.0,40.8,29.3
2026-07-04 15:53:00,30.1,94,100.90,0.00,121,3.00,28.8,40.5,29.1
2026-07-04 16:08:00,30.2,94,100.90,0.00,123,3.00,28.9,40.9,29.2
2026-07-04 16:23:00,30.1,94,100.90,0.00,123,2.50,28.8,40.5,29.1
2026-07-04 16:38:00,30.4,94,100.90,0.00,124,2.60,29.2,41.8,29.5
2026-07-04 16:53:00,30.4,92,100.90,0.00,123,2.60,28.7,41.0,29.1
2026-07-04 17:08:00,30.4,92,100.90,0.00,124,2.60,28.8,41.0,29.2
2026-07-04 17:23:00,30.5,91,100.90,0.00,126,3.20,28.6,41.1,29.1
2026-07-04 17:38:00,30.2,91,100.90,0.00,126,2.80,28.3,39.8,28.8
2026-07-04 17:53:00,29.7,95,101.00,0.00,132,2.60,28.6,39.1,28.9
2026-07-04 18:08:00,29.0,97,101.00,0.00,166,2.90,28.3,36.8,28.5
2026-07-04 18:23:00,28.6,98,101.00,0.00,225,3.10,28.1,35.5,28.3
2026-07-04 18:38:00,28.3,98,101.00,0.00,201,2.50,27.8,34.3,28.0
2026-07-04 18:53:00,28.1,99,101.00,0.00,163,2.60,27.8,33.7,27.9
2026-07-04 19:08:00,28.1,100,101.00,0.00,178,2.70,28.1,34.0,28.2
2026-07-04 19:23:00,27.9,99,101.00,0.00,236,2.90,27.6,33.0,27.7
2026-07-04 19:38:00,27.5,100,101.00,0.00,210,2.70,27.5,31.7,27.5
2026-07-04 19:53:00,27.6,100,101.00,0.00,190,2.60,27.6,32.1,27.6
2026-07-04 20:08:00,27.7,98,101.00,0.00,204,2.60,27.4,32.2,27.5
2026-07-04 20:23:00,27.8,100,101.00,0.00,198,2.30,27.8,32.8,27.8
2026-07-04 20:38:00,27.8,100,101.00,0.00,202,1.90,27.8,32.8,27.8
2026-07-04 20:53:00,28.1,100,101.00,0.00,186,1.70,28.1,34.0,28.2
2026-07-04 21:08:00,28.0,100,101.00,0.00,205,1.90,28.0,33.6,28.1
2026-07-04 21:23:00,27.9,100,101.00,0.00,198,1.90,27.9,33.2,28.0
2026-07-04 21:38:00,28.0,100,101.00,0.00,198,1.70,28.0,33.6,28.0
2026-07-04 21:53:00,28.0,100,101.00,0.00,218,1.50,28.0,33.6,28.0
2026-07-04 22:08:00,27.9,100,101.00,0.00,224,1.50,27.9,33.2,28.0
2026-07-04 22:23:00,27.9,100,101.00,0.00,228,1.40,27.9,33.2,28.0
2026-07-04 22:38:00,27.8,100,101.00,0.00,257,1.50,27.8,32.8,27.9
2026-07-04 22:53:00,27.6,100,100.90,0.00,219,1.70,27.6,32.1,27.7
2026-07-04 23:08:00,28.1,100,100.90,0.00,213,1.40,28.1,34.0,28.1
2026-07-04 23:23:00,28.2,100,100.90,0.00,199,1.30,28.2,34.4,28.3
2026-07-04 23:38:00,28.3,100,100.90,0.00,178,0.80,28.3,34.8,28.3
2026-07-04 23:53:00,28.3,100,100.90,0.00,171,0.80,28.3,34.8,28.4
2026-07-05 00:08:00,28.4,100,100.90,0.00,165,0.70,28.2,35.1,28.3
2026-07-05 00:23:00,28.3,100,100.90,0.00,159,0.80,28.2,34.7,28.3
2026-07-05 00:38:00,28.3,100,100.90,0.00,165,0.60,28.3,34.8,28.4
2026-07-05 00:53:00,28.2,100,100.90,0.00,165,0.70,28.2,34.4,28.2
2026-07-05 01:08:00,28.2,100,100.90,0.00,159,0.70,28.2,34.4,28.3
2026-07-05 01:23:00,28.2,100,100.90,0.00,159,0.70,28.2,34.4,28.3
2026-07-05 01:38:00,28.1,100,100.80,0.00,156,0.70,28.1,34.0,28.2
2026-07-05 01:53:00,28.2,100,100.90,0.00,156,0.60,28.2,34.4,28.2
2026-07-05 02:08:00,28.2,100,100.90,0.00,154,0.50,28.2,34.4,28.2
2026-07-05 02:23:00,28.2,100,100.90,0.00,157,0.40,28.2,34.4,28.2
2026-07-05 02:38:00,28.1,100,100.90,0.00,162,0.50,28.1,34.0,28.2
2026-07-05 02:53:00,27.8,100,101.00,0.00,166,2.50,27.8,32.8,27.9
2026-07-05 03:08:00,27.1,100,101.00,0.00,151,2.50,27.1,30.2,27.2
2026-07-05 03:23:00,26.7,100,101.00,0.00,148,2.70,26.7,24.7,26.7
2026-07-05 03:38:00,26.5,98,100.90,0.00,150,2.60,26.2,24.5,26.3
2026-07-05 03:53:00,26.9,98,100.90,0.00,141,2.40,26.5,24.9,26.6
2026-07-05 04:08:00,27.1,98,100.90,0.00,135,2.70,26.8,30.0,26.9
2026-07-05 04:23:00,27.3,98,100.90,0.00,132,3.20,26.9,30.7,27.1
2026-07-05 04:38:00,27.4,98,100.80,0.00,127,3.30,27.1,31.1,27.2
2026-07-05 04:53:00,27.4,98,100.80,0.00,127,3.10,26.8,30.9,27.0
2026-07-05 05:08:00,27.5,98,100.80,0.00,126,3.10,27.0,31.3,27.2
2026-07-05 05:23:00,27.5,98,100.80,0.00,127,3.10,27.0,31.3,27.2
2026-07-05 05:38:00,27.4,98,100.80,0.00,126,3.20,26.9,30.9,27.1
2026-07-05 05:53:00,27.3,98,100.80,0.00,126,3.40,26.8,30.6,27.0
2026-07-05 06:08:00,27.2,97,100.80,0.00,126,3.00,26.7,30.2,26.9
2026-07-05 06:23:00,27.4,98,100.80,0.00,124,3.00,26.9,30.9,27.0
2026-07-05 06:38:00,27.6,98,100.80,0.00,124,3.10,27.0,31.7,27.2
2026-07-05 06:53:00,27.6,98,100.80,0.00,124,3.10,27.0,31.7,27.2
2026-07-05 07:08:00,26.9,97,100.80,0.00,136,2.80,26.3,24.9,26.5
2026-07-05 07:23:00,27.4,98,100.80,0.00,132,2.80,27.0,31.1,27.2
2026-07-05 07:38:00,27.5,98,100.80,0.00,135,2.80,27.0,31.3,27.1
2026-07-05 07:53:00,27.3,98,100.80,0.00,199,2.90,26.8,30.6,27.0
2026-07-05 08:08:00,28.1,98,100.80,0.00,135,2.80,27.5,33.5,27.7
2026-07-05 08:23:00,28.5,98,100.80,0.00,133,3.10,28.0,35.1,28.1
2026-07-05 08:38:00,28.8,98,100.80,0.00,133,3.00,28.3,36.3,28.5
2026-07-05 08:53:00,28.9,97,100.80,0.00,133,2.80,28.2,36.4,28.4
2026-07-05 09:08:00,29.3,96,100.80,0.00,129,2.60,28.4,37.8,28.6
2026-07-05 09:23:00,29.3,96,100.80,0.00,130,2.90,28.4,37.8,28.7
2026-07-05 09:38:00,29.5,96,100.80,0.00,135,3.00,28.6,38.6,28.8
2026-07-05 09:53:00,29.3,95,100.80,0.00,133,3.00,28.2,37.5,28.5
2026-07-05 10:08:00,29.3,97,100.90,0.00,135,3.00,28.6,38.1,28.8
2026-07-05 10:23:00,29.4,97,100.90,0.00,133,3.00,28.7,38.5,28.9
2026-07-05 10:38:00,30.2,97,100.90,0.00,129,3.00,29.5,42.0,29.7
2026-07-05 10:53:00,30.4,97,100.90,0.00,127,3.00,29.7,42.9,29.9
2026-07-05 11:08:00,29.8,97,100.80,0.00,133,3.00,29.0,40.2,29.2
2026-07-05 11:23:00,29.6,97,100.80,0.00,135,3.10,28.9,39.4,29.1
2026-07-05 11:38:00,29.8,97,100.80,0.00,135,3.00,29.1,40.2,29.3
2026-07-05 11:53:00,30.1,97,100.80,0.00,133,3.30,29.4,41.6,29.6
2026-07-05 12:08:00,30.2,97,100.80,0.00,129,2.60,29.5,42.0,29.7
2026-07-05 12:23:00,31.0,95,100.80,0.00,126,2.60,29.9,44.9,30.2
2026-07-05 12:38:00,31.1,91,100.80,0.00,124,2.70,29.3,43.6,29.7
2026-07-05 12:53:00,30.7,91,100.80,0.00,124,2.80,28.8,41.9,29.3
2026-07-05 13:08:00,29.9,92,100.80,0.00,123,3.00,28.2,39.0,28.6
2026-07-05 13:23:00,29.9,95,100.70,0.00,127,3.10,28.8,40.0,29.1
2026-07-05 13:38:00,29.9,95,100.70,0.00,124,3.00,28.8,40.0,29.1
2026-07-05 13:53:00,30.3,95,100.70,0.00,130,2.90,29.2,41.7,29.5
2026-07-05 14:08:00,30.4,94,100.70,0.00,130,2.60,29.1,41.8,29.4
2026-07-05 14:23:00,30.6,96,100.70,0.00,124,2.80,29.7,43.4,29.9
2026-07-05 14:38:00,30.6,94,100.70,0.00,127,3.10,29.3,42.6,29.7
2026-07-05 14:53:00,30.3,95,100.70,0.00,127,2.90,29.2,41.7,29.5
2026-07-05 15:08:00,30.1,95,100.70,0.00,139,3.40,29.0,40.8,29.3
2026-07-05 15:23:00,30.1,96,100.70,0.00,136,3.50,29.2,41.2,29.4
2026-07-05 15:38:00,30.1,95,100.70,0.00,130,3.30,29.0,40.8,29.3
2026-07-05 15:53:00,29.8,96,100.70,0.00,133,3.30,28.9,39.9,29.1
2026-07-05 16:08:00,29.8,95,100.70,0.00,135,3.40,28.7,39.6,29.0
2026-07-05 16:23:00,29.6,95,100.70,0.00,135,3.40,28.5,38.7,28.8
2026-07-05 16:38:00,29.4,96,100.70,0.00,139,3.60,28.5,38.2,28.7
2026-07-05 16:53:00,29.3,97,100.70,0.00,136,3.50,28.6,38.1,28.8
2026-07-05 17:08:00,29.0,97,100.70,0.00,174,2.70,28.3,36.8,28.5
2026-07-05 17:23:00,28.7,97,100.70,0.00,195,2.40,28.0,35.6,28.2
2026-07-05 17:38:00,28.3,98,100.70,0.00,215,2.40,27.8,34.3,27.9
2026-07-05 17:53:00,28.3,99,100.70,0.00,162,2.60,28.0,34.5,28.1
2026-07-05 18:08:00,28.3,100,100.70,0.00,165,2.80,28.3,34.8,28.3
2026-07-05 18:23:00,28.4,99,100.70,0.00,153,2.90,28.0,34.9,28.1
2026-07-05 18:38:00,28.4,99,100.70,0.00,150,3.10,28.0,34.9,28.1
2026-07-05 18:53:00,28.3,99,100.70,0.00,151,2.40,27.9,34.5,28.1
2026-07-05 19:08:00,28.3,99,100.70,0.00,142,3.10,27.9,34.5,28.0
2026-07-05 19:23:00,28.3,99,100.70,0.00,141,3.00,27.9,34.5,28.1
2026-07-05 19:38:00,28.5,100,100.70,0.00,136,3.00,28.5,35.6,28.6
2026-07-05 19:53:00,28.3,98,100.80,0.00,141,3.00,27.8,34.3,28.0
2026-07-05 20:08:00,28.2,100,100.80,0.00,142,3.10,28.2,34.4,28.3
2026-07-05 20:23:00,28.2,100,100.80,0.00,142,3.10,28.2,34.4,28.3
2026-07-05 20:38:00,28.2,100,100.70,0.00,144,3.20,28.2,34.4,28.2
2026-07-05 20:53:00,28.2,100,100.70,0.00,139,2.70,28.2,34.4,28.2
2026-07-05 21:08:00,28.3,100,100.70,0.00,139,2.80,28.3,34.8,28.3
2026-07-05 21:23:00,28.2,100,100.70,0.00,139,2.80,28.2,34.4,28.3
2026-07-05 21:38:00,28.4,99,100.70,0.00,139,3.00,28.0,34.9,28.1
2026-07-05 21:53:00,28.3,98,100.70,0.00,135,2.80,27.8,34.3,28.0
2026-07-05 22:08:00,28.4,99,100.70,0.00,135,2.80,28.0,34.9,28.2
2026-07-05 22:23:00,28.3,99,100.70,0.00,136,3.00,27.9,34.5,28.1
2026-07-05 22:38:00,28.3,99,100.70,0.00,132,3.00,28.0,34.5,28.1
2026-07-05 22:53:00,28.4,99,100.70,0.00,129,2.60,28.0,34.9,28.2
2026-07-05 23:08:00,28.5,97,100.70,0.00,127,3.00,27.8,34.9,28.0
2026-07-05 23:23:00,28.6,97,100.70,0.00,126,2.80,27.9,35.2,28.1
2026-07-05 23:38:00,28.6,97,100.70,0.00,123,3.00,27.9,35.2,28.1
2026-07-05 23:53:00,28.6,97,100.70,0.00,123,3.00,27.9,35.2,28.1
2026-07-06 00:08:00,28.7,97,100.70,0.00,124,2.90,28.0,35.6,28.2
2026-07-06 00:23:00,28.8,97,100.70,0.00,126,2.80,28.1,36.0,28.3
2026-07-06 00:38:00,29.0,97,100.70,0.00,124,2.70,28.3,36.8,28.5
2026-07-06 00:53:00,28.8,97,100.60,0.00,121,2.90,28.1,36.0,28.3
2026-07-06 01:08:00,28.9,97,100.60,0.00,123,2.70,28.2,36.4,28.4
2026-07-06 01:23:00,29.0,97,100.60,0.00,123,2.80,28.3,36.8,28.5
2026-07-06 01:38:00,29.1,97,100.60,0.00,126,2.90,28.4,37.3,28.6
2026-07-06 01:53:00,29.1,97,100.60,0.00,126,2.60,28.4,37.3,28.6
2026-07-06 02:08:00,29.1,97,100.60,0.00,124,2.50,28.4,37.3,28.6
2026-07-06 02:23:00,29.1,97,100.60,0.00,126,1.80,28.4,37.3,28.6
2026-07-06 02:38:00,29.0,97,100.60,0.00,126,2.10,28.3,36.8,28.5
2026-07-06 02:53:00,29.1,97,100.60,0.00,123,2.60,28.3,37.3,28.6
2026-07-06 03:08:00,29.0,97,100.60,0.00,123,2.70,28.3,36.8,28.5
2026-07-06 03:23:00,29.0,97,100.60,0.00,126,2.00,28.3,36.8,28.5
2026-07-06 03:38:00,29.0,97,100.70,0.00,121,1.70,28.3,36.8,28.5
2026-07-06 03:53:00,29.0,97,100.60,0.00,126,2.20,28.2,36.8,28.5
2026-07-06 04:08:00,28.8,97,100.70,0.00,127,2.50,28.1,36.0,28.3
2026-07-06 04:23:00,29.0,97,100.70,0.00,124,2.20,28.3,36.8,28.5
2026-07-06 04:38:00,29.0,97,100.70,0.00,123,2.10,28.3,36.8,28.5
2026-07-06 04:53:00,29.0,97,100.70,0.00,126,2.20,28.3,36.8,28.5
2026-07-06 05:08:00,29.1,97,100.70,0.00,123,2.00,28.4,37.3,28.6
2026-07-06 05:23:00,29.1,97,100.70,0.00,124,2.30,28.4,37.3,28.6
2026-07-06 05:38:00,29.1,97,100.70,0.00,126,2.70,28.4,37.3,28.6
2026-07-06 05:53:00,29.2,97,100.70,0.00,123,2.70,28.5,37.7,28.7
2026-07-06 06:08:00,29.3,97,100.70,0.00,127,2.90,28.6,38.1,28.8
2026-07-06 06:23:00,29.1,97,100.70,0.00,124,2.70,28.4,37.3,28.6
2026-07-06 06:38:00,28.9,97,100.80,0.00,121,2.60,28.2,36.4,28.4
2026-07-06 06:53:00,28.9,97,100.80,0.00,127,2.50,28.2,36.4,28.4
2026-07-06 07:08:00,29.2,96,100.70,0.00,126,2.00,28.3,37.4,28.6
2026-07-06 07:23:00,29.6,95,100.70,0.00,123,1.40,28.5,38.7,28.8
2026-07-06 07:38:00,29.7,95,100.70,0.00,124,1.70,28.6,39.1,28.9
2026-07-06 07:53:00,29.9,95,100.80,0.00,120,2.00,28.8,40.0,29.1
2026-07-06 08:08:00,30.0,92,100.70,0.00,129,1.90,28.3,39.4,28.7
2026-07-06 08:23:00,30.4,92,100.70,0.00,124,1.20,28.7,41.0,29.2
2026-07-06 08:38:00,31.0,91,100.70,0.00,126,1.20,29.2,43.2,29.6
2026-07-06 08:53:00,31.2,88,100.70,0.00,123,1.10,28.7,42.8,29.3
2026-07-06 09:08:00,31.7,89,100.80,0.00,281,1.40,29.4,45.0,29.9
2026-07-06 09:23:00,31.5,87,100.70,0.00,121,1.60,28.9,43.6,29.5
2026-07-06 09:38:00,31.8,91,100.70,0.00,281,2.50,29.9,45.0,30.4
2026-07-06 09:53:00,32.4,88,100.70,0.00,123,2.70,29.7,45.0,30.3
2026-07-06 10:08:00,33.0,83,100.70,0.00,275,1.80,29.3,45.0,30.2
2026-07-06 10:23:00,33.3,83,100.70,0.00,120,1.10,29.5,45.0,30.4
2026-07-06 10:38:00,33.4,79,100.70,0.00,276,0.90,28.8,45.0,29.9
2026-07-06 10:53:00,33.7,79,100.70,0.00,120,0.10,29.1,45.0,30.2
2026-07-06 11:08:00,33.9,84,100.70,0.00,282,1.40,30.4,45.0,31.2
2026-07-06 11:23:00,34.0,75,100.70,0.00,290,0.90,28.5,45.0,29.8
2026-07-06 11:38:00,33.9,72,100.70,0.00,288,0.00,27.7,45.0,29.2
2026-07-06 11:53:00,34.4,75,100.70,0.00,287,0.70,28.8,45.0,30.2
2026-07-06 12:08:00,34.4,72,100.70,0.00,121,0.10,28.1,45.0,29.7
2026-07-06 12:23:00,33.2,72,100.70,0.00,108,0.30,27.0,42.9,28.6
2026-07-06 12:38:00,33.1,78,100.70,0.00,121,0.30,28.2,45.0,29.4
2026-07-06 12:53:00,33.6,80,100.70,0.00,103,1.10,29.2,45.0,30.2
2026-07-06 13:08:00,34.3,72,100.70,0.00,112,0.90,28.0,45.0,29.6
2026-07-06 13:23:00,33.8,68,100.70,0.00,105,0.00,26.6,43.0,28.5
2026-07-06 13:38:00,34.9,68,100.70,0.00,114,0.00,27.6,45.0,29.4
2026-07-06 13:53:00,33.5,62,100.70,0.00,109,0.50,24.7,39.5,27.2
2026-07-06 14:08:00,33.5,74,100.70,0.00,117,0.80,27.8,44.9,29.2
2026-07-06 14:23:00,34.1,74,100.60,0.00,123,0.00,28.3,45.0,29.7
2026-07-06 14:38:00,33.2,73,100.60,0.00,273,0.00,27.2,43.3,28.7
2026-07-06 14:53:00,32.7,76,100.60,0.00,285,0.00,27.7,43.4,28.9
2026-07-06 15:08:00,33.5,79,100.60,0.00,264,0.40,28.9,45.0,30.0
2026-07-06 15:23:00,34.5,72,100.60,0.00,106,0.00,28.2,45.0,29.8
2026-07-06 15:38:00,34.9,70,100.60,0.00,111,0.00,28.0,45.0,29.8
2026-07-06 15:53:00,33.6,65,100.60,0.00,120,0.00,25.6,41.0,27.8
2026-07-06 16:08:00,34.1,77,100.60,0.00,114,0.00,29.0,45.0,30.2
2026-07-06 16:23:00,34.7,73,100.60,0.00,106,0.00,28.7,45.0,30.2
2026-07-06 16:38:00,34.8,69,100.60,0.00,118,0.00,27.8,45.0,29.6
2026-07-06 16:53:00,34.7,67,100.60,0.00,115,0.40,27.1,45.0,29.1
2026-07-06 17:08:00,34.7,69,100.60,0.00,114,0.50,27.7,45.0,29.5
2026-07-06 17:23:00,34.4,68,100.60,0.00,115,0.60,27.1,45.0,29.0
2026-07-06 17:38:00,33.6,73,100.60,0.00,105,0.00,27.6,44.7,29.1
2026-07-06 17:53:00,33.3,85,100.60,0.00,117,0.00,30.0,45.0,30.8
2026-07-06 18:08:00,32.8,86,100.60,0.00,120,0.00,29.7,45.0,30.5
2026-07-06 18:23:00,32.6,88,100.60,0.00,111,0.00,29.9,45.0,30.5
2026-07-06 18:38:00,32.2,88,100.60,0.00,112,0.00,29.8,45.0,30.4
2026-07-06 18:53:00,31.9,89,100.60,0.00,120,0.00,29.7,45.0,30.2
2026-07-06 19:08:00,31.4,90,100.60,0.00,118,0.00,29.3,44.5,29.8
2026-07-06 19:23:00,31.2,93,100.60,0.00,118,0.00,29.7,44.9,30.1
2026-07-06 19:38:00,31.2,94,100.60,0.00,120,0.00,29.9,45.0,30.2
2026-07-06 19:53:00,31.1,90,100.60,0.00,120,0.00,29.1,43.2,29.5
2026-07-06 20:08:00,31.2,87,100.60,0.00,118,0.00,28.6,42.4,29.2
2026-07-06 20:23:00,31.4,89,100.60,0.00,121,0.00,29.2,44.0,29.7
2026-07-06 20:38:00,31.3,88,100.70,0.00,120,0.00,28.9,43.2,29.4
2026-07-06 20:53:00,31.2,90,100.70,0.00,120,0.00,29.2,43.6,29.7
2026-07-06 21:08:00,31.1,91,100.70,0.00,118,0.00,29.3,43.6,29.7
2026-07-06 21:23:00,31.2,90,100.70,0.00,120,0.00,29.1,43.6,29.6
2026-07-06 21:38:00,31.0,90,100.60,0.00,118,0.00,28.9,42.8,29.4
2026-07-06 21:53:00,31.0,91,100.60,0.00,120,0.00,29.1,43.2,29.6
2026-07-06 22:08:00,30.9,90,100.60,0.00,118,0.00,28.8,42.3,29.3
2026-07-06 22:23:00,30.9,91,100.60,0.00,21,0.00,29.0,42.7,29.5
2026-07-06 22:38:00,30.8,93,100.60,0.00,121,0.00,29.4,43.1,29.7
2026-07-06 22:53:00,30.8,93,100.60,0.00,121,0.00,29.3,43.1,29.7
2026-07-06 23:08:00,30.7,94,100.60,0.00,120,0.00,29.5,43.1,29.8
2026-07-06 23:23:00,30.7,94,100.60,0.00,123,0.00,29.4,43.1,29.7
2026-07-06 23:38:00,30.7,95,100.60,0.00,121,0.00,29.6,43.5,29.9
2026-07-06 23:53:00,30.7,94,100.60,0.00,123,0.00,29.5,43.1,29.8
2026-07-07 00:08:00,30.7,94,100.60,0.00,121,0.00,29.4,43.1,29.8
2026-07-07 00:23:00,30.6,94,100.60,0.00,120,0.00,29.3,42.6,29.7
2026-07-07 00:38:00,30.5,95,100.60,0.00,124,0.00,29.4,42.6,29.7
2026-07-07 00:53:00,30.5,96,100.60,0.00,124,0.00,29.6,43.0,29.8
2026-07-07 01:08:00,30.5,96,100.60,0.00,124,0.00,29.6,43.0,29.8
2026-07-07 01:23:00,30.4,96,100.50,0.00,123,0.00,29.5,42.5,29.8
2026-07-07 01:38:00,30.4,96,100.60,0.00,124,0.00,29.5,42.5,29.8
2026-07-07 01:53:00,30.4,97,100.50,0.00,121,0.00,29.7,42.9,29.9
2026-07-07 02:08:00,30.3,96,100.50,0.00,123,0.00,29.4,42.1,29.7
2026-07-07 02:23:00,30.3,97,100.50,0.00,123,0.00,29.5,42.5,29.7
2026-07-07 02:38:00,30.2,97,100.50,0.00,124,0.00,29.5,42.0,29.7
2026-07-07 02:53:00,30.1,97,100.50,0.00,124,0.00,29.4,41.6,29.6
2026-07-07 03:08:00,30.1,97,100.50,0.00,123,0.00,29.3,41.6,29.6
2026-07-07 03:23:00,30.0,97,100.50,0.00,126,0.00,29.3,41.1,29.5
2026-07-07 03:38:00,29.9,97,100.50,0.00,123,0.00,29.2,40.7,29.4
2026-07-07 03:53:00,29.9,97,100.50,0.00,123,0.00,29.2,40.7,29.4
2026-07-07 04:08:00,29.9,97,100.50,0.00,123,0.00,29.2,40.7,29.4
2026-07-07 04:23:00,29.9,97,100.50,0.00,124,0.00,29.2,40.7,29.4
2026-07-07 04:38:00,29.9,97,100.50,0.00,126,0.00,29.2,40.7,29.4
2026-07-07 04:53:00,29.9,97,100.50,0.00,124,0.00,29.2,40.7,29.4
2026-07-07 05:08:00,29.9,97,100.50,0.00,123,0.00,29.2,40.7,29.4
2026-07-07 05:23:00,30.0,97,100.50,0.00,123,0.00,29.3,41.1,29.5
2026-07-07 05:38:00,30.1,97,100.50,0.00,126,0.00,29.3,41.6,29.6
2026-07-07 05:53:00,30.1,97,100.50,0.00,123,0.00,29.4,41.6,29.6
2026-07-07 06:08:00,30.2,97,100.50,0.00,123,0.00,29.5,42.0,29.7
2026-07-07 06:23:00,30.1,97,100.50,0.00,124,0.00,29.4,41.6,29.6
2026-07-07 06:38:00,30.0,97,100.50,0.00,124,0.00,29.3,41.1,29.5
2026-07-07 06:53:00,29.8,97,100.50,0.00,129,0.00,29.1,40.2,29.3
2026-07-07 07:08:00,30.0,96,100.50,0.00,126,0.00,29.1,40.8,29.4
2026-07-07 07:23:00,30.5,95,100.50,0.00,124,0.00,29.4,42.6,29.7
2026-07-07 07:38:00,30.5,94,100.50,0.00,132,0.00,29.3,42.2,29.6
2026-07-07 07:53:00,30.6,94,100.50,0.00,130,0.00,29.3,42.6,29.6
2026-07-07 08:08:00,30.8,94,100.50,0.00,129,0.00,29.5,43.5,29.9
2026-07-07 08:23:00,31.1,93,100.50,0.00,126,0.00,29.6,44.5,30.0
2026-07-07 08:38:00,31.4,91,100.50,0.00,276,0.00,29.6,44.9,30.0
2026-07-07 08:53:00,31.5,90,100.50,0.00,276,0.00,29.5,44.9,30.0
2026-07-07 09:08:00,31.7,88,100.50,0.00,273,0.00,29.3,44.9,29.9
2026-07-07 09:23:00,32.1,89,100.50,0.00,278,0.00,29.8,45.0,30.3
2026-07-07 09:38:00,32.2,85,100.50,0.00,275,0.00,29.1,45.0,29.8
2026-07-07 09:53:00,32.5,86,100.50,0.00,276,0.00,29.5,45.0,30.2
2026-07-07 10:08:00,32.9,86,100.40,0.00,275,0.10,29.9,45.0,30.6
2026-07-07 10:23:00,34.0,85,100.40,0.00,120,0.00,30.7,45.0,31.5
2026-07-07 10:38:00,34.5,81,100.40,0.00,118,0.40,30.3,45.0,31.3
2026-07-07 10:53:00,34.3,75,100.40,0.00,123,0.00,28.8,45.0,30.1
2026-07-07 11:08:00,34.5,78,100.40,0.00,118,0.00,29.6,45.0,30.8
2026-07-07 11:23:00,35.0,77,100.40,0.00,120,0.00,29.9,45.0,31.1
2026-07-07 11:38:00,35.2,73,100.40,0.00,117,0.00,29.1,45.0,30.6
2026-07-07 11:53:00,34.7,72,100.40,0.00,118,0.00,28.4,45.0,30.0
2026-07-07 12:08:00,34.6,75,100.30,0.00,121,0.00,29.0,45.0,30.4
2026-07-07 12:23:00,35.0,76,100.30,0.00,120,0.00,29.6,45.0,30.9
2026-07-07 12:38:00,35.3,73,100.30,0.00,118,0.00,29.2,45.0,30.7
2026-07-07 12:53:00,35.3,72,100.20,0.00,117,0.00,29.0,45.0,30.5
2026-07-07 13:08:00,35.6,68,100.20,0.00,117,0.00,28.2,45.0,30.1
2026-07-07 13:23:00,35.5,71,100.20,0.00,117,0.00,28.9,45.0,30.6
2026-07-07 13:38:00,35.5,69,100.20,0.00,117,0.00,28.4,45.0,30.1
2026-07-07 13:53:00,35.5,71,100.20,0.00,120,0.00,28.9,45.0,30.6
2026-07-07 14:08:00,35.2,72,100.20,0.00,117,0.00,28.8,45.0,30.4
2026-07-07 14:23:00,35.3,73,100.20,0.00,118,0.00,29.2,45.0,30.7
2026-07-07 14:38:00,35.6,72,100.20,0.00,117,0.00,29.3,45.0,30.8
2026-07-07 14:53:00,35.6,72,100.20,0.00,118,0.00,29.3,45.0,30.8
2026-07-07 15:08:00,35.6,72,100.20,0.00,118,0.00,29.2,45.0,30.8
2026-07-07 15:23:00,35.3,73,100.20,0.00,118,0.00,29.3,45.0,30.7
2026-07-07 15:38:00,35.1,76,100.20,0.00,120,0.00,29.7,45.0,31.0
2026-07-07 15:53:00,35.1,78,100.20,0.00,120,0.00,30.2,45.0,31.3
2026-07-07 16:08:00,35.2,79,100.20,0.00,120,0.00,30.6,45.0,31.6
2026-07-07 16:23:00,34.8,78,100.20,0.00,120,0.00,30.0,45.0,31.1
2026-07-07 16:38:00,34.6,79,100.10,0.00,120,0.00,29.9,45.0,31.0
2026-07-07 16:53:00,34.5,82,100.10,0.00,123,0.00,30.6,45.0,31.5
2026-07-07 17:08:00,34.4,83,100.10,0.00,123,0.00,30.7,45.0,31.5
2026-07-07 17:23:00,34.2,83,100.20,0.00,120,0.00,30.5,45.0,31.3
2026-07-07 17:38:00,34.1,83,100.20,0.00,120,0.00,30.3,45.0,31.2
2026-07-07 17:53:00,33.9,83,100.20,0.00,121,0.00,30.1,45.0,31.0
2026-07-07 18:08:00,33.6,84,100.20,0.00,118,0.00,30.0,45.0,30.9
2026-07-07 18:23:00,33.2,86,100.20,0.00,118,0.00,30.1,45.0,30.8
2026-07-07 18:38:00,32.9,88,100.20,0.00,120,0.00,30.3,45.0,30.9
2026-07-07 18:53:00,32.8,89,100.20,0.00,120,0.00,30.3,45.0,30.9
2026-07-07 19:08:00,32.6,88,100.30,0.00,120,0.00,30.1,45.0,30.7
2026-07-07 19:23:00,32.7,90,100.30,0.00,121,0.00,30.5,45.0,31.0
2026-07-07 19:38:00,32.7,88,100.30,0.00,121,0.00,30.3,45.0,30.8
2026-07-07 19:53:00,32.6,90,100.30,0.00,121,0.00,30.4,45.0,30.9
2026-07-07 20:08:00,32.4,90,100.30,0.00,118,0.00,30.2,45.0,30.7
2026-07-07 20:23:00,32.5,86,100.30,0.00,123,0.00,29.4,45.0,30.1
2026-07-07 20:38:00,32.5,90,100.40,0.00,121,0.00,30.4,45.0,30.9
2026-07-07 20:53:00,32.5,90,100.40,0.00,121,0.00,30.4,45.0,30.9
2026-07-07 21:08:00,32.3,90,100.40,0.00,124,0.00,30.2,45.0,30.7
2026-07-07 21:23:00,32.1,91,100.40,0.00,123,0.00,30.2,45.0,30.7
2026-07-07 21:38:00,32.0,93,100.40,0.00,121,0.00,30.5,45.0,30.9
2026-07-07 21:53:00,31.9,93,100.40,0.00,115,0.00,30.4,45.0,30.8
2026-07-07 22:08:00,31.7,78,100.40,0.00,123,0.00,27.2,40.6,28.3
2026-07-07 22:23:00,31.7,93,100.40,0.00,120,0.00,30.2,45.0,30.6
2026-07-07 22:38:00,31.7,94,100.40,0.00,121,0.00,30.4,45.0,30.7
2026-07-07 22:53:00,31.7,94,100.40,0.00,123,0.00,30.4,45.0,30.7
2026-07-07 23:08:00,31.6,94,100.40,0.00,121,0.00,30.4,45.0,30.7
2026-07-07 23:23:00,31.7,94,100.40,0.00,120,0.00,30.4,45.0,30.7
2026-07-07 23:38:00,31.6,94,100.40,0.00,121,0.00,30.3,45.0,30.6
2026-07-07 23:53:00,31.6,94,100.40,0.00,121,0.00,30.3,45.0,30.6
2026-07-08 00:08:00,31.5,94,100.40,0.00,121,0.00,30.2,45.0,30.5
2026-07-08 00:23:00,31.5,95,100.40,0.00,123,0.00,30.4,45.0,30.7
2026-07-08 00:38:00,31.5,94,100.40,0.00,123,0.00,30.2,45.0,30.5
2026-07-08 00:53:00,31.5,94,100.40,0.00,121,0.00,30.2,45.0,30.5
2026-07-08 01:08:00,31.5,94,100.40,0.00,123,0.00,30.2,45.0,30.5
2026-07-08 01:23:00,31.5,94,100.40,0.00,123,0.00,30.2,45.0,30.5
2026-07-08 01:38:00,31.4,94,100.40,0.00,120,0.00,30.1,45.0,30.5
2026-07-08 01:53:00,31.5,94,100.40,0.00,124,0.00,30.2,45.0,30.5
2026-07-08 02:08:00,31.5,93,100.40,0.00,120,0.00,30.0,45.0,30.3
2026-07-08 02:23:00,31.4,94,100.40,0.00,123,0.00,30.1,45.0,30.4
2026-07-08 02:38:00,31.4,94,100.40,0.00,120,0.00,30.1,45.0,30.4
2026-07-08 02:53:00,31.4,93,100.40,0.00,120,0.00,29.9,45.0,30.3
2026-07-08 03:08:00,31.4,93,100.40,0.00,121,0.00,29.9,45.0,30.3
2026-07-08 03:23:00,31.4,93,100.40,0.00,120,0.00,29.9,45.0,30.3
2026-07-08 03:38:00,31.4,93,100.50,0.00,121,0.00,29.9,45.0,30.3
2026-07-08 03:53:00,31.3,93,100.50,0.00,120,0.00,29.9,45.0,30.2
2026-07-08 04:08:00,31.3,93,100.50,0.00,121,0.00,29.8,45.0,30.2
2026-07-08 04:23:00,31.3,93,100.50,0.00,121,0.00,29.8,45.0,30.2
2026-07-08 04:38:00,31.3,93,100.50,0.00,121,0.00,29.8,45.0,30.2
2026-07-08 04:53:00,31.2,93,100.50,0.00,123,0.00,29.7,44.9,30.1
2026-07-08 05:08:00,31.1,94,100.50,0.00,120,0.00,29.9,44.9,30.2
2026-07-08 05:23:00,31.1,94,100.50,0.00,121,0.00,29.8,44.9,30.2
2026-07-08 05:38:00,31.3,94,100.50,0.00,121,0.00,30.0,45.0,30.3
2026-07-08 05:53:00,31.3,94,100.50,0.00,120,0.00,30.0,45.0,30.3
2026-07-08 06:08:00,31.6,94,100.60,0.00,121,0.00,30.3,45.0,30.6
2026-07-08 06:23:00,31.6,93,100.60,0.00,120,0.00,30.2,45.0,30.5
2026-07-08 06:38:00,31.7,93,100.60,0.00,120,0.00,30.2,45.0,30.6
2026-07-08 06:53:00,31.8,93,100.60,0.00,121,0.00,30.3,45.0,30.7
2026-07-08 07:08:00,32.0,93,100.60,0.00,121,0.00,30.5,45.0,30.8
2026-07-08 07:23:00,31.8,93,100.60,0.00,121,0.00,30.3,45.0,30.6
2026-07-08 07:38:00,31.8,93,100.60,0.00,120,0.00,30.3,45.0,30.7
2026-07-08 07:53:00,32.0,93,100.60,0.00,121,0.00,30.5,45.0,30.8
2026-07-08 08:08:00,32.1,91,100.60,0.00,124,0.00,30.2,45.0,30.7
2026-07-08 08:23:00,32.3,92,100.60,0.00,121,0.00,30.5,45.0,30.9
2026-07-08 08:38:00,32.7,90,100.60,0.00,124,0.00,30.6,45.0,31.1
2026-07-08 08:53:00,33.0,90,100.60,0.00,123,0.00,30.7,45.0,31.3
2026-07-08 09:08:00,33.4,88,100.60,0.00,121,0.00,30.7,45.0,31.3
2026-07-08 09:23:00,33.8,83,100.70,0.00,123,0.00,30.1,45.0,31.0
2026-07-08 09:38:00,34.1,78,100.60,0.00,121,0.00,29.3,45.0,30.4
2026-07-08 09:53:00,34.2,75,100.70,0.00,120,0.00,28.7,45.0,30.0
2026-07-08 10:08:00,34.6,75,100.60,0.00,117,0.00,29.0,45.0,30.4
2026-07-08 10:23:00,34.7,71,100.60,0.00,117,0.00,28.2,45.0,29.8
2026-07-08 10:38:00,34.6,69,100.60,0.00,117,0.00,27.6,45.0,29.4
2026-07-08 10:53:00,34.7,69,100.60,0.00,118,0.00,27.7,45.0,29.5
2026-07-08 11:08:00,34.9,68,100.60,0.00,115,0.00,27.6,45.0,29.4
2026-07-08 11:23:00,35.2,69,100.60,0.00,117,0.00,28.1,45.0,29.9
2026-07-08 11:38:00,35.0,67,100.60,0.00,118,0.00,27.4,45.0,29.4
2026-07-08 11:53:00,35.2,68,100.60,0.00,115,0.00,27.8,45.0,29.7
2026-07-08 12:08:00,35.3,67,100.60,0.00,118,0.00,27.7,45.0,29.7
2026-07-08 12:23:00,35.2,66,100.60,0.00,115,0.00,27.3,45.0,29.3
2026-07-08 12:38:00,34.3,68,100.60,0.00,118,0.00,27.0,44.7,28.9
2026-07-08 12:53:00,34.8,76,100.60,0.00,115,0.00,29.5,45.0,30.8
2026-07-08 13:08:00,35.1,69,100.60,0.00,118,0.00,28.0,45.0,29.8
2026-07-08 13:23:00,35.1,68,100.60,0.00,115,0.00,27.7,45.0,29.6
2026-07-08 13:38:00,35.3,67,100.60,0.00,115,0.00,27.7,45.0,29.7
2026-07-08 13:53:00,35.1,64,100.50,0.00,115,0.00,26.7,45.0,28.9
2026-07-08 14:08:00,35.1,68,100.50,0.00,115,0.00,27.8,45.0,29.6
2026-07-08 14:23:00,35.0,66,100.50,0.00,115,0.00,27.1,45.0,29.2
2026-07-08 14:38:00,35.3,69,100.50,0.00,115,0.00,28.2,45.0,30.0
2026-07-08 14:53:00,35.0,63,100.50,0.00,117,0.00,26.3,44.5,28.6
2026-07-08 15:08:00,35.2,64,100.50,0.00,114,0.00,26.8,45.0,29.0
2026-07-08 15:23:00,34.9,64,100.50,0.00,114,0.00,26.5,44.7,28.7
2026-07-08 15:38:00,34.6,69,100.50,0.00,114,0.00,27.6,45.0,29.4
2026-07-08 15:53:00,34.9,63,100.50,0.00,114,0.00,26.3,44.2,28.6
2026-07-08 16:08:00,34.9,61,100.50,0.00,114,0.00,25.7,43.2,28.2
2026-07-08 16:23:00,34.8,61,100.50,0.00,117,0.00,25.6,42.9,28.1
2026-07-08 16:38:00,34.9,61,100.50,0.00,114,0.00,25.6,43.2,28.2
2026-07-08 16:53:00,34.7,59,100.50,0.00,117,0.00,24.9,41.7,27.6
2026-07-08 17:08:00,34.3,63,100.50,0.00,117,0.00,25.7,42.3,28.0
2026-07-08 17:23:00,33.9,65,100.50,0.00,117,0.00,25.8,42.0,28.0
2026-07-08 17:38:00,34.3,71,100.50,0.00,117,0.00,27.7,45.0,29.4
2026-07-08 17:53:00,34.5,65,100.50,0.00,114,0.00,26.4,43.9,28.6
2026-07-08 18:08:00,34.3,61,100.50,0.00,115,0.00,25.1,41.4,27.7
2026-07-08 18:23:00,33.9,69,100.50,0.00,114,0.00,26.9,43.8,28.8
2026-07-08 18:38:00,34.2,68,100.50,0.00,114,0.00,26.9,44.4,28.8
2026-07-08 18:53:00,34.3,65,100.50,0.00,112,0.00,26.2,43.2,28.4
2026-07-08 19:08:00,34.1,66,100.50,0.00,117,0.00,26.3,43.1,28.3
2026-07-08 19:23:00,34.1,67,100.50,0.00,117,0.00,26.5,43.5,28.5
2026-07-08 19:38:00,33.8,69,100.60,0.00,114,0.00,26.8,43.5,28.6
2026-07-08 19:53:00,33.2,73,100.60,0.00,117,0.00,27.2,43.3,28.8
2026-07-08 20:08:00,33.0,83,100.60,0.00,120,0.00,29.3,45.0,30.2
2026-07-08 20:23:00,32.9,83,100.60,0.00,118,0.00,29.1,45.0,30.0
2026-07-08 20:38:00,32.6,88,100.60,0.00,120,0.00,29.9,45.0,30.5
2026-07-08 20:53:00,32.6,84,100.60,0.00,117,0.00,29.1,45.0,29.9
2026-07-08 21:08:00,32.4,90,100.70,0.00,118,0.00,30.2,45.0,30.7
2026-07-08 21:23:00,32.3,90,100.70,0.00,121,0.00,30.2,45.0,30.7
2026-07-08 21:38:00,32.3,90,100.70,0.00,123,0.00,30.2,45.0,30.7
2026-07-08 21:53:00,32.2,93,100.70,0.00,123,0.00,30.7,45.0,31.1
2026-07-08 22:08:00,32.1,93,100.70,0.00,123,0.00,30.6,45.0,31.0
2026-07-08 22:23:00,32.0,93,100.70,0.00,120,0.00,30.5,45.0,30.9
2026-07-08 22:38:00,31.9,93,100.70,0.00,124,0.00,30.5,45.0,30.8
2026-07-08 22:53:00,31.9,93,100.70,0.00,121,0.00,30.4,45.0,30.8
2026-07-08 23:08:00,31.9,94,100.70,0.00,123,0.00,30.6,45.0,30.9
2026-07-08 23:23:00,31.8,94,100.70,0.00,124,0.00,30.5,45.0,30.8
2026-07-08 23:38:00,31.8,94,100.70,0.00,120,0.00,30.5,45.0,30.8
2026-07-08 23:53:00,31.8,93,100.70,0.00,121,0.00,30.3,45.0,30.6
2026-07-09 00:08:00,31.8,93,100.70,0.00,121,0.00,30.3,45.0,30.7
2026-07-09 00:23:00,31.3,94,100.70,0.00,127,0.00,30.0,45.0,30.4
2026-07-09 00:38:00,31.0,96,100.70,0.00,127,0.00,30.1,45.0,30.4
2026-07-09 00:53:00,31.0,96,100.70,0.00,124,0.00,30.1,45.0,30.4
2026-07-09 01:08:00,31.0,96,100.60,0.00,127,0.00,30.1,45.0,30.3
2026-07-09 01:23:00,30.8,96,100.60,0.00,127,0.00,29.9,44.4,30.2
2026-07-09 01:38:00,30.8,96,100.60,0.00,127,0.80,29.9,44.4,30.1
2026-07-09 01:53:00,30.7,96,100.60,0.00,126,0.50,29.8,43.9,30.1
2026-07-09 02:08:00,30.7,96,100.60,0.00,124,1.30,29.8,43.9,30.1
2026-07-09 02:23:00,30.3,96,100.70,0.00,121,1.60,29.4,42.1,29.7
2026-07-09 02:38:00,29.1,95,100.80,0.00,127,1.50,28.1,36.7,28.3
2026-07-09 02:53:00,29.1,97,100.70,0.00,120,1.50,28.4,37.3,28.6
2026-07-09 03:08:00,29.1,97,100.80,0.00,121,0.50,28.4,37.3,28.6
2026-07-09 03:23:00,29.1,97,100.80,0.00,121,0.80,28.4,37.3,28.6
2026-07-09 03:38:00,29.1,97,100.80,0.00,124,0.00,28.4,37.3,28.6
2026-07-09 03:53:00,28.7,97,100.80,0.00,126,0.00,28.0,35.6,28.2
2026-07-09 04:08:00,28.6,97,100.80,0.00,124,0.30,27.9,35.2,28.1
2026-07-09 04:23:00,28.7,97,100.80,0.00,121,0.20,28.0,35.6,28.2
2026-07-09 04:38:00,28.7,97,100.80,0.00,121,0.50,28.0,35.6,28.2
2026-07-09 04:53:00,28.4,97,100.80,0.00,129,1.40,27.7,34.5,27.9
2026-07-09 05:08:00,28.6,97,100.80,0.00,123,2.00,27.9,35.2,28.1
2026-07-09 05:23:00,28.9,97,100.80,0.00,123,2.00,28.2,36.4,28.4
2026-07-09 05:38:00,28.8,97,100.80,0.00,126,2.00,28.1,36.0,28.3
2026-07-09 05:53:00,29.0,97,100.80,0.00,126,2.00,28.3,36.8,28.5
2026-07-09 06:08:00,29.0,97,100.80,0.00,121,2.00,28.2,36.8,28.5
2026-07-09 06:23:00,29.0,97,100.80,0.00,121,1.90,28.3,36.8,28.5
2026-07-09 06:38:00,29.0,97,100.80,0.00,121,2.00,28.3,36.8,28.5
2026-07-09 06:53:00,29.4,97,100.80,0.00,121,2.00,28.7,38.5,28.9
2026-07-09 07:08:00,29.7,97,100.80,0.00,120,2.00,29.0,39.8,29.2
2026-07-09 07:23:00,28.8,96,100.80,0.00,129,2.00,28.0,35.8,28.2
2026-07-09 07:38:00,28.5,97,100.90,0.00,150,2.20,27.8,34.9,28.0
2026-07-09 07:53:00,28.3,99,100.90,0.00,228,2.50,27.9,34.5,28.1
2026-07-09 08:08:00,28.7,98,100.90,0.00,171,2.30,28.1,35.9,28.3
2026-07-09 08:23:00,28.6,97,100.90,0.00,145,2.30,27.8,35.2,28.1
2026-07-09 08:38:00,29.2,97,100.90,0.00,133,2.70,28.5,37.7,28.7
2026-07-09 08:53:00,29.5,95,100.90,0.00,127,3.00,28.4,38.3,28.7
2026-07-09 09:08:00,28.7,95,100.90,0.00,148,3.30,27.7,35.2,27.9
2026-07-09 09:23:00,28.2,96,100.90,0.00,157,3.30,27.3,33.5,27.6
2026-07-09 09:38:00,28.2,98,100.90,0.00,160,3.20,27.7,33.9,27.8
2026-07-09 09:53:00,27.8,98,100.90,0.00,195,3.10,27.2,32.4,27.4
2026-07-09 10:08:00,28.7,99,100.90,0.00,165,3.10,28.3,36.1,28.4
2026-07-09 10:23:00,29.1,97,100.90,0.00,147,3.40,28.4,37.3,28.6
2026-07-09 10:38:00,28.8,97,100.90,0.00,162,3.40,28.1,36.0,28.3
2026-07-09 10:53:00,28.9,97,100.90,0.00,157,3.40,28.2,36.4,28.4
2026-07-09 11:08:00,29.0,97,100.90,0.00,148,3.10,28.3,36.8,28.5
2026-07-09 11:23:00,28.9,97,100.90,0.00,148,3.40,28.2,36.4,28.4
2026-07-09 11:38:00,29.2,97,100.90,0.00,141,3.40,28.5,37.7,28.7
2026-07-09 11:53:00,29.4,97,100.80,0.00,135,2.40,28.7,38.5,28.9
2026-07-09 12:08:00,29.5,97,100.80,0.00,133,1.80,28.8,38.9,29.0
2026-07-09 12:23:00,29.4,97,100.80,0.00,132,1.90,28.7,38.5,28.9
2026-07-09 12:38:00,29.4,97,100.80,0.00,132,2.00,28.7,38.5,28.9
2026-07-09 12:53:00,29.2,97,100.80,0.00,138,2.40,28.5,37.7,28.7
2026-07-09 13:08:00,29.3,98,100.80,0.00,135,2.60,28.8,38.4,28.9
2026-07-09 13:23:00,29.1,97,100.80,0.00,145,2.40,28.4,37.3,28.6
2026-07-09 13:38:00,29.6,98,100.70,0.00,135,2.20,29.0,39.7,29.2
2026-07-09 13:53:00,29.5,97,100.70,0.00,138,2.00,28.8,38.9,29.0
2026-07-09 14:08:00,29.9,97,100.70,0.00,133,2.20,29.1,40.7,29.4
2026-07-09 14:23:00,29.8,97,100.70,0.00,142,2.40,29.1,40.2,29.3
2026-07-09 14:38:00,30.0,98,100.70,0.00,138,2.40,29.4,41.5,29.6
2026-07-09 14:53:00,30.2,98,100.70,0.00,142,1.10,29.7,42.4,29.8
2026-07-09 15:08:00,30.3,98,100.70,0.00,142,1.30,29.7,42.8,29.9
2026-07-09 15:23:00,30.3,98,100.70,0.00,139,1.50,29.7,42.8,29.9
2026-07-09 15:38:00,30.4,98,100.70,0.00,144,1.20,29.8,43.3,30.0
2026-07-09 15:53:00,30.4,97,100.70,0.00,147,1.20,29.7,42.9,29.9
2026-07-09 16:08:00,30.5,97,100.60,0.00,144,1.30,29.7,43.4,30.0
2026-07-09 16:23:00,30.4,97,100.60,0.00,147,1.40,29.6,42.9,29.9
2026-07-09 16:38:00,30.2,97,100.60,0.00,144,1.10,29.4,42.0,29.7
2026-07-09 16:53:00,30.1,97,100.60,0.00,138,0.80,29.3,41.6,29.6
2026-07-09 17:08:00,30.1,97,100.60,0.00,136,0.70,29.3,41.6,29.6
2026-07-09 17:23:00,30.1,97,100.60,0.00,133,1.00,29.4,41.6,29.6
2026-07-09 17:38:00,30.0,97,100.60,0.00,135,0.70,29.3,41.1,29.5
2026-07-09 17:53:00,30.1,97,100.70,0.00,135,0.70,29.4,41.6,29.6
2026-07-09 18:08:00,30.1,97,100.70,0.00,138,0.70,29.3,41.6,29.5
2026-07-09 18:23:00,30.0,97,100.70,0.00,138,0.40,29.3,41.1,29.5
2026-07-09 18:38:00,29.8,97,100.70,0.00,144,0.10,29.1,40.2,29.3
2026-07-09 18:53:00,29.8,97,100.70,0.00,138,0.20,29.0,40.2,29.2
2026-07-09 19:08:00,29.6,97,100.70,0.00,141,0.00,28.9,39.4,29.1
2026-07-09 19:23:00,29.5,97,100.70,0.00,136,0.10,28.8,38.9,29.0
2026-07-09 19:38:00,29.5,97,100.70,0.00,133,0.40,28.8,38.9,29.0
2026-07-09 19:53:00,29.4,97,100.70,0.00,135,0.20,28.7,38.5,28.9
2026-07-09 20:08:00,29.4,97,100.80,0.00,133,0.00,28.7,38.5,28.9
2026-07-09 20:23:00,29.4,97,100.80,0.00,135,0.00,28.7,38.5,28.9
2026-07-09 20:38:00,29.4,97,100.80,0.00,135,0.00,28.7,38.5,28.9
2026-07-09 20:53:00,29.4,97,100.80,0.00,136,0.00,28.7,38.5,28.9
2026-07-09 21:08:00,29.3,97,100.80,0.00,135,0.30,28.6,38.1,28.8
2026-07-09 21:23:00,29.2,96,100.80,0.00,132,0.50,28.3,37.4,28.5
2026-07-09 21:38:00,29.2,96,100.90,0.00,129,0.60,28.3,37.4,28.5
2026-07-09 21:53:00,29.1,96,100.90,0.00,132,0.70,28.2,37.0,28.4
2026-07-09 22:08:00,29.0,96,100.90,0.00,127,0.70,28.2,36.6,28.4
2026-07-09 22:23:00,28.9,96,100.90,0.00,130,0.90,28.0,36.2,28.2
2026-07-09 22:38:00,29.0,96,100.90,0.00,129,1.10,28.1,36.6,28.3
2026-07-09 22:53:00,28.9,96,100.90,0.00,130,1.20,28.0,36.2,28.2
2026-07-09 23:08:00,28.8,95,100.80,0.00,127,1.10,27.7,35.5,28.0
2026-07-09 23:23:00,28.9,96,100.90,0.00,123,0.90,28.0,36.2,28.2
2026-07-09 23:38:00,29.0,95,100.90,0.00,121,0.90,27.9,36.3,28.2
2026-07-09 23:53:00,29.0,95,100.80,0.00,123,1.00,27.9,36.3,28.2
2026-07-10 00:08:00,28.9,95,100.80,0.00,124,0.90,27.9,35.9,28.2
2026-07-10 00:23:00,28.9,96,100.80,0.00,124,1.10,28.0,36.2,28.2
2026-07-10 00:38:00,28.9,96,100.80,0.00,124,1.20,28.0,36.2,28.3
2026-07-10 00:53:00,28.8,96,100.70,0.00,123,1.10,27.9,35.8,28.2
2026-07-10 01:08:00,28.8,97,100.70,0.00,123,1.10,28.0,36.0,28.3
2026-07-10 01:23:00,28.6,97,100.70,0.00,126,1.10,27.9,35.2,28.1
2026-07-10 01:38:00,28.6,97,100.70,0.00,124,0.90,27.9,35.2,28.1
2026-07-10 01:53:00,28.8,97,100.70,0.00,123,1.10,28.1,36.0,28.3
2026-07-10 02:08:00,28.8,97,100.80,0.00,126,1.10,28.1,36.0,28.3
2026-07-10 02:23:00,28.8,97,100.80,0.00,126,1.00,28.1,36.0,28.3
2026-07-10 02:38:00,28.8,97,100.80,0.00,127,1.30,28.1,36.0,28.3
2026-07-10 02:53:00,28.7,97,100.80,0.00,126,1.30,28.0,35.6,28.2
2026-07-10 03:08:00,28.7,97,100.80,0.00,127,1.00,27.9,35.6,28.2
2026-07-10 03:23:00,28.6,97,100.70,0.00,126,1.10,27.9,35.2,28.1
2026-07-10 03:38:00,28.5,97,100.70,0.00,127,1.00,27.8,34.9,28.0
2026-07-10 03:53:00,28.6,97,100.70,0.00,127,1.50,27.9,35.2,28.1
2026-07-10 04:08:00,28.6,97,100.70,0.00,124,1.10,27.9,35.2,28.1
2026-07-10 04:23:00,28.6,97,100.70,0.00,126,0.90,27.9,35.2,28.1
2026-07-10 04:38:00,28.6,97,100.70,0.00,127,1.10,27.9,35.2,28.1
2026-07-10 04:53:00,28.7,97,100.70,0.00,123,1.30,28.0,35.6,28.2
2026-07-10 05:08:00,28.7,97,100.70,0.00,127,1.30,28.0,35.6,28.2
2026-07-10 05:23:00,28.8,98,100.70,0.00,127,1.10,28.3,36.3,28.5
2026-07-10 05:38:00,28.9,97,100.70,0.00,127,0.50,28.2,36.4,28.4
2026-07-10 05:53:00,29.1,97,100.70,0.00,126,0.70,28.4,37.3,28.6
2026-07-10 06:08:00,29.4,97,100.70,0.00,123,0.90,28.7,38.5,28.9
2026-07-10 06:23:00,29.6,97,100.80,0.00,123,0.60,28.9,39.4,29.1
2026-07-10 06:38:00,29.7,97,100.80,0.00,123,0.60,29.0,39.8,29.2
2026-07-10 06:53:00,30.0,97,100.80,0.00,123,0.30,29.3,41.1,29.5
2026-07-10 07:08:00,29.7,97,100.80,0.00,123,0.40,29.0,39.8,29.2
2026-07-10 07:23:00,29.6,97,100.90,0.00,126,0.60,28.9,39.4,29.1
2026-07-10 07:38:00,29.7,96,100.90,0.00,124,0.60,28.8,39.5,29.1
2026-07-10 07:53:00,30.0,96,100.90,0.00,126,0.40,29.1,40.8,29.4
2026-07-10 08:08:00,30.3,96,100.90,0.00,124,0.60,29.4,42.1,29.7
2026-07-10 08:23:00,31.1,95,100.90,0.00,121,0.30,30.0,45.0,30.3
2026-07-10 08:38:00,31.6,93,100.90,0.00,123,0.70,30.1,45.0,30.5
2026-07-10 08:53:00,31.7,91,100.90,0.00,120,0.60,29.8,45.0,30.3
2026-07-10 09:08:00,31.3,91,100.90,0.00,126,0.00,29.4,44.5,29.9
2026-07-10 09:23:00,31.6,91,100.90,0.00,127,0.00,29.7,45.0,30.2
2026-07-10 09:38:00,32.4,88,100.90,0.00,121,0.00,30.0,45.0,30.5
2026-07-10 09:53:00,33.0,89,100.90,0.00,120,0.00,30.5,45.0,31.1
2026-07-10 10:08:00,32.8,86,100.90,0.00,117,0.00,29.8,45.0,30.5
2026-07-10 10:23:00,33.1,86,100.90,0.00,118,0.00,30.0,45.0,30.8
2026-07-10 10:38:00,33.5,85,100.90,0.00,118,0.00,30.2,45.0,31.0
2026-07-10 10:53:00,33.9,85,100.90,0.00,115,0.00,30.6,45.0,31.3
2026-07-10 11:08:00,34.0,83,100.90,0.00,117,0.00,30.3,45.0,31.1
2026-07-10 11:23:00,33.2,82,100.90,0.00,117,0.00,29.3,45.0,30.2
2026-07-10 11:38:00,33.1,84,100.80,0.00,115,0.00,29.6,45.0,30.4
2026-07-10 11:53:00,33.4,85,100.80,0.00,115,0.00,30.1,45.0,30.8
2026-07-10 12:08:00,33.2,84,100.80,0.00,115,0.00,29.7,45.0,30.5
2026-07-10 12:23:00,33.1,85,100.80,0.00,118,0.00,29.8,45.0,30.6
2026-07-10 12:38:00,33.3,80,100.80,0.00,115,0.00,29.0,45.0,30.0
2026-07-10 12:53:00,33.6,78,100.80,0.00,118,0.00,28.7,45.0,29.9
2026-07-10 13:08:00,33.2,78,100.80,0.00,115,0.00,28.4,45.0,29.6
2026-07-10 13:23:00,33.5,79,100.80,0.00,114,0.00,28.9,45.0,30.0
2026-07-10 13:38:00,33.6,76,100.70,0.00,117,0.00,28.3,45.0,29.6
2026-07-10 13:53:00,33.5,76,100.70,0.00,117,0.00,28.2,45.0,29.5
2026-07-10 14:08:00,33.3,77,100.70,0.00,117,0.00,28.2,45.0,29.5
2026-07-10 14:23:00,33.2,76,100.70,0.00,115,0.00,27.9,44.7,29.2
2026-07-10 14:38:00,33.2,78,100.70,0.00,117,0.00,28.3,45.0,29.5
2026-07-10 14:53:00,33.1,78,100.70,0.00,115,0.00,28.3,45.0,29.5
2026-07-10 15:08:00,33.2,78,100.70,0.00,115,0.00,28.4,45.0,29.5
2026-07-10 15:38:00,33.2,80,100.70,0.00,118,0.00,28.9,45.0,29.9
2026-07-10 15:53:00,33.3,82,100.70,0.00,117,0.00,29.3,45.0,30.3
2026-07-10 16:08:00,33.2,84,100.70,0.00,117,0.00,29.7,45.0,30.5
2026-07-10 16:23:00,32.7,84,100.70,0.00,115,0.00,29.4,45.0,30.2
2026-07-10 16:38:00,32.4,84,100.70,0.00,115,0.00,29.1,45.0,29.9
2026-07-10 16:53:00,32.2,85,100.70,0.00,120,0.00,29.2,45.0,29.9
2026-07-10 17:08:00,32.2,85,100.70,0.00,117,0.00,29.1,45.0,29.9
2026-07-10 17:23:00,32.1,87,100.70,0.00,118,0.00,29.5,45.0,30.1
2026-07-10 17:38:00,31.8,88,100.70,0.00,117,0.00,29.4,45.0,29.9
2026-07-10 17:53:00,31.7,89,100.70,0.00,117,0.00,29.5,45.0,30.0
2026-07-10 18:08:00,31.5,89,100.70,0.00,120,0.00,29.3,44.5,29.8
2026-07-10 18:23:00,31.2,90,100.70,0.00,120,0.00,29.2,43.6,29.6
2026-07-10 18:38:00,31.1,91,100.70,0.00,117,0.00,29.2,43.6,29.7
2026-07-10 18:53:00,30.9,91,100.70,0.00,117,0.00,29.0,42.7,29.5
2026-07-10 19:08:00,30.6,91,100.70,0.00,123,0.00,28.8,41.5,29.2
2026-07-10 19:23:00,30.4,95,100.80,0.00,124,0.00,29.3,42.1,29.6
2026-07-10 19:38:00,30.3,95,100.80,0.00,127,0.00,29.3,41.7,29.5
2026-07-10 19:53:00,30.3,96,100.80,0.00,132,0.00,29.4,42.1,29.6
2026-07-10 20:08:00,30.2,97,100.80,0.00,129,0.00,29.5,42.0,29.7
2026-07-10 20:23:00,30.2,97,100.80,0.00,135,0.00,29.5,42.0,29.7
2026-07-10 20:38:00,30.2,97,100.80,0.00,136,0.00,29.5,42.0,29.7
2026-07-10 20:53:00,30.2,97,100.80,0.00,133,0.00,29.5,42.0,29.7
2026-07-10 21:08:00,30.0,97,100.90,0.00,139,0.00,29.3,41.1,29.5
2026-07-10 21:23:00,29.9,97,100.80,0.00,130,0.00,29.2,40.7,29.4
2026-07-10 21:38:00,29.9,97,100.80,0.00,133,0.00,29.2,40.7,29.4
2026-07-10 21:53:00,29.9,97,100.80,0.00,135,0.00,29.2,40.7,29.4
2026-07-10 22:08:00,29.9,97,100.80,0.00,133,0.00,29.2,40.7,29.4
2026-07-10 22:23:00,29.9,97,100.80,0.00,141,0.00,29.1,40.7,29.4
2026-07-10 22:38:00,29.8,97,100.80,0.00,138,0.00,29.1,40.2,29.3
2026-07-10 22:53:00,29.9,97,100.80,0.00,133,0.00,29.1,40.7,29.3
2026-07-10 23:08:00,29.8,97,100.80,0.00,139,0.00,29.1,40.2,29.3
2026-07-10 23:23:00,29.9,97,100.80,0.00,126,0.00,29.2,40.7,29.4
2026-07-10 23:38:00,30.1,97,100.80,0.00,126,0.00,29.3,41.6,29.5
2026-07-10 23:53:00,30.1,97,100.70,0.00,130,0.00,29.4,41.6,29.6
2026-07-11 00:08:00,30.1,97,100.70,0.00,129,0.00,29.4,41.6,29.6
2026-07-11 00:23:00,30.0,97,100.70,0.00,124,0.00,29.3,41.1,29.5
2026-07-11 00:38:00,30.0,97,100.70,0.00,127,0.00,29.3,41.1,29.5
2026-07-11 00:53:00,30.0,97,100.70,0.00,121,0.00,29.3,41.1,29.5
2026-07-11 01:08:00,30.0,97,100.70,0.00,126,0.00,29.3,41.1,29.5
2026-07-11 01:23:00,29.9,97,100.70,0.00,123,0.00,29.2,40.7,29.4
2026-07-11 01:38:00,29.8,97,100.60,0.00,129,0.00,29.1,40.2,29.3
2026-07-11 01:53:00,29.8,97,100.60,0.00,121,0.00,29.1,40.2,29.3
2026-07-11 02:08:00,29.9,97,100.60,0.00,121,0.00,29.2,40.7,29.4
2026-07-11 02:23:00,30.0,97,100.60,0.00,127,0.00,29.3,41.1,29.5
2026-07-11 02:38:00,29.8,97,100.60,0.00,121,0.00,29.1,40.2,29.3
2026-07-11 02:53:00,29.8,97,100.60,0.00,121,0.00,29.1,40.2,29.3
2026-07-11 03:08:00,29.8,97,100.60,0.00,126,0.00,29.1,40.2,29.3
2026-07-11 03:23:00,29.8,97,100.60,0.00,123,0.00,29.1,40.2,29.3
2026-07-11 03:38:00,29.9,97,100.60,0.00,123,0.00,29.2,40.7,29.4
2026-07-11 03:53:00,30.1,97,100.50,0.00,123,0.00,29.3,41.6,29.6
2026-07-11 04:08:00,29.8,97,100.60,0.00,121,0.00,29.1,40.2,29.3
2026-07-11 04:23:00,29.7,97,100.60,0.00,123,0.00,29.0,39.8,29.2
2026-07-11 04:38:00,29.7,97,100.60,0.00,121,0.00,29.0,39.8,29.2
2026-07-11 04:53:00,29.9,97,100.60,0.00,123,0.00,29.2,40.7,29.4
2026-07-11 05:08:00,30.0,97,100.60,0.00,126,0.00,29.3,41.1,29.5
2026-07-11 05:23:00,30.0,97,100.60,0.00,126,0.00,29.3,41.1,29.5
2026-07-11 05:38:00,30.0,97,100.60,0.00,127,0.00,29.3,41.1,29.5
2026-07-11 05:53:00,30.1,97,100.60,0.00,127,0.00,29.3,41.6,29.5
2026-07-11 06:08:00,30.1,97,100.60,0.00,126,0.00,29.4,41.6,29.6
2026-07-11 06:23:00,30.2,97,100.60,0.00,123,0.00,29.5,42.0,29.7
2026-07-11 06:38:00,30.1,96,100.60,0.00,124,0.00,29.2,41.2,29.4
2026-07-11 06:53:00,29.9,97,100.60,0.00,127,0.00,29.2,40.7,29.4
2026-07-11 07:08:00,29.9,97,100.60,0.00,126,0.00,29.2,40.7,29.4
2026-07-11 07:23:00,29.9,97,100.60,0.00,121,0.00,29.2,40.7,29.4
2026-07-11 07:38:00,29.9,97,100.60,0.00,126,0.00,29.2,40.7,29.4
2026-07-11 07:53:00,30.0,97,100.60,0.00,124,0.00,29.3,41.1,29.5
2026-07-11 08:08:00,30.3,97,100.60,0.00,124,0.00,29.6,42.5,29.8
2026-07-11 08:23:00,30.5,96,100.60,0.00,118,0.00,29.6,43.0,29.8
2026-07-11 08:38:00,30.9,96,100.60,0.00,123,0.00,30.0,44.8,30.2
2026-07-11 08:53:00,31.0,94,100.60,0.00,121,0.00,29.7,44.4,30.1
2026-07-11 09:08:00,30.8,94,100.60,0.00,139,0.00,29.5,43.5,29.9
2026-07-11 09:23:00,30.8,94,100.60,0.00,133,0.00,29.6,43.5,29.9
2026-07-11 09:38:00,31.0,94,100.60,0.00,133,0.00,29.7,44.4,30.0
2026-07-11 09:53:00,31.0,94,100.60,0.00,133,0.00,29.7,44.4,30.0
2026-07-11 10:08:00,30.9,94,100.50,0.00,129,0.00,29.6,44.0,29.9
2026-07-11 10:23:00,30.9,93,100.50,0.00,132,0.00,29.5,43.6,29.8
2026-07-11 10:38:00,31.2,93,100.50,0.00,133,0.00,29.7,44.9,30.1
2026-07-11 10:53:00,30.9,94,100.50,0.00,127,0.00,29.6,44.0,30.0
2026-07-11 11:08:00,31.1,94,100.50,0.00,135,0.00,29.8,44.9,30.2
2026-07-11 11:23:00,31.3,94,100.50,0.00,135,0.00,30.0,45.0,30.3
2026-07-11 11:38:00,31.2,94,100.50,0.00,130,0.00,29.9,45.0,30.3
2026-07-11 11:53:00,31.2,93,100.40,0.00,135,0.00,29.7,44.9,30.1
2026-07-11 12:08:00,31.1,93,100.40,0.00,129,0.00,29.6,44.5,30.0
2026-07-11 12:23:00,31.6,93,100.40,0.00,129,0.00,30.1,45.0,30.5
2026-07-11 12:38:00,31.6,93,100.40,0.00,130,0.00,30.1,45.0,30.4
2026-07-11 12:53:00,31.0,91,100.40,0.00,135,0.00,29.2,43.2,29.6
2026-07-11 13:08:00,31.3,94,100.30,0.00,132,0.00,30.0,45.0,30.4
2026-07-11 13:23:00,31.5,93,100.30,0.00,129,0.00,30.0,45.0,30.4
2026-07-11 13:38:00,31.4,93,100.30,0.00,132,0.00,29.9,45.0,30.3
2026-07-11 13:53:00,31.4,94,100.30,0.00,126,0.00,30.1,45.0,30.5
2026-07-11 14:08:00,31.4,93,100.20,0.00,124,0.00,29.9,45.0,30.2
2026-07-11 14:23:00,31.3,94,100.20,0.00,121,0.00,30.1,45.0,30.4
2026-07-11 14:38:00,31.3,93,100.20,0.00,120,0.00,29.8,45.0,30.2
2026-07-11 14:53:00,31.2,94,100.20,0.00,126,0.00,30.0,45.0,30.3
2026-07-11 15:08:00,31.0,94,100.20,0.00,126,0.00,29.7,44.4,30.0
2026-07-11 15:23:00,30.8,94,100.20,0.00,129,0.00,29.6,43.5,29.9
2026-07-11 15:38:00,30.7,94,100.20,0.00,130,0.00,29.5,43.1,29.8
2026-07-11 15:53:00,30.6,94,100.10,0.00,129,0.00,29.4,42.6,29.7
2026-07-11 16:08:00,30.6,94,100.10,0.00,123,0.00,29.3,42.6,29.7
2026-07-11 16:23:00,30.6,95,100.10,0.00,127,0.00,29.5,43.0,29.8
2026-07-11 16:38:00,30.4,94,100.10,0.00,124,0.00,29.2,41.8,29.5
2026-07-11 16:53:00,30.5,95,100.10,0.00,132,0.00,29.4,42.6,29.7
2026-07-11 17:08:00,30.4,95,100.10,0.00,130,0.00,29.3,42.1,29.6
2026-07-11 17:23:00,30.4,95,100.10,0.00,126,0.00,29.3,42.1,29.6
2026-07-11 17:38:00,30.3,95,100.00,0.00,133,0.00,29.2,41.7,29.5
2026-07-11 17:53:00,30.2,96,100.00,0.00,130,0.00,29.3,41.6,29.5
2026-07-11 18:08:00,30.1,96,100.00,0.00,127,0.00,29.2,41.2,29.5
2026-07-11 18:23:00,30.0,96,100.00,0.00,129,0.00,29.1,40.8,29.3
2026-07-11 18:38:00,29.9,96,100.00,0.00,142,0.00,29.0,40.3,29.2
2026-07-11 18:53:00,29.9,96,100.00,0.00,132,0.00,29.0,40.3,29.2
2026-07-11 19:08:00,29.9,96,100.00,0.00,153,0.00,29.0,40.3,29.2
2026-07-11 19:23:00,29.9,96,99.90,0.00,141,0.00,29.0,40.3,29.2
2026-07-11 19:38:00,29.9,96,99.90,0.00,135,0.00,29.0,40.3,29.3
2026-07-11 19:53:00,29.9,96,99.90,0.00,144,0.00,29.0,40.3,29.2
2026-07-11 20:08:00,29.9,96,99.90,0.00,141,0.00,29.0,40.3,29.3
2026-07-11 20:23:00,30.1,96,99.90,0.00,130,0.00,29.2,41.2,29.4
2026-07-11 20:38:00,30.3,96,99.80,0.00,120,0.00,29.4,42.1,29.7
2026-07-11 20:53:00,30.3,94,99.80,0.00,127,0.00,29.0,41.3,29.3
2026-07-11 21:08:00,30.3,95,99.80,0.00,123,0.00,29.2,41.7,29.5
2026-07-11 21:23:00,30.4,95,99.80,0.00,124,0.00,29.3,42.1,29.6
2026-07-11 21:38:00,30.4,95,99.80,0.00,126,0.00,29.3,42.1,29.6
2026-07-11 21:53:00,30.3,95,99.70,0.00,126,0.00,29.2,41.7,29.5
2026-07-11 22:08:00,30.3,96,99.70,0.00,121,0.00,29.4,42.1,29.6
2026-07-11 22:23:00,30.2,95,99.70,0.00,126,0.00,29.1,41.3,29.4
2026-07-11 22:38:00,30.0,96,99.60,0.00,120,0.00,29.1,40.8,29.4
2026-07-11 22:53:00,30.0,97,99.60,0.00,120,0.00,29.3,41.1,29.5
2026-07-11 23:08:00,30.0,96,99.60,0.00,121,0.00,29.1,40.8,29.3
2026-07-11 23:23:00,29.7,94,99.50,0.00,121,0.00,28.5,38.8,28.8
2026-07-11 23:38:00,29.6,95,99.50,0.00,117,0.00,28.5,38.7,28.8
2026-07-11 23:53:00,29.5,94,99.50,0.00,121,0.00,28.3,38.0,28.6
2026-07-12 00:08:00,29.5,96,99.50,0.00,120,0.00,28.6,38.6,28.8
2026-07-12 00:23:00,29.6,97,99.50,0.00,126,0.00,28.8,39.4,29.0
2026-07-12 00:38:00,29.5,97,99.50,0.00,121,0.00,28.8,38.9,29.0
2026-07-12 00:53:00,29.5,97,99.40,0.00,124,0.00,28.8,38.9,29.0
2026-07-12 01:08:00,29.5,97,99.40,0.00,120,0.00,28.8,38.9,29.0
2026-07-12 01:23:00,29.5,97,99.40,0.00,126,0.00,28.8,38.9,29.0
2026-07-12 01:38:00,29.4,97,99.40,0.00,121,0.00,28.7,38.5,28.9
2026-07-12 01:53:00,29.4,97,99.40,0.00,123,0.00,28.7,38.5,28.9
2026-07-12 02:08:00,29.4,97,99.40,0.00,124,0.00,28.7,38.5,28.9
2026-07-12 02:23:00,29.4,97,99.30,0.00,124,0.00,28.7,38.5,28.9
2026-07-12 02:38:00,29.4,97,99.30,0.00,123,0.00,28.7,38.5,28.9
2026-07-12 02:53:00,29.4,97,99.30,0.00,126,0.00,28.7,38.5,28.9
2026-07-12 03:08:00,29.4,97,99.30,0.00,124,0.00,28.7,38.5,28.9
2026-07-12 03:23:00,29.4,97,99.20,0.00,124,0.00,28.6,38.5,28.8
2026-07-12 03:38:00,29.3,97,99.20,0.00,124,0.00,28.6,38.1,28.8
2026-07-12 03:53:00,29.3,97,99.20,0.00,126,0.00,28.6,38.1,28.8
2026-07-12 04:08:00,29.2,97,99.20,0.00,120,0.00,28.5,37.7,28.7
2026-07-12 04:23:00,29.3,97,99.20,0.00,123,0.00,28.6,38.1,28.8
2026-07-12 04:38:00,29.2,97,99.20,0.00,121,0.00,28.5,37.7,28.7
2026-07-12 04:53:00,29.3,97,99.20,0.00,121,0.00,28.5,38.1,28.8
2026-07-12 05:08:00,29.3,97,99.20,0.00,120,0.00,28.6,38.1,28.8
2026-07-12 05:23:00,29.3,97,99.20,0.00,126,0.00,28.6,38.1,28.8
2026-07-12 05:38:00,29.3,97,99.20,0.00,120,0.00,28.6,38.1,28.8
2026-07-12 05:53:00,29.3,97,99.20,0.00,117,0.00,28.6,38.1,28.8
2026-07-12 06:08:00,29.2,96,99.20,0.00,121,0.00,28.3,37.4,28.6
2026-07-12 06:23:00,29.3,97,99.30,0.00,124,0.00,28.6,38.1,28.8
2026-07-12 06:38:00,29.3,97,99.30,0.00,120,0.00,28.6,38.1,28.8
2026-07-12 06:53:00,29.3,97,99.30,0.00,120,0.00,28.6,38.1,28.8
2026-07-12 07:08:00,29.2,97,99.30,0.00,123,0.00,28.5,37.7,28.7
2026-07-12 07:23:00,29.3,97,99.30,0.00,121,0.00,28.6,38.1,28.8
2026-07-12 07:38:00,29.3,97,99.30,0.00,123,0.00,28.6,38.1,28.8
2026-07-12 07:53:00,29.4,97,99.40,0.00,120,0.00,28.7,38.5,28.9
2026-07-12 08:08:00,29.5,97,99.30,0.00,124,0.00,28.8,38.9,29.0
2026-07-12 08:23:00,29.8,96,99.30,0.00,124,0.00,28.9,39.9,29.1
2026-07-12 08:38:00,29.8,96,99.30,0.00,124,0.00,28.9,39.9,29.2
2026-07-12 08:53:00,29.7,96,99.30,0.00,121,0.00,28.8,39.5,29.1
2026-07-12 09:08:00,29.6,96,99.30,0.00,144,0.00,28.7,39.0,28.9
2026-07-12 09:23:00,29.5,96,99.30,0.00,148,0.00,28.6,38.6,28.8
2026-07-12 09:38:00,29.7,96,99.40,0.00,156,0.00,28.8,39.5,29.0
2026-07-12 09:53:00,30.0,96,99.40,0.00,150,0.00,29.1,40.8,29.3
2026-07-12 10:08:00,30.1,96,99.40,0.00,153,0.00,29.2,41.2,29.5
2026-07-12 10:23:00,29.9,96,99.40,0.00,160,0.00,29.0,40.3,29.3
2026-07-12 10:38:00,30.0,97,99.40,0.00,148,0.00,29.3,41.1,29.5
2026-07-12 10:53:00,30.3,96,99.40,0.00,153,0.00,29.4,42.1,29.6
2026-07-12 11:08:00,30.5,96,99.40,0.00,150,0.00,29.6,43.0,29.9
2026-07-12 11:23:00,30.5,95,99.50,0.00,151,0.00,29.4,42.6,29.7
2026-07-12 11:38:00,30.4,95,99.50,0.00,151,0.00,29.3,42.1,29.6
2026-07-12 11:53:00,30.4,95,99.50,0.00,150,0.00,29.3,42.1,29.6
2026-07-12 12:08:00,30.5,95,99.50,0.00,159,0.00,29.4,42.6,29.7
2026-07-12 12:23:00,30.6,95,99.40,0.00,147,0.00,29.6,43.0,29.8
2026-07-12 12:38:00,30.8,94,99.50,0.00,150,0.00,29.5,43.5,29.8
2026-07-12 12:53:00,31.0,93,99.50,0.00,151,0.00,29.6,44.0,29.9
2026-07-12 13:08:00,31.0,93,99.50,0.00,145,0.00,29.5,44.0,29.9
2026-07-12 13:23:00,31.3,94,99.50,0.00,129,0.00,30.0,45.0,30.4
2026-07-12 13:38:00,31.3,93,99.50,0.00,124,0.00,29.9,45.0,30.2
2026-07-12 13:53:00,31.4,91,99.50,0.00,126,0.00,29.6,44.9,30.0
2026-07-12 14:08:00,31.6,91,99.50,0.00,124,0.00,29.7,45.0,30.2
2026-07-12 14:23:00,31.6,90,99.50,0.00,121,0.00,29.6,45.0,30.1
2026-07-12 14:38:00,31.6,90,99.50,0.00,121,0.00,29.5,45.0,30.0
2026-07-12 14:53:00,31.5,90,99.50,0.00,124,0.00,29.5,44.9,30.0
2026-07-12 15:08:00,31.5,90,99.50,0.00,124,0.00,29.4,44.9,29.9
2026-07-12 15:23:00,31.1,93,99.50,0.00,135,0.00,29.6,44.5,30.0
2026-07-12 15:38:00,31.0,91,99.50,0.00,141,0.00,29.2,43.2,29.6
2026-07-12 15:53:00,31.0,93,99.60,0.00,145,0.00,29.5,44.0,29.9
2026-07-12 16:08:00,31.0,93,99.60,0.00,139,0.00,29.5,44.0,29.9
2026-07-12 16:23:00,30.9,93,99.60,0.00,141,0.00,29.4,43.6,29.8
2026-07-12 16:38:00,30.7,93,99.60,0.00,142,0.00,29.3,42.7,29.6
2026-07-12 16:53:00,30.6,94,99.60,0.00,141,0.00,29.4,42.6,29.7
2026-07-12 17:08:00,30.5,94,99.60,0.00,150,0.00,29.3,42.2,29.6
2026-07-12 17:23:00,30.4,95,99.70,0.00,147,0.00,29.4,42.1,29.6
2026-07-12 17:38:00,30.3,95,99.70,0.00,148,0.00,29.2,41.7,29.5
2026-07-12 17:53:00,30.3,95,99.70,0.00,150,0.00,29.2,41.7,29.5
2026-07-12 18:08:00,30.3,95,99.70,0.00,154,0.00,29.2,41.7,29.5
2026-07-12 18:23:00,30.2,95,99.70,0.00,163,0.00,29.1,41.3,29.4
2026-07-12 18:38:00,30.2,96,99.80,0.00,163,0.00,29.3,41.6,29.5
2026-07-12 18:53:00,30.1,97,99.80,0.00,165,0.00,29.4,41.6,29.6
2026-07-12 19:08:00,30.1,97,99.80,0.00,168,0.00,29.4,41.6,29.6
2026-07-12 19:23:00,30.1,97,99.80,0.00,159,0.00,29.4,41.6,29.6
2026-07-12 19:38:00,30.1,97,99.90,0.00,160,0.00,29.4,41.6,29.6
2026-07-12 19:53:00,30.0,97,99.90,0.00,172,0.00,29.3,41.1,29.5
2026-07-12 20:08:00,30.0,97,99.90,0.00,163,0.00,29.3,41.1,29.5
2026-07-12 20:23:00,30.0,97,99.90,0.00,160,0.00,29.3,41.1,29.5
2026-07-12 20:38:00,30.0,97,100.00,0.00,165,0.00,29.2,41.1,29.5
2026-07-12 20:53:00,29.9,97,100.00,0.00,160,0.00,29.2,40.7,29.4
2026-07-12 21:08:00,30.0,97,100.00,0.00,162,0.00,29.3,41.1,29.5
2026-07-12 21:23:00,29.9,97,100.00,0.00,156,0.00,29.2,40.7,29.4
2026-07-12 21:38:00,29.9,97,100.10,0.00,156,0.00,29.2,40.7,29.4
2026-07-12 21:53:00,29.8,97,100.10,0.00,159,0.00,29.1,40.2,29.3
2026-07-12 22:08:00,29.8,97,100.10,0.00,159,0.00,29.1,40.2,29.3
2026-07-12 22:23:00,29.8,97,100.10,0.00,162,0.00,29.1,40.2,29.3
2026-07-12 22:38:00,29.8,97,100.10,0.00,165,0.00,29.1,40.2,29.3
2026-07-12 22:53:00,29.8,97,100.10,0.00,159,0.00,29.1,40.2,29.3
2026-07-12 23:08:00,29.7,97,100.10,0.00,162,0.00,29.0,39.8,29.2
2026-07-12 23:23:00,29.6,97,100.10,0.00,162,0.00,28.9,39.4,29.1
2026-07-12 23:38:00,29.6,97,100.10,0.00,153,0.00,28.9,39.4,29.1
2026-07-12 23:53:00,29.7,97,100.10,0.00,133,0.00,29.0,39.8,29.2
2026-07-13 00:08:00,29.6,97,100.10,0.00,138,0.00,28.9,39.4,29.1
2026-07-13 00:23:00,29.6,97,100.10,0.00,135,0.00,28.9,39.4,29.1
2026-07-13 00:38:00,29.6,97,100.10,0.00,130,0.00,28.9,39.4,29.1
2026-07-13 00:53:00,29.6,97,100.10,0.00,133,0.00,28.9,39.4,29.1
2026-07-13 01:08:00,29.7,97,100.10,0.00,129,0.00,29.0,39.8,29.2
2026-07-13 01:23:00,29.7,97,100.10,0.00,127,0.00,29.0,39.8,29.2
2026-07-13 01:38:00,29.7,97,100.10,0.00,129,0.00,29.0,39.8,29.2
2026-07-13 01:53:00,29.7,97,100.10,0.00,132,0.00,28.9,39.8,29.1
2026-07-13 02:08:00,29.7,97,100.10,0.00,129,0.00,28.9,39.8,29.1
2026-07-13 02:23:00,29.6,97,100.10,0.00,135,0.00,28.9,39.4,29.1
2026-07-13 02:38:00,29.6,97,100.10,0.00,132,0.00,28.9,39.4,29.1
2026-07-13 02:53:00,29.6,97,100.10,0.00,132,0.00,28.9,39.4,29.1
2026-07-13 03:08:00,29.6,97,100.10,0.00,126,0.00,28.9,39.4,29.1
2026-07-13 03:23:00,29.6,97,100.10,0.00,132,0.00,28.9,39.4,29.1
2026-07-13 03:38:00,29.6,97,100.10,0.00,130,0.00,28.9,39.4,29.1
2026-07-13 03:53:00,29.6,97,100.10,0.00,127,0.00,28.8,39.4,29.0
2026-07-13 04:08:00,29.6,97,100.10,0.00,129,0.00,28.9,39.4,29.1
2026-07-13 04:23:00,29.5,97,100.10,0.00,126,0.00,28.8,38.9,29.0
2026-07-13 04:38:00,29.5,97,100.10,0.00,127,0.00,28.8,38.9,29.0
2026-07-13 04:53:00,29.6,97,100.10,0.00,124,0.00,28.9,39.4,29.1
2026-07-13 05:08:00,29.6,97,100.10,0.00,127,0.00,28.9,39.4,29.1
2026-07-13 05:23:00,29.6,97,100.10,0.00,124,0.00,28.9,39.4,29.1
2026-07-13 05:38:00,29.7,97,100.10,0.00,126,0.00,29.0,39.8,29.2
2026-07-13 05:53:00,29.9,97,100.10,0.00,124,0.00,29.2,40.7,29.4
2026-07-13 06:08:00,30.1,97,100.10,0.00,127,0.00,29.4,41.6,29.6
2026-07-13 06:23:00,30.3,97,100.10,0.00,127,0.00,29.6,42.5,29.8
2026-07-13 06:38:00,30.5,96,100.10,0.00,129,0.00,29.6,43.0,29.9
2026-07-13 06:53:00,30.7,95,100.10,0.00,123,0.00,29.6,43.5,29.9
2026-07-13 07:08:00,30.8,95,100.10,0.00,121,0.00,29.8,43.9,30.0
2026-07-13 07:23:00,31.0,94,100.10,0.00,121,0.00,29.7,44.4,30.0
2026-07-13 07:38:00,31.2,94,100.20,0.00,123,0.00,29.9,45.0,30.2
2026-07-13 07:53:00,31.3,93,100.20,0.00,126,0.00,29.8,45.0,30.2
2026-07-13 08:08:00,31.3,91,100.20,0.00,127,0.00,29.5,44.5,29.9
2026-07-13 08:23:00,31.4,91,100.20,0.00,132,0.00,29.6,44.9,30.0
2026-07-13 08:38:00,31.6,90,100.20,0.00,133,0.00,29.6,45.0,30.0
2026-07-13 08:53:00,31.8,90,100.20,1.00,133,0.00,29.7,45.0,30.2
2026-07-13 09:08:00,32.0,90,100.20,0.00,139,0.00,29.9,45.0,30.4
2026-07-13 09:23:00,32.3,90,100.20,0.00,141,0.00,30.0,45.0,30.5
2026-07-13 09:38:00,32.3,88,100.20,0.00,130,0.00,29.9,45.0,30.4
2026-07-13 09:53:00,32.6,88,100.20,0.00,127,0.00,30.0,45.0,30.6
2026-07-13 10:08:00,33.1,86,100.20,0.00,126,0.00,30.0,45.0,30.7
2026-07-13 10:23:00,33.0,85,100.20,0.00,130,0.00,29.7,45.0,30.5
2026-07-13 10:38:00,33.5,85,100.20,0.00,135,0.00,30.2,45.0,31.0
2026-07-13 10:53:00,33.7,84,100.20,0.00,135,0.00,30.2,45.0,31.0
2026-07-13 11:08:00,33.6,83,100.20,0.00,132,0.00,29.9,45.0,30.8
2026-07-13 11:23:00,33.7,82,100.20,0.00,129,0.00,29.8,45.0,30.7
2026-07-13 11:38:00,33.6,82,100.20,0.00,127,0.00,29.6,45.0,30.6
2026-07-13 11:53:00,33.7,83,100.20,0.00,136,0.00,29.9,45.0,30.8
2026-07-13 12:08:00,34.0,84,100.20,0.00,126,0.00,30.5,45.0,31.3
2026-07-13 12:23:00,34.1,82,100.20,0.00,132,0.00,30.1,45.0,31.1
2026-07-13 12:38:00,34.1,79,100.20,0.00,120,0.00,29.5,45.0,30.6
2026-07-13 12:53:00,34.4,78,100.20,0.00,124,0.00,29.5,45.0,30.7
2026-07-13 13:08:00,34.0,81,100.10,0.00,121,0.00,29.8,45.0,30.8
2026-07-13 13:23:00,34.6,82,100.10,0.00,133,0.00,30.6,45.0,31.5
2026-07-13 13:38:00,34.7,81,100.10,0.00,121,0.00,30.5,45.0,31.5
2026-07-13 13:53:00,34.5,82,100.20,0.00,130,0.00,30.5,45.0,31.4
2026-07-13 14:08:00,34.1,83,100.20,0.00,120,0.00,30.4,45.0,31.3
2026-07-13 14:23:00,34.1,84,100.20,0.00,130,0.00,30.6,45.0,31.4
2026-07-13 14:38:00,34.2,84,100.10,0.00,120,0.00,30.6,45.0,31.5
2026-07-13 14:53:00,34.0,84,100.10,0.00,130,0.00,30.5,45.0,31.3
2026-07-13 15:08:00,33.8,85,100.10,0.00,132,0.00,30.5,45.0,31.3
2026-07-13 15:38:00,33.9,87,100.20,0.00,121,0.00,31.0,45.0,31.6
2026-07-13 15:53:00,34.0,87,100.10,0.00,117,0.00,31.1,45.0,31.8
2026-07-13 16:08:00,33.8,85,100.20,0.00,129,0.00,30.5,45.0,31.3
2026-07-13 16:23:00,33.8,87,100.10,0.00,120,0.00,30.9,45.0,31.5
2026-07-13 16:38:00,33.7,87,100.20,0.00,127,0.00,30.9,45.0,31.5
2026-07-13 16:53:00,33.7,87,100.20,0.00,121,0.00,30.9,45.0,31.5
2026-07-13 17:08:00,33.4,87,100.20,0.00,124,0.00,30.5,45.0,31.2
2026-07-13 17:23:00,32.9,90,100.20,0.00,135,0.00,30.6,45.0,31.1
2026-07-13 17:38:00,32.4,92,100.20,0.00,147,0.00,30.5,45.0,31.0
2026-07-13 17:53:00,31.7,94,100.20,0.00,150,1.50,30.5,45.0,30.8
2026-07-13 18:08:00,31.7,96,100.20,0.00,147,1.40,30.8,45.0,31.1
2026-07-13 18:23:00,31.7,96,100.20,0.00,135,1.20,30.8,45.0,31.1
2026-07-13 18:38:00,31.8,95,100.30,0.00,144,1.60,30.7,45.0,31.0
2026-07-13 18:53:00,31.5,95,100.30,0.00,150,1.60,30.4,45.0,30.7
2026-07-13 19:08:00,31.1,96,100.30,0.00,150,1.80,30.2,45.0,30.4
2026-07-13 19:23:00,31.0,96,100.30,0.00,154,1.90,30.1,45.0,30.3
2026-07-13 19:38:00,31.0,96,100.30,0.00,145,2.10,30.1,45.0,30.4
2026-07-13 19:53:00,31.0,96,100.30,0.00,144,2.30,30.1,45.0,30.4
2026-07-13 20:08:00,31.0,96,100.30,0.00,135,2.30,30.1,45.0,30.4
2026-07-13 20:23:00,30.9,95,100.30,0.00,126,2.30,29.8,44.4,30.1
2026-07-13 20:38:00,30.8,91,100.40,0.00,132,2.30,28.9,42.3,29.4
2026-07-13 20:53:00,30.8,91,100.40,0.00,130,2.30,29.0,42.3,29.4
2026-07-13 21:08:00,30.9,93,100.40,0.00,136,1.70,29.5,43.6,29.8
2026-07-13 21:23:00,31.0,94,100.40,0.00,133,1.70,29.7,44.4,30.0
2026-07-13 21:38:00,30.8,94,100.40,0.00,129,1.60,29.5,43.5,29.9
2026-07-13 21:53:00,31.1,93,100.40,0.00,144,1.50,29.6,44.5,30.0
2026-07-13 22:08:00,31.1,93,100.40,0.00,139,0.60,29.6,44.5,30.0
2026-07-13 22:23:00,31.0,93,100.40,1.00,205,1.40,29.6,44.0,30.0
2026-07-13 22:38:00,30.9,94,100.50,0.00,142,1.80,29.7,44.0,30.0
2026-07-13 22:53:00,30.8,94,100.50,0.00,132,1.70,29.6,43.5,29.9
2026-07-13 23:08:00,30.8,94,100.50,0.00,130,1.90,29.5,43.5,29.9
2026-07-13 23:23:00,30.8,94,100.50,0.00,130,2.20,29.5,43.5,29.8
2026-07-13 23:38:00,30.7,94,100.50,0.00,133,2.20,29.5,43.1,29.8
2026-07-13 23:53:00,30.7,94,100.50,0.00,133,2.20,29.4,43.1,29.7
2026-07-14 00:08:00,30.6,94,100.40,0.00,130,2.20,29.4,42.6,29.7
2026-07-14 00:23:00,30.6,94,100.50,0.00,130,1.90,29.3,42.6,29.7
2026-07-14 00:38:00,30.6,94,100.50,0.00,129,1.90,29.3,42.6,29.6
2026-07-14 00:53:00,30.5,94,100.50,0.00,130,1.00,29.3,42.2,29.6
2026-07-14 01:08:00,30.5,94,100.40,0.00,130,0.20,29.3,42.2,29.6
2026-07-14 01:23:00,30.5,94,100.40,0.00,130,1.70,29.2,42.2,29.5
2026-07-14 01:38:00,30.5,94,100.40,0.00,130,1.40,29.2,42.2,29.5
2026-07-14 01:53:00,30.4,95,100.40,0.00,126,1.70,29.4,42.1,29.6
2026-07-14 02:08:00,30.4,94,100.40,0.00,127,1.80,29.1,41.8,29.5
2026-07-14 02:23:00,30.4,95,100.40,0.00,130,1.50,29.3,42.1,29.6
2026-07-14 02:38:00,30.3,95,100.40,0.00,126,1.20,29.3,41.7,29.5
2026-07-14 02:53:00,30.3,94,100.40,0.00,127,0.90,29.0,41.3,29.3
2026-07-14 03:08:00,30.2,94,100.40,0.00,126,1.00,29.0,40.9,29.3
2026-07-14 03:23:00,30.2,94,100.40,0.00,126,0.00,28.9,40.9,29.2
2026-07-14 03:38:00,30.2,94,100.40,0.00,126,0.50,29.0,40.9,29.3
2026-07-14 03:53:00,30.2,94,100.40,0.00,126,0.00,28.9,40.9,29.2
2026-07-14 04:08:00,30.2,94,100.40,0.00,127,0.00,28.9,40.9,29.2
2026-07-14 04:23:00,30.1,94,100.40,0.00,124,0.00,28.9,40.5,29.2
2026-07-14 04:38:00,30.1,94,100.40,0.00,127,0.00,28.8,40.5,29.1
2026-07-14 04:53:00,30.1,94,100.40,0.00,127,0.00,28.8,40.5,29.1
2026-07-14 05:08:00,30.1,92,100.40,0.00,126,0.00,28.5,39.8,28.9
2026-07-14 05:23:00,30.1,94,100.50,0.00,129,0.00,28.8,40.5,29.2
2026-07-14 05:38:00,30.1,94,100.50,0.00,127,0.00,28.8,40.5,29.1
2026-07-14 05:53:00,30.2,94,100.50,0.00,127,0.10,28.9,40.9,29.2
2026-07-14 06:08:00,30.3,92,100.50,0.00,124,0.00,28.6,40.6,29.0
2026-07-14 06:23:00,30.5,92,100.50,0.00,124,0.00,28.8,41.4,29.2
2026-07-14 06:38:00,30.7,92,100.50,0.00,123,0.00,29.1,42.3,29.5
2026-07-14 06:53:00,31.0,90,100.60,0.00,123,0.00,28.9,42.8,29.4
2026-07-14 07:08:00,31.2,90,100.50,0.00,127,0.00,29.1,43.6,29.6
2026-07-14 07:23:00,31.3,89,100.60,0.00,126,0.00,29.1,43.6,29.6
2026-07-14 07:38:00,31.4,89,100.60,0.00,124,0.00,29.2,44.0,29.7
2026-07-14 07:53:00,31.5,88,100.60,0.00,126,0.00,29.1,44.0,29.7
2026-07-14 08:08:00,31.6,88,100.60,0.00,124,0.00,29.2,44.4,29.8
2026-07-14 08:23:00,31.9,87,100.60,0.00,123,0.00,29.2,45.0,29.9
2026-07-14 08:38:00,31.9,87,100.60,0.00,127,0.00,29.2,45.0,29.9
2026-07-14 08:53:00,32.2,87,100.60,0.00,130,0.00,29.5,45.0,30.2
2026-07-14 09:08:00,32.7,86,100.60,0.00,127,0.00,29.6,45.0,30.3
2026-07-14 09:23:00,33.4,84,100.60,0.00,127,0.00,29.9,45.0,30.7
2026-07-14 09:38:00,33.5,82,100.60,0.00,127,0.00,29.5,45.0,30.4
2026-07-14 09:53:00,33.5,82,100.60,0.00,129,0.00,29.6,45.0,30.5
2026-07-14 10:08:00,34.0,80,100.60,0.00,124,0.00,29.6,45.0,30.6
2026-07-14 10:23:00,34.1,79,100.60,0.00,123,0.00,29.5,45.0,30.6
2026-07-14 10:38:00,34.0,78,100.60,0.00,126,0.00,29.2,45.0,30.3
2026-07-14 10:53:00,34.4,78,100.60,0.00,127,0.00,29.5,45.0,30.7
2026-07-14 11:08:00,34.7,78,100.60,0.00,123,0.00,29.8,45.0,31.0
2026-07-14 11:23:00,35.1,77,100.50,0.00,124,0.00,29.9,45.0,31.1
2026-07-14 11:38:00,35.1,75,100.50,0.00,123,0.00,29.5,45.0,30.8
2026-07-14 11:53:00,35.8,73,100.50,0.00,120,0.00,29.7,45.0,31.1
2026-07-14 12:08:00,36.3,73,100.50,0.00,120,0.00,30.2,45.0,31.7
2026-07-14 12:23:00,36.3,72,100.50,0.00,117,0.00,29.9,45.0,31.5
2026-07-14 12:38:00,36.7,73,100.50,0.00,118,0.00,30.5,45.0,32.0
2026-07-14 12:53:00,36.6,72,100.50,0.00,121,0.00,30.2,45.0,31.7
2026-07-14 13:08:00,36.9,71,100.50,0.00,115,0.00,30.2,45.0,31.8
2026-07-14 13:23:00,36.7,70,100.50,0.00,118,0.00,29.8,45.0,31.5
2026-07-14 13:38:00,36.4,72,100.50,0.00,120,0.00,30.0,45.0,31.5
2026-07-14 13:53:00,36.2,74,100.50,0.00,121,0.00,30.3,45.0,31.7
2026-07-14 14:08:00,36.1,72,100.50,0.00,117,0.00,29.7,45.0,31.2
2026-07-14 14:23:00,36.7,74,100.40,0.00,117,0.00,30.8,45.0,32.1
2026-07-14 14:38:00,36.8,72,100.40,0.00,117,0.00,30.4,45.0,31.9
2026-07-14 14:53:00,36.7,71,100.40,0.00,117,0.00,30.1,45.0,31.7
2026-07-14 15:08:00,36.6,72,100.40,0.00,117,0.00,30.2,45.0,31.7
2026-07-14 15:23:00,36.4,73,100.40,0.00,117,0.00,30.2,45.0,31.7
2026-07-14 15:38:00,36.5,74,100.40,0.00,115,0.00,30.6,45.0,32.0
2026-07-14 15:53:00,36.5,74,100.40,0.00,117,0.00,30.6,45.0,32.0
2026-07-14 16:08:00,36.6,74,100.40,0.00,120,0.00,30.7,45.0,32.1
2026-07-14 16:23:00,36.5,74,100.40,0.00,120,0.00,30.6,45.0,32.0
2026-07-14 16:38:00,36.2,76,100.40,0.00,121,0.00,30.8,45.0,32.1
2026-07-14 16:53:00,35.9,74,100.40,0.00,117,0.00,30.0,45.0,31.4
2026-07-14 17:08:00,35.7,76,100.40,0.00,118,0.00,30.3,45.0,31.6
2026-07-14 17:23:00,35.1,75,100.40,0.00,120,0.00,29.5,45.0,30.8
2026-07-14 17:38:00,35.0,76,100.40,0.00,117,0.00,29.6,45.0,30.9
2026-07-14 17:53:00,34.8,79,100.40,0.00,121,0.00,30.2,45.0,31.2
2026-07-14 18:08:00,34.5,79,100.40,0.00,120,0.00,29.8,45.0,30.9
2026-07-14 18:23:00,34.2,82,100.40,0.00,117,0.00,30.3,45.0,31.2
2026-07-14 18:38:00,33.6,82,100.40,0.00,117,0.00,29.6,45.0,30.6
2026-07-14 18:53:00,32.8,83,100.40,0.00,121,0.00,29.1,45.0,30.0
2026-07-14 19:08:00,32.6,88,100.40,0.00,124,0.00,30.0,45.0,30.6
2026-07-14 19:23:00,32.7,90,100.40,0.00,129,0.00,30.6,45.0,31.1
2026-07-14 19:38:00,32.6,94,100.40,0.00,127,0.00,31.1,45.0,31.5
2026-07-14 19:53:00,32.6,94,100.40,0.00,132,0.00,31.1,45.0,31.5
2026-07-14 20:08:00,32.4,94,100.50,0.00,129,0.00,30.9,45.0,31.2
2026-07-14 20:23:00,32.2,94,100.50,0.00,129,0.00,30.9,45.0,31.3
2026-07-14 20:38:00,32.3,92,100.50,0.00,135,0.00,30.4,45.0,30.9
2026-07-14 20:53:00,32.2,94,100.50,0.00,133,0.00,30.9,45.0,31.3
2026-07-14 21:08:00,32.1,93,100.50,0.00,130,0.00,30.6,45.0,31.0
2026-07-14 21:23:00,31.9,94,100.50,0.00,135,0.00,30.6,45.0,30.9
2026-07-14 21:38:00,31.6,95,100.50,0.00,145,0.00,30.5,45.0,30.8
2026-07-14 21:53:00,31.5,96,100.50,0.00,151,0.00,30.6,45.0,30.8
2026-07-14 22:08:00,31.4,97,100.50,0.00,153,0.00,30.7,45.0,30.9
2026-07-14 22:23:00,31.3,97,100.50,0.00,148,0.00,30.6,45.0,30.8
2026-07-14 22:38:00,31.3,97,100.50,0.00,157,0.00,30.5,45.0,30.8
2026-07-14 22:53:00,31.3,97,100.50,0.00,151,0.00,30.5,45.0,30.7
2026-07-14 23:08:00,31.2,97,100.50,0.00,156,0.00,30.5,45.0,30.7
2026-07-14 23:23:00,31.2,97,100.50,0.00,165,0.00,30.5,45.0,30.7
2026-07-14 23:38:00,31.2,99,100.50,0.00,159,0.00,30.8,45.0,31.0
2026-07-14 23:53:00,31.2,97,100.50,0.00,153,0.00,30.4,45.0,30.6
2026-07-15 00:08:00,31.2,97,100.50,0.00,166,0.00,30.4,45.0,30.6
2026-07-15 00:23:00,31.1,99,100.50,0.00,168,0.00,30.8,45.0,30.9
2026-07-15 00:38:00,31.2,99,100.50,0.00,157,0.00,30.8,45.0,31.0
2026-07-15 00:53:00,31.2,97,100.50,0.00,157,0.00,30.5,45.0,30.7
2026-07-15 01:08:00,31.2,99,100.50,0.00,163,0.00,30.8,45.0,31.0
2026-07-15 01:23:00,31.1,99,100.50,0.00,165,0.00,30.8,45.0,30.9
2026-07-15 01:38:00,31.1,99,100.50,0.00,163,0.00,30.8,45.0,30.9
2026-07-15 01:53:00,31.1,99,100.40,0.00,159,0.00,30.7,45.0,30.9
2026-07-15 02:08:00,31.1,97,100.40,0.00,159,0.00,30.3,45.0,30.5
2026-07-15 02:23:00,31.0,97,100.40,0.00,148,0.00,30.3,45.0,30.5
2026-07-15 02:38:00,31.0,97,100.40,0.00,157,0.00,30.3,45.0,30.5
2026-07-15 02:53:00,31.0,99,100.50,0.00,153,0.00,30.6,45.0,30.8
2026-07-15 03:08:00,31.0,97,100.50,0.00,148,0.00,30.3,45.0,30.5
2026-07-15 03:23:00,31.0,97,100.50,0.00,154,0.00,30.3,45.0,30.5
2026-07-15 03:38:00,31.0,97,100.50,0.00,153,0.00,30.3,45.0,30.5
2026-07-15 03:53:00,31.0,97,100.50,0.00,150,0.00,30.3,45.0,30.5
2026-07-15 04:08:00,31.0,96,100.50,0.00,144,0.00,30.1,45.0,30.4
2026-07-15 04:23:00,31.0,96,100.50,0.00,145,0.00,30.1,45.0,30.3
2026-07-15 04:38:00,31.0,96,100.50,0.00,144,0.00,30.1,45.0,30.3
2026-07-15 04:53:00,31.0,96,100.50,0.00,145,0.00,30.1,45.0,30.3
2026-07-15 05:08:00,30.9,96,100.50,0.00,136,0.00,30.0,44.8,30.3
2026-07-15 05:23:00,30.9,95,100.50,0.00,135,0.00,29.8,44.4,30.1
2026-07-15 05:38:00,30.9,95,100.50,0.00,133,0.00,29.8,44.4,30.1
2026-07-15 05:53:00,31.0,94,100.50,0.00,132,0.00,29.7,44.4,30.0
2026-07-15 06:08:00,31.2,95,100.50,0.00,130,0.00,30.1,45.0,30.3
2026-07-15 06:23:00,31.4,93,100.50,0.00,135,0.00,29.9,45.0,30.3
2026-07-15 06:38:00,31.6,94,100.50,0.00,133,0.00,30.3,45.0,30.6
2026-07-15 06:53:00,31.8,93,100.50,0.00,124,0.00,30.3,45.0,30.7
2026-07-15 07:08:00,32.0,90,100.50,0.00,124,0.00,29.9,45.0,30.4
2026-07-15 07:23:00,32.2,90,100.50,0.00,124,0.00,30.1,45.0,30.6
2026-07-15 07:38:00,32.4,88,100.60,0.00,123,0.00,29.9,45.0,30.5
2026-07-15 07:53:00,32.6,84,100.50,0.00,126,0.00,29.3,45.0,30.1
2026-07-15 08:08:00,32.9,85,100.50,0.00,123,0.00,29.6,45.0,30.4
2026-07-15 08:23:00,33.3,85,100.60,0.00,126,0.00,30.0,45.0,30.8
2026-07-15 08:38:00,33.6,85,100.50,0.00,126,0.00,30.3,45.0,31.1
2026-07-15 08:53:00,34.0,82,100.50,0.00,120,0.00,30.0,45.0,30.9
2026-07-15 09:08:00,34.3,81,100.50,0.00,124,0.00,30.1,45.0,31.1
2026-07-15 09:23:00,34.6,79,100.50,0.00,124,0.00,29.9,45.0,31.0
2026-07-15 09:38:00,34.9,77,100.50,0.00,120,0.00,29.8,45.0,31.0
2026-07-15 09:53:00,34.8,76,100.50,0.00,124,0.00,29.5,45.0,30.8
2026-07-15 10:08:00,35.4,82,100.50,0.00,118,0.00,31.4,45.0,32.3
2026-07-15 10:23:00,35.9,73,100.50,0.00,120,0.00,29.7,45.0,31.2
2026-07-15 10:38:00,36.6,73,100.50,0.00,120,0.00,30.5,45.0,31.9
2026-07-15 10:53:00,36.4,70,100.50,0.00,117,0.00,29.6,45.0,31.2
2026-07-15 11:08:00,36.7,72,100.50,0.00,121,0.00,30.3,45.0,31.9
2026-07-15 11:23:00,37.2,70,100.50,0.00,117,0.00,30.2,45.0,31.9
2026-07-15 11:38:00,37.4,66,100.50,0.00,118,0.00,29.4,45.0,31.4
2026-07-15 11:53:00,37.4,68,100.50,0.00,115,0.00,29.7,45.0,31.6
2026-07-15 12:08:00,37.4,68,100.50,0.00,112,0.00,29.6,45.0,31.5
2026-07-15 12:23:00,37.3,68,100.50,0.00,115,0.00,29.9,45.0,31.7
2026-07-15 12:38:00,37.5,70,100.40,0.00,120,0.00,30.3,45.0,32.0
2026-07-15 12:53:00,37.5,68,100.40,0.00,120,0.00,30.1,45.0,31.9
2026-07-15 13:08:00,37.7,66,100.40,0.00,117,0.00,29.7,45.0,31.6
2026-07-15 13:23:00,38.0,66,100.40,0.00,114,0.00,29.7,45.0,31.7
2026-07-15 13:38:00,37.8,64,100.40,0.00,121,0.00,29.0,45.0,31.2
2026-07-15 13:53:00,38.1,65,100.40,0.00,120,0.00,29.5,45.0,31.6
2026-07-15 14:08:00,38.1,64,100.40,0.00,120,0.00,29.2,45.0,31.4
2026-07-15 14:23:00,37.9,63,100.40,0.00,121,0.00,28.8,45.0,31.1
2026-07-15 14:38:00,38.0,63,100.30,0.00,120,0.00,28.8,45.0,31.2
2026-07-15 14:53:00,37.5,64,100.30,0.00,118,0.00,28.7,45.0,30.9
2026-07-15 15:08:00,37.6,66,100.30,0.00,115,0.00,29.3,45.0,31.4
2026-07-15 15:23:00,37.1,63,100.30,0.00,114,0.00,28.3,45.0,30.6
2026-07-15 15:38:00,37.1,63,100.30,0.00,112,0.00,28.3,45.0,30.6
2026-07-15 15:53:00,37.0,63,100.30,0.00,112,0.00,28.2,45.0,30.5
2026-07-15 16:08:00,37.0,66,100.30,0.00,118,0.00,29.1,45.0,31.0
2026-07-15 16:23:00,37.1,63,100.30,0.00,112,0.00,28.3,45.0,30.6
2026-07-15 16:38:00,37.0,62,100.30,0.00,114,0.00,27.9,45.0,30.3
2026-07-15 16:53:00,37.0,62,100.30,0.00,114,0.00,28.0,45.0,30.3
2026-07-15 17:08:00,37.2,61,100.30,0.00,118,0.00,27.8,45.0,30.3
2026-07-15 17:23:00,37.2,61,100.30,0.00,117,0.00,27.8,45.0,30.2
2026-07-15 17:38:00,36.9,61,100.30,0.00,118,0.00,27.6,45.0,30.0
2026-07-15 17:53:00,36.7,63,100.30,0.00,112,0.00,27.9,45.0,30.2
2026-07-15 18:08:00,36.5,65,100.30,0.00,114,0.00,28.3,45.0,30.4
2026-07-15 18:23:00,36.3,66,100.30,0.00,111,0.00,28.4,45.0,30.4
2026-07-15 18:38:00,35.5,66,100.30,0.00,117,0.00,27.6,45.0,29.7
2026-07-15 18:53:00,34.5,69,100.30,0.00,112,0.00,27.4,45.0,29.3
2026-07-15 19:08:00,34.2,72,100.40,0.00,120,0.00,27.9,45.0,29.5
2026-07-15 19:23:00,33.9,75,100.40,0.00,114,0.00,28.3,45.0,29.7
2026-07-15 19:38:00,33.4,69,100.40,0.00,111,0.00,26.4,42.2,28.2
2026-07-15 19:53:00,35.1,58,100.40,0.00,115,0.00,25.0,42.4,27.8
2026-07-15 20:08:00,34.9,71,100.40,0.00,118,0.00,28.3,45.0,30.0
2026-07-15 20:23:00,35.1,70,100.40,0.00,120,0.00,28.3,45.0,30.0
2026-07-15 20:38:00,34.3,73,100.40,0.00,120,0.00,28.3,45.0,29.8
2026-07-15 20:53:00,33.9,78,100.40,0.00,120,0.00,29.1,45.0,30.2
2026-07-15 21:08:00,33.9,81,100.50,0.00,120,0.00,29.7,45.0,30.7
2026-07-15 21:23:00,33.9,81,100.40,0.00,121,0.00,29.7,45.0,30.7
2026-07-15 21:38:00,34.1,82,100.40,0.00,115,0.00,30.1,45.0,31.0
2026-07-15 21:53:00,34.3,78,100.40,0.00,115,0.00,29.4,45.0,30.6
2026-07-15 22:08:00,34.2,78,100.40,0.00,114,0.00,29.4,45.0,30.5
2026-07-15 22:23:00,34.1,79,100.40,0.00,115,0.00,29.4,45.0,30.5
2026-07-15 22:38:00,34.0,83,100.40,0.00,121,0.00,30.2,45.0,31.1
2026-07-15 22:53:00,33.8,84,100.40,0.00,117,0.00,30.3,45.0,31.1
2026-07-15 23:08:00,33.6,83,100.40,0.00,118,0.00,29.9,45.0,30.7
2026-07-15 23:23:00,33.4,84,100.40,0.00,121,0.00,29.9,45.0,30.7
2026-07-15 23:38:00,33.3,86,100.40,0.00,123,0.00,30.2,45.0,30.9
2026-07-15 23:53:00,33.1,89,100.40,0.00,121,0.00,30.6,45.0,31.2
2026-07-16 00:08:00,33.0,90,100.40,0.00,124,0.00,30.8,45.0,31.3
2026-07-16 00:23:00,33.0,90,100.40,0.00,124,0.00,30.8,45.0,31.3
2026-07-16 00:38:00,33.1,91,100.40,0.00,118,0.00,31.0,45.0,31.5
2026-07-16 00:53:00,33.1,90,100.40,0.00,118,0.00,30.8,45.0,31.4
2026-07-16 01:08:00,33.0,89,100.40,0.00,118,0.00,30.6,45.0,31.1
2026-07-16 01:23:00,33.0,91,100.40,0.00,124,0.00,30.9,45.0,31.4
2026-07-16 01:38:00,33.0,91,100.40,0.00,124,0.00,30.9,45.0,31.4
2026-07-16 01:53:00,32.9,91,100.40,0.00,124,0.00,30.8,45.0,31.3
2026-07-16 02:08:00,32.8,91,100.40,0.00,120,0.00,30.8,45.0,31.2
2026-07-16 02:23:00,32.8,92,100.40,0.00,120,0.00,30.9,45.0,31.4
2026-07-16 02:38:00,32.7,92,100.40,0.00,123,0.00,30.8,45.0,31.2
2026-07-16 02:53:00,32.6,92,100.40,0.00,121,0.00,30.7,45.0,31.2
2026-07-16 03:08:00,32.6,94,100.40,0.00,121,0.00,31.2,45.0,31.5
2026-07-16 03:23:00,32.6,92,100.40,0.00,123,0.00,30.8,45.0,31.2
2026-07-16 03:38:00,32.6,94,100.40,0.00,127,0.00,31.1,45.0,31.5
2026-07-16 03:53:00,32.6,94,100.40,0.00,121,0.00,31.1,45.0,31.5
2026-07-16 04:08:00,32.6,94,100.40,0.00,126,0.00,31.1,45.0,31.4
2026-07-16 04:23:00,32.6,94,100.40,0.00,126,0.00,31.1,45.0,31.4
2026-07-16 04:38:00,32.6,94,100.40,0.00,127,0.00,31.1,45.0,31.4
2026-07-16 04:53:00,32.5,94,100.40,0.00,127,0.00,31.0,45.0,31.4
2026-07-16 05:08:00,32.5,94,100.40,0.00,123,0.00,31.0,45.0,31.4
2026-07-16 05:23:00,32.4,94,100.40,0.00,127,0.00,30.9,45.0,31.3
2026-07-16 05:38:00,32.5,94,100.40,0.00,124,0.00,31.0,45.0,31.4
2026-07-16 05:53:00,32.5,94,100.40,0.00,127,0.00,31.0,45.0,31.4
2026-07-16 06:08:00,32.6,94,100.40,0.00,124,0.00,31.2,45.0,31.5
2026-07-16 06:23:00,32.8,94,100.40,0.00,127,0.00,31.3,45.0,31.7
2026-07-16 06:38:00,33.0,92,100.40,0.00,127,0.00,31.1,45.0,31.6
2026-07-16 06:53:00,33.2,90,100.40,0.00,117,0.00,30.9,45.0,31.4
2026-07-16 07:08:00,33.4,89,100.40,0.00,120,0.00,31.0,45.0,31.5
2026-07-16 07:23:00,33.6,88,100.40,0.00,121,0.00,31.0,45.0,31.6
2026-07-16 07:38:00,33.8,84,100.40,0.00,123,0.00,30.3,45.0,31.1
2026-07-16 07:53:00,34.1,84,100.50,0.00,117,0.00,30.6,45.0,31.4
2026-07-16 08:08:00,34.4,81,100.50,0.00,117,0.00,30.2,45.0,31.2
2026-07-16 08:23:00,34.7,76,100.50,0.00,121,0.00,29.4,45.0,30.7
2026-07-16 08:38:00,34.5,73,100.50,0.00,121,0.00,28.4,45.0,29.9
2026-07-16 08:53:00,34.5,75,100.50,0.00,115,0.00,28.9,45.0,30.3
2026-07-16 09:08:00,34.4,75,100.50,0.00,114,0.00,28.9,45.0,30.2
2026-07-16 09:23:00,34.9,77,100.50,0.00,120,0.00,29.8,45.0,31.0
2026-07-16 09:38:00,35.1,71,100.50,0.00,121,0.00,28.5,45.0,30.1
2026-07-16 09:53:00,34.6,76,100.50,0.00,118,0.00,29.2,45.0,30.5
2026-07-16 10:08:00,35.4,73,100.50,0.00,121,0.00,29.4,45.0,30.8
2026-07-16 10:23:00,33.6,69,100.40,0.00,121,0.00,26.6,42.8,28.4
2026-07-16 10:38:00,34.5,83,100.40,0.00,118,0.00,30.8,45.0,31.6
2026-07-16 10:53:00,35.9,72,100.40,0.00,114,0.00,29.5,45.0,31.0
2026-07-16 11:08:00,34.8,62,100.40,0.00,118,0.00,25.8,43.4,28.3
2026-07-16 11:23:00,34.5,72,100.40,0.00,114,0.00,28.2,45.0,29.7
2026-07-16 11:38:00,34.2,76,100.40,0.00,115,0.00,28.9,45.0,30.2
2026-07-16 11:53:00,33.8,79,100.40,0.00,117,0.00,29.2,45.0,30.3
2026-07-16 12:08:00,35.0,82,100.40,0.00,123,0.00,31.0,45.0,31.9
2026-07-16 12:23:00,34.9,73,100.40,0.00,118,0.00,28.8,45.0,30.3
2026-07-16 12:38:00,35.2,73,100.40,0.00,117,0.00,29.1,45.0,30.6
2026-07-16 12:53:00,35.4,70,100.40,0.00,114,0.00,28.6,45.0,30.3
2026-07-16 13:08:00,35.7,72,100.40,0.00,120,0.00,29.4,45.0,30.9
2026-07-16 13:23:00,36.0,71,100.40,0.00,120,0.00,29.4,45.0,31.0
2026-07-16 13:38:00,36.2,69,100.40,0.00,114,0.00,29.1,45.0,30.8
2026-07-16 13:53:00,36.2,68,100.40,0.00,118,0.00,28.8,45.0,30.7
2026-07-16 14:08:00,36.3,70,100.30,0.00,117,0.00,29.4,45.0,31.1
2026-07-16 14:23:00,36.7,70,100.30,0.00,112,0.00,29.8,45.0,31.5
2026-07-16 14:38:00,37.1,67,100.30,0.00,120,0.00,29.4,45.0,31.3
2026-07-16 14:53:00,37.3,64,100.30,0.00,120,0.00,28.5,45.0,30.7
2026-07-16 15:08:00,37.5,60,100.30,0.00,112,0.00,27.5,45.0,30.2
2026-07-16 15:23:00,37.5,58,100.30,0.00,118,0.00,26.9,45.0,29.7
2026-07-16 15:38:00,37.6,56,100.30,0.00,114,0.00,26.7,45.0,29.6
2026-07-16 15:53:00,37.6,56,100.30,0.00,112,0.00,26.4,45.0,29.5
2026-07-16 16:08:00,37.1,57,100.30,0.00,120,0.00,26.5,45.0,29.4
2026-07-16 16:23:00,36.9,54,100.30,0.00,115,0.00,25.4,45.0,28.6
2026-07-16 16:38:00,36.5,54,100.30,0.00,118,0.00,25.0,44.6,28.3
2026-07-16 16:53:00,36.0,60,100.20,0.00,114,0.00,26.4,45.0,29.0
2026-07-16 17:08:00,36.0,63,100.20,0.00,112,0.00,27.3,45.0,29.6
2026-07-16 17:23:00,36.3,60,100.20,0.00,112,0.00,26.6,45.0,29.2
2026-07-16 17:38:00,36.3,60,100.20,0.00,117,0.00,26.7,45.0,29.3
2026-07-16 17:53:00,36.2,61,100.20,0.00,114,0.00,26.9,45.0,29.4
2026-07-16 18:08:00,36.1,62,100.20,0.00,112,0.00,27.1,45.0,29.5
2026-07-16 18:23:00,36.0,61,100.20,0.00,114,0.00,26.7,45.0,29.2
2026-07-16 18:38:00,35.6,61,100.30,0.00,120,0.00,26.3,45.0,28.9
2026-07-16 18:53:00,35.5,63,100.30,0.00,117,0.00,26.8,45.0,29.1
2026-07-16 19:08:00,35.3,62,100.30,0.00,112,0.00,26.3,45.0,28.7
2026-07-16 19:23:00,34.1,64,100.30,0.00,117,0.00,25.8,42.1,28.0
2026-07-16 19:38:00,33.5,63,100.30,0.00,118,0.00,24.9,39.9,27.3
2026-07-16 19:53:00,33.9,64,100.30,0.00,112,0.00,25.5,41.5,27.8
2026-07-16 20:08:00,33.6,68,100.30,0.00,112,0.00,26.3,42.4,28.2
2026-07-16 20:23:00,33.3,70,100.30,0.00,118,0.00,26.6,42.3,28.3
2026-07-16 20:38:00,33.7,72,100.30,0.00,118,0.00,27.4,44.6,29.0
2026-07-16 20:53:00,33.4,76,100.30,0.00,115,0.00,28.1,45.0,29.4
2026-07-16 21:08:00,33.6,80,100.30,0.00,115,0.00,29.2,45.0,30.2
2026-07-16 21:23:00,33.6,82,100.40,0.00,115,0.00,29.6,45.0,30.6
2026-07-16 21:38:00,33.5,84,100.40,0.00,121,0.00,30.0,45.0,30.8
2026-07-16 21:53:00,33.4,89,100.40,0.00,121,0.00,30.9,45.0,31.5
2026-07-16 22:08:00,33.3,90,100.40,0.00,118,0.00,31.0,45.0,31.6
2026-07-16 22:23:00,33.2,89,100.40,0.00,117,0.00,30.7,45.0,31.3
2026-07-16 22:38:00,33.1,88,100.40,0.00,118,0.00,30.4,45.0,31.1
2026-07-16 22:53:00,33.0,88,100.40,0.00,123,0.00,30.4,45.0,31.0
2026-07-16 23:08:00,33.0,89,100.40,0.00,121,0.00,30.5,45.0,31.1
2026-07-16 23:23:00,33.0,86,100.40,0.00,117,0.00,29.9,45.0,30.6
2026-07-16 23:38:00,32.9,88,100.40,0.00,120,0.00,30.2,45.0,30.8
2026-07-16 23:53:00,32.9,88,100.30,0.00,121,0.00,30.2,45.0,30.8
2026-07-17 00:08:00,32.9,90,100.30,0.00,118,0.00,30.6,45.0,31.1
2026-07-17 00:23:00,32.9,91,100.30,0.00,118,0.00,30.8,45.0,31.3
2026-07-17 00:38:00,32.8,91,100.30,0.00,123,0.00,30.8,45.0,31.3
2026-07-17 00:53:00,32.8,92,100.30,0.00,123,0.00,30.9,45.0,31.4
2026-07-17 01:08:00,32.8,92,100.30,0.00,123,0.00,30.9,45.0,31.3
2026-07-17 01:23:00,32.7,92,100.30,0.00,124,0.00,30.8,45.0,31.3
2026-07-17 01:38:00,32.7,94,100.30,0.00,123,0.00,31.2,45.0,31.5
2026-07-17 01:53:00,32.5,94,100.20,0.00,121,0.00,31.0,45.0,31.4
2026-07-17 02:08:00,32.4,94,100.20,0.00,127,0.00,31.0,45.0,31.3
2026-07-17 02:23:00,32.4,94,100.20,0.00,126,0.00,30.9,45.0,31.3
2026-07-17 02:38:00,32.4,94,100.20,0.00,123,0.00,30.9,45.0,31.3
2026-07-17 02:53:00,32.4,94,100.20,0.00,124,0.00,30.9,45.0,31.3
2026-07-17 03:08:00,32.4,94,100.20,0.00,124,0.00,31.1,45.0,31.4
2026-07-17 03:23:00,32.4,94,100.20,0.00,124,0.00,30.9,45.0,31.3
2026-07-17 03:38:00,32.3,94,100.20,0.00,124,0.00,31.1,45.0,31.4
2026-07-17 03:53:00,32.3,94,100.20,0.00,124,0.00,31.0,45.0,31.3
2026-07-17 04:08:00,32.3,94,100.20,0.00,130,0.00,31.0,45.0,31.3
2026-07-17 04:23:00,32.2,94,100.20,0.00,129,0.00,30.9,45.0,31.2
2026-07-17 04:38:00,32.2,94,100.20,0.00,127,0.00,31.0,45.0,31.3
2026-07-17 04:53:00,32.2,94,100.20,0.00,130,0.00,30.9,45.0,31.2
2026-07-17 05:08:00,32.2,94,100.20,0.00,127,0.00,30.9,45.0,31.2
2026-07-17 05:23:00,32.1,94,100.20,0.00,132,0.00,30.8,45.0,31.1
2026-07-17 05:38:00,32.1,94,100.20,0.00,129,0.00,30.8,45.0,31.1
2026-07-17 05:53:00,32.2,94,100.30,0.00,129,0.00,30.9,45.0,31.2
2026-07-17 06:08:00,32.4,94,100.30,0.00,127,0.00,31.1,45.0,31.4
2026-07-17 06:23:00,32.7,94,100.30,0.00,129,0.00,31.4,45.0,31.7
2026-07-17 06:38:00,32.9,94,100.30,0.00,123,0.00,31.5,45.0,31.8
2026-07-17 06:53:00,33.1,94,100.30,0.00,124,0.00,31.6,45.0,31.9
2026-07-17 07:08:00,33.3,92,100.30,0.00,124,0.00,31.4,45.0,31.9
2026-07-17 07:23:00,33.4,91,100.30,0.00,120,0.00,31.4,45.0,31.9
2026-07-17 07:38:00,33.7,90,100.30,0.00,127,0.00,31.4,45.0,32.0
2026-07-17 07:53:00,34.0,88,100.30,0.00,124,0.00,31.3,45.0,31.9
2026-07-17 08:08:00,34.2,88,100.30,0.00,126,0.00,31.5,45.0,32.1
2026-07-17 08:23:00,34.4,88,100.30,0.00,118,0.00,31.7,45.0,32.4
2026-07-17 08:38:00,34.9,82,100.30,0.00,123,0.00,30.9,45.0,31.9
2026-07-17 08:53:00,34.2,77,100.30,0.00,118,0.00,29.1,45.0,30.3
2026-07-17 09:08:00,35.2,79,100.30,0.00,124,0.00,30.5,45.0,31.6
2026-07-17 09:23:00,35.0,75,100.30,0.00,121,0.00,29.4,45.0,30.8
2026-07-17 09:38:00,34.7,78,100.30,0.00,120,0.00,29.8,45.0,31.0
2026-07-17 09:53:00,35.0,78,100.30,0.00,121,0.00,30.1,45.0,31.3
2026-07-17 10:08:00,36.0,75,100.30,0.00,115,0.00,30.3,45.0,31.7
2026-07-17 10:23:00,36.8,68,100.30,0.00,115,0.00,29.4,45.0,31.2
2026-07-17 10:38:00,37.1,63,100.30,0.00,115,0.00,28.2,45.0,30.5
2026-07-17 10:53:00,36.7,64,100.30,0.00,120,0.00,28.2,45.0,30.4
2026-07-17 11:08:00,36.8,70,100.20,0.00,117,0.00,29.8,45.0,31.5
2026-07-17 11:23:00,36.8,69,100.20,0.00,114,0.00,29.6,45.0,31.4
2026-07-17 11:38:00,37.5,70,100.20,0.00,118,0.00,30.3,45.0,32.0
2026-07-17 11:53:00,37.6,62,100.20,0.00,120,0.00,28.4,45.0,30.8
2026-07-17 12:08:00,37.6,62,100.20,0.00,168,0.00,28.4,45.0,30.8
2026-07-17 12:23:00,37.3,58,100.20,0.00,112,0.00,27.0,45.0,29.8
2026-07-17 12:38:00,37.3,58,100.20,0.00,112,0.00,27.0,45.0,29.8
2026-07-17 12:53:00,36.9,60,100.20,0.00,120,0.00,27.2,45.0,29.8
2026-07-17 13:08:00,37.4,64,100.10,0.00,112,0.00,28.8,45.0,31.0
2026-07-17 13:23:00,37.0,62,100.10,0.00,118,0.00,27.9,45.0,30.3
2026-07-17 13:38:00,37.1,64,100.10,0.00,118,0.00,28.6,45.0,30.8
2026-07-17 13:53:00,37.5,62,100.10,0.00,118,0.00,28.4,45.0,30.7
2026-07-17 14:08:00,37.9,59,100.10,0.00,115,0.00,27.5,45.0,30.3
2026-07-17 14:23:00,37.8,58,100.10,0.00,114,0.00,27.2,45.0,30.1
2026-07-17 14:38:00,37.6,54,100.10,0.00,118,0.00,26.0,45.0,29.2
2026-07-17 14:53:00,37.5,56,100.10,0.00,120,0.00,26.6,45.0,29.6
2026-07-17 15:08:00,37.2,57,100.10,0.00,112,0.00,26.6,45.0,29.4
2026-07-17 15:23:00,36.9,58,100.00,0.00,118,0.00,26.6,45.0,29.4
2026-07-17 15:38:00,36.8,60,100.00,0.00,114,0.00,27.1,45.0,29.7
2026-07-17 15:53:00,36.5,64,100.00,0.00,118,0.00,28.0,45.0,30.2
2026-07-17 16:08:00,36.6,64,100.00,0.00,115,0.00,28.1,45.0,30.2
2026-07-17 16:23:00,36.7,64,100.00,0.00,115,0.00,28.2,45.0,30.4
2026-07-17 16:38:00,37.0,64,100.00,0.00,114,0.00,28.5,45.0,30.6
2026-07-17 16:53:00,36.8,62,100.00,0.00,120,0.00,27.7,45.0,30.1
2026-07-17 17:08:00,36.4,63,100.00,0.00,114,0.00,27.7,45.0,30.0
2026-07-17 17:23:00,36.2,67,100.00,0.00,112,0.00,28.6,45.0,30.5
2026-07-17 17:38:00,36.2,68,100.00,0.00,114,0.00,28.8,45.0,30.6
2026-07-17 17:53:00,36.1,68,100.00,0.00,120,0.00,28.7,45.0,30.5
2026-07-17 18:08:00,35.9,69,100.00,0.00,115,0.00,28.8,45.0,30.6
2026-07-17 18:23:00,35.9,70,100.00,0.00,120,0.00,29.0,45.0,30.7
2026-07-17 18:38:00,35.7,69,100.00,0.00,114,0.00,28.6,45.0,30.4
2026-07-17 18:53:00,34.7,70,100.00,0.00,117,0.00,27.9,45.0,29.7
2026-07-17 19:08:00,34.5,73,100.00,0.00,120,0.00,28.4,45.0,29.9
2026-07-17 19:23:00,34.2,73,100.10,0.00,117,0.00,28.2,45.0,29.7
2026-07-17 19:38:00,34.3,73,100.10,0.00,118,0.00,28.3,45.0,29.8
2026-07-17 19:53:00,34.3,72,100.10,0.00,118,0.00,28.0,45.0,29.6
2026-07-17 20:08:00,33.6,67,100.10,0.00,112,0.00,26.1,41.9,28.1
2026-07-17 20:23:00,33.5,66,100.10,0.00,120,0.00,25.7,41.2,27.8
2026-07-17 20:38:00,34.8,81,100.10,0.00,118,0.00,30.6,45.0,31.5
2026-07-17 20:53:00,34.7,73,100.10,0.00,117,0.00,28.7,45.0,30.2
2026-07-17 21:08:00,34.4,82,100.10,0.00,120,0.00,30.5,45.0,31.4
2026-07-17 21:23:00,34.0,83,100.20,0.00,121,0.00,30.3,45.0,31.1
2026-07-17 21:38:00,33.3,84,100.20,0.00,121,0.00,29.8,45.0,30.6
2026-07-17 21:53:00,33.0,92,100.20,0.00,127,0.00,31.2,45.0,31.6
2026-07-17 22:08:00,32.8,94,100.20,0.00,126,0.00,31.3,45.0,31.7
2026-07-17 22:23:00,32.8,94,100.20,0.00,127,0.00,31.3,45.0,31.7
2026-07-17 22:38:00,32.8,94,100.20,0.00,123,0.00,31.3,45.0,31.7
2026-07-17 22:53:00,32.8,92,100.20,0.00,123,0.00,31.0,45.0,31.4
2026-07-17 23:08:00,32.9,92,100.20,0.00,123,0.00,31.0,45.0,31.4
2026-07-17 23:23:00,32.9,92,100.20,0.00,124,0.00,31.0,45.0,31.5
2026-07-17 23:38:00,32.9,91,100.10,0.00,126,0.00,30.9,45.0,31.3
2026-07-17 23:53:00,32.9,91,100.10,0.00,121,0.00,30.9,45.0,31.3
2026-07-18 00:08:00,32.9,94,100.10,0.00,127,0.00,31.4,45.0,31.8
2026-07-18 00:23:00,32.9,94,100.10,0.00,124,0.00,31.5,45.0,31.8
2026-07-18 00:38:00,33.0,94,100.10,0.00,124,0.00,31.5,45.0,31.9
2026-07-18 00:53:00,33.0,91,100.10,0.00,121,0.00,31.0,45.0,31.4
2026-07-18 01:08:00,33.0,90,100.10,0.00,120,0.00,30.8,45.0,31.3
2026-07-18 01:23:00,33.0,90,100.10,0.00,124,0.00,30.8,45.0,31.3
2026-07-18 01:38:00,33.0,90,100.10,0.00,120,0.00,30.8,45.0,31.3
2026-07-18 01:53:00,33.0,91,100.00,0.00,124,0.00,31.0,45.0,31.4
2026-07-18 02:08:00,33.1,91,100.00,0.00,124,0.00,31.0,45.0,31.5
2026-07-18 02:23:00,33.1,91,100.00,0.00,124,0.00,31.0,45.0,31.5
2026-07-18 02:38:00,33.1,90,100.10,0.00,118,0.00,30.8,45.0,31.4
2026-07-18 02:53:00,33.1,90,100.10,0.00,121,0.00,30.8,45.0,31.4
2026-07-18 03:08:00,33.1,91,100.10,0.00,121,0.00,31.0,45.0,31.5
2026-07-18 03:23:00,33.0,92,100.10,0.00,121,0.00,31.2,45.0,31.6
2026-07-18 03:38:00,33.0,92,100.10,0.00,121,0.00,31.2,45.0,31.6
2026-07-18 03:53:00,33.0,92,100.10,0.00,126,0.00,31.2,45.0,31.6
2026-07-18 04:08:00,33.0,92,100.10,0.00,120,0.00,31.2,45.0,31.6
2026-07-18 04:23:00,33.0,91,100.10,0.00,121,0.00,31.0,45.0,31.5
2026-07-18 04:38:00,33.1,89,100.10,0.00,120,0.00,30.6,45.0,31.2
2026-07-18 04:53:00,33.0,88,100.10,0.00,123,0.00,30.4,45.0,31.0
2026-07-18 05:08:00,33.0,86,100.10,0.00,120,0.00,29.9,45.0,30.6
2026-07-18 05:23:00,33.0,85,100.10,0.00,120,0.00,29.7,45.0,30.5
2026-07-18 05:38:00,33.1,85,100.10,0.00,120,0.00,29.8,45.0,30.5
2026-07-18 05:53:00,33.2,86,100.10,0.00,123,0.00,30.1,45.0,30.8
2026-07-18 06:08:00,33.3,86,100.10,0.00,118,0.00,30.2,45.0,30.9
2026-07-18 06:23:00,33.3,86,100.10,0.00,123,0.00,30.2,45.0,30.9
2026-07-18 06:38:00,33.3,86,100.10,0.00,123,0.00,30.2,45.0,30.9
2026-07-18 06:53:00,33.4,88,100.10,0.00,123,0.00,30.7,45.0,31.3
2026-07-18 07:08:00,33.6,86,100.20,0.00,123,0.00,30.5,45.0,31.3
2026-07-18 07:23:00,34.0,84,100.20,0.00,120,0.00,30.4,45.0,31.2
2026-07-18 07:38:00,34.2,84,100.20,0.00,117,0.00,30.7,45.0,31.5
2026-07-18 07:53:00,34.4,84,100.20,0.00,117,0.00,30.9,45.0,31.7
2026-07-18 08:08:00,34.6,82,100.20,0.00,118,0.00,30.6,45.0,31.6
2026-07-18 08:23:00,35.2,81,100.20,0.00,118,0.00,31.0,45.0,31.9
2026-07-18 08:38:00,35.5,77,100.20,0.00,121,0.00,30.4,45.0,31.6
2026-07-18 08:53:00,35.8,77,100.20,0.00,115,0.00,30.6,45.0,31.8
2026-07-18 09:08:00,35.6,76,100.20,0.00,115,0.00,30.2,45.0,31.5
2026-07-18 09:23:00,35.4,76,100.20,0.00,117,0.00,30.0,45.0,31.3
2026-07-18 09:38:00,35.6,78,100.20,0.00,117,0.00,30.7,45.0,31.9
2026-07-18 09:53:00,36.5,76,100.20,0.00,114,0.00,31.1,45.0,32.3
2026-07-18 10:08:00,36.8,73,100.20,0.00,121,0.00,30.7,45.0,32.1
2026-07-18 10:23:00,37.2,72,100.20,0.00,118,0.00,30.8,45.0,32.3
2026-07-18 10:38:00,37.4,68,100.20,0.00,118,0.00,29.9,45.0,31.7
2026-07-18 10:53:00,37.1,70,100.20,0.00,115,0.00,30.2,45.0,31.8
2026-07-18 11:08:00,37.3,72,100.20,0.00,120,0.00,30.6,45.0,32.2
2026-07-18 11:23:00,37.7,70,100.20,0.00,120,0.00,30.8,45.0,32.4
2026-07-18 11:38:00,37.0,66,100.20,0.00,121,0.00,29.1,45.0,31.1
2026-07-18 11:53:00,35.3,74,100.20,0.00,114,0.00,29.4,45.0,30.8
2026-07-18 12:08:00,35.4,77,100.20,0.00,114,0.00,30.3,45.0,31.5
2026-07-18 12:23:00,34.5,75,100.20,0.00,120,0.00,29.0,45.0,30.3
2026-07-18 12:38:00,34.3,77,100.20,0.00,118,0.00,29.2,45.0,30.4
2026-07-18 12:53:00,34.6,81,100.20,0.00,118,0.00,30.4,45.0,31.4
2026-07-18 13:08:00,34.5,84,100.20,0.00,117,0.00,31.0,45.0,31.8
2026-07-18 13:23:00,35.3,84,100.20,0.00,114,0.00,31.7,45.0,32.5
2026-07-18 13:38:00,35.5,83,100.10,0.00,117,0.00,31.7,45.0,32.5
2026-07-18 13:53:00,34.9,81,100.10,0.00,121,0.00,30.7,45.0,31.6
2026-07-18 14:08:00,34.5,83,100.10,0.00,123,0.00,30.7,45.0,31.6
2026-07-18 14:23:00,34.1,84,100.10,0.00,121,0.00,30.5,45.0,31.4
2026-07-18 14:38:00,34.1,85,100.10,0.00,121,0.00,30.8,45.0,31.5
2026-07-18 14:53:00,34.2,85,100.10,0.00,117,0.00,30.9,45.0,31.7
2026-07-18 15:08:00,34.5,85,100.10,0.00,123,0.00,31.2,45.0,31.9
2026-07-18 15:23:00,34.1,87,100.10,0.00,120,0.00,31.2,45.0,31.9
2026-07-18 15:38:00,34.2,83,100.10,0.00,120,0.00,30.4,45.0,31.3
2026-07-18 15:53:00,34.6,84,100.10,0.00,118,0.00,31.0,45.0,31.8
2026-07-18 16:08:00,34.1,85,100.10,0.00,121,0.00,30.8,45.0,31.6
2026-07-18 16:23:00,33.9,87,100.10,0.00,120,0.00,31.0,45.0,31.7
2026-07-18 16:38:00,34.0,84,100.10,0.00,124,0.00,30.5,45.0,31.3
2026-07-18 16:53:00,34.2,87,100.10,0.00,117,0.00,31.3,45.0,31.9
2026-07-18 17:08:00,34.3,87,100.00,0.00,120,0.00,31.4,45.0,32.0
2026-07-18 17:23:00,34.0,87,100.10,0.00,124,0.00,31.1,45.0,31.8
2026-07-18 17:38:00,33.9,88,100.00,0.00,117,0.00,31.2,45.0,31.8
2026-07-18 17:53:00,34.1,88,100.10,0.00,120,0.00,31.4,45.0,32.0
2026-07-18 18:08:00,34.2,88,100.10,0.00,121,0.00,31.5,45.0,32.1
2026-07-18 18:23:00,33.9,88,100.10,0.00,117,0.00,31.2,45.0,31.8
2026-07-18 18:38:00,33.2,87,100.10,0.00,115,0.00,30.3,45.0,31.0
2026-07-18 18:53:00,32.9,84,100.10,0.00,121,0.00,29.4,45.0,30.3
2026-07-18 19:08:00,32.9,86,100.20,0.00,118,0.00,29.8,45.0,30.5
2026-07-18 19:23:00,32.7,88,100.20,0.00,121,0.00,30.2,45.0,30.8
2026-07-18 19:38:00,32.2,91,100.20,0.00,120,0.00,30.4,45.0,30.8
2026-07-18 19:53:00,31.9,91,100.20,0.00,124,0.00,30.1,45.0,30.5
2026-07-18 20:08:00,31.9,90,100.30,0.00,124,0.00,29.8,45.0,30.3
2026-07-18 20:23:00,31.5,90,100.30,0.00,118,0.00,29.5,44.9,30.0
2026-07-18 20:38:00,31.2,93,100.30,0.00,132,0.00,29.7,44.9,30.1
2026-07-18 20:53:00,30.6,94,100.40,0.00,168,0.00,29.3,42.6,29.7
2026-07-18 21:08:00,30.2,97,100.50,0.00,239,0.00,29.5,42.0,29.7
2026-07-18 21:23:00,30.7,97,100.50,0.00,162,0.00,29.9,44.3,30.2
2026-07-18 21:38:00,30.6,94,100.40,0.00,150,0.00,29.3,42.6,29.6
2026-07-18 21:53:00,30.2,90,100.40,0.00,147,0.00,28.2,39.5,28.7
2026-07-18 22:08:00,29.9,92,100.40,0.00,141,0.00,28.2,39.0,28.6
2026-07-18 22:23:00,30.1,92,100.40,0.00,139,0.00,28.5,39.8,28.9
2026-07-18 22:38:00,30.2,92,100.40,0.00,129,0.00,28.5,40.2,28.9
2026-07-18 22:53:00,29.7,85,100.40,0.00,145,0.00,26.7,36.1,27.4
2026-07-18 23:08:00,30.2,94,100.40,0.00,147,0.00,29.0,40.9,29.3
2026-07-18 23:23:00,30.4,95,100.40,0.00,150,0.00,29.4,42.1,29.6
2026-07-18 23:38:00,30.6,96,100.40,0.00,150,0.00,29.7,43.4,29.9
2026-07-18 23:53:00,30.7,95,100.40,0.00,148,0.00,29.6,43.5,29.9
2026-07-19 00:08:00,30.6,95,100.40,0.00,150,0.00,29.5,43.0,29.8
2026-07-19 00:23:00,30.6,95,100.40,0.00,148,0.00,29.5,43.0,29.8
2026-07-19 00:38:00,30.7,95,100.40,0.00,153,0.00,29.6,43.5,29.9
2026-07-19 00:53:00,30.7,96,100.40,0.00,159,0.00,29.8,43.9,30.1
2026-07-19 01:08:00,30.7,96,100.40,0.00,156,0.00,29.8,43.9,30.1
2026-07-19 01:23:00,30.7,96,100.40,0.00,159,0.00,29.8,43.9,30.1
2026-07-19 01:38:00,30.8,96,100.30,0.00,160,0.00,29.9,44.4,30.1
2026-07-19 01:53:00,30.8,96,100.30,0.00,159,0.00,29.9,44.4,30.1
2026-07-19 02:08:00,30.7,96,100.30,0.00,160,0.00,29.8,43.9,30.1
2026-07-19 02:23:00,30.8,96,100.30,0.00,157,0.00,29.9,44.4,30.1
2026-07-19 02:38:00,30.8,96,100.30,0.00,156,0.00,29.9,44.4,30.1
2026-07-19 02:53:00,30.8,96,100.30,0.00,160,0.00,29.9,44.4,30.1
2026-07-19 03:08:00,30.8,96,100.30,0.00,157,0.00,29.9,44.4,30.1
2026-07-19 03:23:00,30.8,96,100.30,0.00,159,0.00,29.9,44.4,30.1
2026-07-19 03:38:00,30.8,96,100.30,0.00,156,0.00,29.9,44.4,30.1
2026-07-19 03:53:00,30.7,96,100.30,0.00,156,0.00,29.8,43.9,30.1
2026-07-19 04:08:00,30.7,96,100.30,0.00,151,0.00,29.8,43.9,30.0
2026-07-19 04:23:00,30.7,96,100.30,0.00,151,0.00,29.8,43.9,30.0
2026-07-19 04:38:00,30.6,96,100.40,0.00,150,0.00,29.7,43.4,30.0
2026-07-19 04:53:00,30.6,96,100.40,0.00,150,0.00,29.7,43.4,29.9
2026-07-19 05:08:00,30.6,96,100.40,0.00,150,0.00,29.7,43.4,30.0
2026-07-19 05:23:00,30.6,96,100.40,0.00,145,0.00,29.7,43.4,30.0
2026-07-19 05:38:00,30.7,96,100.40,0.00,150,0.00,29.8,43.9,30.0
2026-07-19 05:53:00,30.7,95,100.40,0.00,154,0.00,29.6,43.5,29.9
2026-07-19 06:08:00,30.7,96,100.40,0.00,151,0.00,29.8,43.9,30.1
2026-07-19 06:23:00,30.8,96,100.40,0.00,150,0.00,29.9,44.4,30.2
2026-07-19 06:38:00,31.0,95,100.40,0.00,147,0.00,30.0,44.9,30.2
2026-07-19 06:53:00,31.2,94,100.40,0.00,145,0.00,29.9,45.0,30.2
2026-07-19 07:08:00,31.2,94,100.50,0.00,145,0.00,29.9,45.0,30.2
2026-07-19 07:23:00,31.4,95,100.50,0.00,150,0.00,30.3,45.0,30.6
2026-07-19 07:38:00,31.6,96,100.40,0.00,150,0.00,30.7,45.0,30.9
2026-07-19 07:53:00,31.8,96,100.40,0.00,148,0.00,30.9,45.0,31.1
2026-07-19 08:08:00,32.3,96,100.40,0.00,142,0.00,31.4,45.0,31.6
2026-07-19 08:23:00,32.7,94,100.40,0.00,138,0.00,31.5,45.0,31.8
2026-07-19 08:38:00,33.0,94,100.40,0.00,135,0.00,31.5,45.0,31.9
2026-07-19 08:53:00,33.2,92,100.40,0.00,132,0.00,31.3,45.0,31.7
2026-07-19 09:08:00,33.6,91,100.40,0.00,127,0.00,31.5,45.0,32.0
2026-07-19 09:23:00,34.2,89,100.40,0.00,133,0.00,31.7,45.0,32.2
2026-07-19 09:38:00,34.9,87,100.40,0.00,124,0.00,32.0,45.0,32.6
2026-07-19 09:53:00,35.0,85,100.40,0.00,123,0.00,31.7,45.0,32.4
2026-07-19 10:08:00,34.3,83,100.40,0.00,135,0.00,30.5,45.0,31.4
2026-07-19 10:23:00,34.3,85,100.40,0.00,135,0.00,31.0,45.0,31.8
2026-07-19 10:38:00,34.1,85,100.40,0.00,151,0.00,30.8,45.0,31.6
2026-07-19 10:53:00,34.0,90,100.40,0.00,147,0.00,31.7,45.0,32.2
2026-07-19 11:08:00,35.0,89,100.40,0.00,130,0.00,32.5,45.0,33.0
2026-07-19 11:23:00,35.1,88,100.40,0.00,129,0.00,32.4,45.0,33.0
2026-07-19 11:38:00,34.8,78,100.30,0.00,129,0.00,29.9,45.0,31.1
2026-07-19 11:53:00,34.4,84,100.30,0.00,138,0.00,30.8,45.0,31.7
2026-07-19 12:08:00,34.6,88,100.30,0.00,129,0.00,31.9,45.0,32.5
2026-07-19 12:23:00,34.4,83,100.30,0.00,126,0.00,30.7,45.0,31.5
2026-07-19 12:38:00,35.6,84,100.20,0.00,121,0.00,32.0,45.0,32.8
2026-07-19 12:53:00,35.5,81,100.30,0.00,121,0.00,31.3,45.0,32.3
2026-07-19 13:08:00,34.6,79,100.20,0.00,115,0.00,30.0,45.0,31.1
2026-07-19 13:23:00,33.9,77,100.20,0.00,126,0.00,28.8,45.0,30.0
2026-07-19 13:38:00,34.6,85,100.20,0.00,130,0.00,31.3,45.0,32.1
2026-07-19 13:53:00,34.9,89,100.20,0.00,129,0.00,32.4,45.0,32.9
2026-07-19 14:08:00,33.9,84,100.20,0.00,136,0.00,30.3,45.0,31.2
2026-07-19 14:23:00,34.3,90,100.10,0.00,129,0.00,32.0,45.0,32.5
2026-07-19 14:38:00,34.6,85,100.10,0.00,127,0.00,31.3,45.0,32.0
2026-07-19 14:53:00,34.2,81,100.10,0.00,127,0.00,30.0,45.0,31.0
2026-07-19 15:08:00,33.4,84,100.20,0.00,124,0.00,29.9,45.0,30.7
2026-07-19 15:23:00,32.7,86,100.10,0.00,124,0.00,29.6,45.0,30.3
2026-07-19 15:38:00,31.7,88,100.40,0.00,123,0.00,29.3,44.9,29.8
2026-07-19 15:53:00,31.2,88,100.30,0.00,126,0.00,28.7,42.8,29.3
2026-07-19 16:08:00,30.8,91,100.40,0.00,144,1.80,28.9,42.3,29.4
2026-07-19 16:23:00,30.3,94,100.40,0.00,150,1.80,29.0,41.3,29.3
2026-07-19 16:38:00,30.1,94,100.50,0.00,156,1.50,28.8,40.5,29.2
2026-07-19 16:53:00,30.1,95,100.40,0.00,156,1.50,29.0,40.8,29.3
2026-07-19 17:08:00,30.1,95,100.40,0.00,148,1.30,29.0,40.8,29.3
2026-07-19 17:23:00,30.2,95,100.40,0.00,144,1.20,29.1,41.3,29.4
2026-07-19 17:38:00,30.1,95,100.40,0.00,138,0.90,29.0,40.8,29.3
2026-07-19 17:53:00,30.1,92,100.40,0.00,136,0.20,28.5,39.8,28.9
2026-07-19 18:08:00,30.1,92,100.30,0.00,130,0.30,28.5,39.8,28.9
2026-07-19 18:23:00,30.0,90,100.30,0.00,123,0.60,28.0,38.7,28.5
2026-07-19 18:38:00,29.9,88,100.30,0.00,136,0.40,27.5,37.7,28.1
2026-07-19 18:53:00,29.5,91,100.40,0.00,138,0.50,27.7,37.1,28.2
2026-07-19 19:08:00,29.7,95,100.40,0.00,130,0.50,28.6,39.1,28.9
2026-07-19 19:23:00,29.9,92,100.40,0.00,132,0.50,28.3,39.0,28.7
2026-07-19 19:38:00,29.9,94,100.40,0.00,123,0.50,28.7,39.6,29.0
2026-07-19 19:53:00,30.0,88,100.40,0.00,130,0.40,27.6,38.1,28.2
2026-07-19 20:08:00,30.0,94,100.40,0.00,135,0.70,28.7,40.1,29.0
2026-07-19 20:23:00,30.0,95,100.40,0.00,139,0.70,28.9,40.4,29.2
2026-07-19 20:38:00,30.0,96,100.40,0.00,141,0.50,29.1,40.8,29.4
2026-07-19 20:53:00,30.1,96,100.40,0.00,136,0.50,29.2,41.2,29.4
2026-07-19 21:08:00,30.1,95,100.40,0.00,136,0.60,29.1,40.8,29.3
2026-07-19 21:23:00,30.2,95,100.40,0.00,138,0.60,29.1,41.3,29.4
2026-07-19 21:38:00,30.1,95,100.40,0.00,145,0.60,29.0,40.8,29.3
2026-07-19 21:53:00,30.1,97,100.40,0.00,145,0.60,29.4,41.6,29.6
2026-07-19 22:08:00,29.6,97,100.50,0.00,147,0.60,28.9,39.4,29.1
2026-07-19 22:23:00,29.3,97,100.50,0.00,159,0.70,28.6,38.1,28.8
2026-07-19 22:38:00,29.7,98,100.50,0.00,148,0.90,29.2,40.1,29.4
2026-07-19 22:53:00,30.0,97,100.50,0.00,144,1.00,29.3,41.1,29.5
2026-07-19 23:08:00,30.1,97,100.40,0.00,144,0.50,29.3,41.6,29.6
2026-07-19 23:23:00,30.1,97,100.40,0.00,150,0.50,29.4,41.6,29.6
2026-07-19 23:38:00,30.1,97,100.40,0.00,150,0.50,29.4,41.6,29.6
2026-07-19 23:53:00,30.1,97,100.40,0.00,151,1.70,29.4,41.6,29.6
2026-07-20 00:08:00,30.1,97,100.40,0.00,150,1.90,29.4,41.6,29.6
2026-07-20 00:23:00,30.1,97,100.40,0.00,151,1.80,29.4,41.6,29.6
2026-07-20 00:38:00,30.1,97,100.40,0.00,148,1.80,29.4,41.6,29.6
2026-07-20 00:53:00,30.1,97,100.40,0.00,151,1.70,29.3,41.6,29.5
2026-07-20 01:08:00,30.0,97,100.40,0.00,150,1.70,29.3,41.1,29.5
2026-07-20 01:23:00,30.0,97,100.40,0.00,150,1.20,29.3,41.1,29.5
2026-07-20 01:38:00,30.0,97,100.40,0.00,150,0.80,29.3,41.1,29.5
2026-07-20 01:53:00,30.0,97,100.40,0.00,153,0.80,29.3,41.1,29.5
2026-07-20 02:08:00,30.0,97,100.40,0.00,153,1.60,29.3,41.1,29.5
2026-07-20 02:23:00,29.9,97,100.40,0.00,150,1.80,29.2,40.7,29.4
2026-07-20 02:38:00,30.0,97,100.40,0.00,150,1.70,29.3,41.1,29.5
2026-07-20 02:53:00,30.0,97,100.40,0.00,153,1.70,29.3,41.1,29.5
2026-07-20 03:08:00,30.0,97,100.40,0.00,151,1.70,29.3,41.1,29.5
2026-07-20 03:23:00,30.1,97,100.40,0.00,153,1.70,29.4,41.6,29.6
2026-07-20 03:38:00,30.1,97,100.40,0.00,154,1.60,29.4,41.6,29.6
2026-07-20 03:53:00,30.1,97,100.40,0.00,153,1.60,29.4,41.6,29.6
2026-07-20 04:08:00,30.1,97,100.40,0.00,153,1.60,29.4,41.6,29.6
2026-07-20 04:23:00,30.1,97,100.40,0.00,154,1.60,29.4,41.6,29.6
2026-07-20 04:38:00,30.1,97,100.40,0.00,154,1.60,29.4,41.6,29.6
2026-07-20 04:53:00,30.1,97,100.30,0.00,154,1.60,29.4,41.6,29.6
2026-07-20 05:08:00,30.0,97,100.40,0.00,150,1.60,29.3,41.1,29.5
2026-07-20 05:23:00,30.0,97,100.40,0.00,150,1.60,29.3,41.1,29.5
2026-07-20 05:38:00,30.0,97,100.40,0.00,147,1.60,29.3,41.1,29.5
2026-07-20 05:53:00,30.1,97,100.40,0.00,148,1.60,29.4,41.6,29.6
2026-07-20 06:08:00,30.1,97,100.40,0.00,144,1.60,29.4,41.6,29.6
2026-07-20 06:23:00,30.2,97,100.40,0.00,147,1.50,29.5,42.0,29.7
2026-07-20 06:38:00,30.3,97,100.40,0.00,148,1.40,29.6,42.5,29.8
2026-07-20 06:53:00,30.4,97,100.40,0.00,150,1.30,29.7,42.9,29.9
2026-07-20 07:08:00,30.4,96,100.40,0.00,150,1.30,29.5,42.5,29.8
2026-07-20 07:23:00,30.5,96,100.40,0.00,147,1.30,29.6,43.0,29.8
2026-07-20 07:38:00,30.6,96,100.40,0.00,145,1.20,29.7,43.4,29.9
2026-07-20 07:53:00,30.7,96,100.40,0.00,139,1.20,29.8,43.9,30.0
2026-07-20 08:08:00,30.3,95,100.40,0.00,174,1.10,29.2,41.7,29.5
2026-07-20 08:23:00,30.7,97,100.40,0.00,159,1.00,29.9,44.3,30.1
2026-07-20 08:38:00,30.9,96,100.40,0.00,156,1.10,30.0,44.8,30.2
2026-07-20 08:53:00,30.8,94,100.40,0.00,153,1.10,29.5,43.5,29.8
2026-07-20 09:08:00,31.2,93,100.40,0.00,141,1.10,29.7,44.9,30.1
2026-07-20 09:23:00,31.2,90,100.40,0.00,144,1.00,29.2,43.6,29.6
2026-07-20 09:38:00,31.6,90,100.40,0.00,144,1.10,29.5,45.0,30.0
2026-07-20 09:53:00,31.6,90,100.40,0.00,148,1.00,29.5,45.0,30.0
2026-07-20 10:08:00,31.9,90,100.40,0.00,147,1.00,29.9,45.0,30.3
2026-07-20 10:23:00,32.4,90,100.40,0.00,136,1.00,30.4,45.0,30.8
2026-07-20 10:38:00,33.6,88,100.40,0.00,135,0.90,31.0,45.0,31.6
2026-07-20 10:53:00,33.0,84,100.40,0.00,138,1.00,29.5,45.0,30.3
2026-07-20 11:08:00,33.2,86,100.40,0.00,138,1.00,30.1,45.0,30.8
2026-07-20 11:23:00,34.0,85,100.40,0.00,130,0.90,30.7,45.0,31.5
2026-07-20 11:38:00,34.4,82,100.40,0.00,124,1.10,30.4,45.0,31.4
2026-07-20 11:53:00,34.3,78,100.40,0.00,123,1.00,29.4,45.0,30.6
2026-07-20 12:08:00,34.5,79,100.40,0.00,124,1.00,29.9,45.0,31.0
2026-07-20 12:23:00,35.0,75,100.40,0.00,121,1.00,29.4,45.0,30.8
2026-07-20 12:38:00,35.2,72,100.40,0.00,120,1.00,28.9,45.0,30.4
2026-07-20 12:53:00,35.0,72,100.40,0.00,123,1.00,28.7,45.0,30.3
2026-07-20 13:08:00,35.4,75,100.40,0.00,120,1.00,29.7,45.0,31.1
2026-07-20 13:23:00,35.8,73,100.40,0.00,121,1.00,29.7,45.0,31.2
2026-07-20 13:38:00,36.1,74,100.30,0.00,120,1.00,30.2,45.0,31.6
2026-07-20 13:53:00,36.1,72,100.30,0.00,120,1.00,29.7,45.0,31.3
2026-07-20 14:08:00,35.3,72,100.30,0.00,121,1.20,29.0,45.0,30.5
2026-07-20 14:23:00,35.1,73,100.30,0.00,120,1.00,29.0,45.0,30.5
2026-07-20 14:38:00,34.6,78,100.30,0.00,121,1.20,29.7,45.0,30.9
2026-07-20 14:53:00,35.1,79,100.30,0.00,120,1.10,30.5,45.0,31.5
2026-07-20 15:08:00,35.2,77,100.30,0.00,120,1.10,30.1,45.0,31.3
2026-07-20 15:23:00,35.1,75,100.30,0.00,118,1.10,29.5,45.0,30.8
2026-07-20 15:38:00,35.3,75,100.30,0.00,121,1.10,29.7,45.0,31.0
2026-07-20 15:53:00,35.2,77,100.30,0.00,120,1.20,30.1,45.0,31.3
2026-07-20 16:08:00,34.8,76,100.30,0.00,121,1.20,29.4,45.0,30.7
2026-07-20 16:23:00,35.2,76,100.30,0.00,118,1.10,29.8,45.0,31.1
2026-07-20 16:38:00,35.4,68,100.30,0.00,118,1.20,28.0,45.0,29.9
2026-07-20 16:53:00,34.3,69,100.20,0.00,117,1.10,27.3,45.0,29.1
2026-07-20 17:08:00,34.3,72,100.30,0.00,118,1.10,28.0,45.0,29.6
2026-07-20 17:23:00,34.1,73,100.30,0.00,115,1.10,28.0,45.0,29.6
2026-07-20 17:38:00,32.7,72,100.30,0.00,117,0.00,26.7,41.6,28.2
2026-07-20 17:53:00,32.9,77,100.30,0.00,114,0.00,27.9,44.1,29.1
2026-07-20 18:08:00,33.6,83,100.30,0.00,124,0.00,29.9,45.0,30.8
2026-07-20 18:23:00,33.3,81,100.30,0.00,114,0.00,29.2,45.0,30.2
2026-07-20 18:38:00,33.9,80,100.30,0.00,126,0.00,29.5,45.0,30.6
2026-07-20 18:53:00,33.3,83,100.30,0.00,115,0.00,29.6,45.0,30.4
2026-07-20 19:08:00,33.2,89,100.30,1.00,121,0.30,30.7,45.0,31.3
2026-07-20 19:23:00,33.2,89,100.30,1.00,3,0.00,30.7,45.0,31.3
2026-07-20 19:38:00,32.5,86,100.40,0.00,288,0.00,29.5,45.0,30.2
2026-07-20 19:53:00,31.5,84,100.40,0.00,287,0.00,28.2,42.3,29.0
2026-07-20 20:08:00,31.4,75,100.40,0.00,227,0.00,26.2,38.5,27.5
2026-07-20 20:23:00,31.4,73,100.40,1.00,73,0.00,25.7,37.8,27.2
2026-07-20 20:38:00,31.5,88,100.40,1.00,132,0.00,29.1,44.0,29.7
2026-07-20 20:53:00,31.5,79,100.40,1.00,45,0.00,27.2,40.3,28.2
2026-07-20 21:08:00,31.9,78,100.40,0.00,135,0.00,27.3,41.3,28.5
2026-07-20 21:23:00,31.4,89,100.40,0.00,120,0.00,29.1,44.0,29.7
2026-07-20 21:38:00,31.6,85,100.50,0.00,127,0.00,28.6,43.1,29.3
2026-07-20 21:53:00,31.7,90,100.50,0.00,215,0.00,29.6,45.0,30.1
2026-07-20 22:08:00,31.8,79,100.50,0.00,267,0.00,27.5,41.4,28.6
2026-07-20 22:23:00,31.8,90,100.50,0.00,270,0.00,29.7,45.0,30.2
2026-07-20 22:38:00,31.5,88,100.50,0.00,279,0.00,29.1,44.0,29.7
2026-07-20 22:53:00,31.6,89,100.50,0.00,231,0.00,29.4,44.9,29.9
2026-07-20 23:08:00,31.6,93,100.50,0.00,180,0.00,30.2,45.0,30.5
2026-07-20 23:23:00,31.6,93,100.50,0.00,183,0.00,30.1,45.0,30.5
2026-07-20 23:38:00,31.6,94,100.50,0.00,181,0.00,30.3,45.0,30.6
2026-07-20 23:53:00,31.6,94,100.50,0.00,178,0.00,30.3,45.0,30.6
2026-07-21 00:08:00,31.6,94,100.50,0.00,174,0.00,30.3,45.0,30.6
2026-07-21 00:23:00,31.6,94,100.50,0.00,171,0.00,30.3,45.0,30.6
2026-07-21 00:38:00,31.5,94,100.60,0.00,186,0.00,30.2,45.0,30.5
2026-07-21 00:53:00,31.2,94,100.60,0.00,174,0.00,29.9,45.0,30.2
2026-07-21 01:08:00,31.0,94,100.60,0.00,168,0.00,29.7,44.4,30.1
2026-07-21 01:23:00,30.9,93,100.50,0.00,183,0.00,29.4,43.6,29.8
2026-07-21 01:38:00,30.8,93,100.50,0.00,181,0.00,29.3,43.1,29.7
2026-07-21 01:53:00,30.8,93,100.50,0.00,174,0.00,29.3,43.1,29.7
2026-07-21 02:08:00,30.8,94,100.50,0.00,174,0.00,29.5,43.5,29.8
2026-07-21 02:23:00,30.7,95,100.50,0.00,189,0.00,29.6,43.5,29.9
2026-07-21 02:38:00,30.7,95,100.50,0.00,187,0.00,29.6,43.5,29.9
2026-07-21 02:53:00,30.7,95,100.50,0.00,189,0.00,29.6,43.5,29.9
2026-07-21 03:08:00,30.6,96,100.50,0.00,189,0.00,29.7,43.4,30.0
2026-07-21 03:23:00,30.6,96,100.50,0.00,187,0.00,29.7,43.4,29.9
2026-07-21 03:38:00,30.6,96,100.50,0.00,202,0.00,29.7,43.4,30.0
2026-07-21 03:53:00,30.6,96,100.50,0.00,202,0.00,29.7,43.4,29.9
2026-07-21 04:08:00,30.6,96,100.50,0.00,202,0.00,29.7,43.4,29.9
2026-07-21 04:23:00,30.6,96,100.50,0.00,193,0.00,29.7,43.4,29.9
2026-07-21 04:38:00,30.6,96,100.50,0.00,192,0.00,29.7,43.4,29.9
2026-07-21 04:53:00,30.6,96,100.50,0.00,193,0.00,29.7,43.4,29.9
2026-07-21 05:08:00,30.5,96,100.50,0.00,193,0.00,29.6,43.0,29.9
2026-07-21 05:23:00,30.5,96,100.60,0.00,199,0.00,29.6,43.0,29.9
2026-07-21 05:38:00,30.5,96,100.60,0.00,209,0.00,29.6,43.0,29.9
2026-07-21 05:53:00,30.5,96,100.60,0.00,195,0.00,29.6,43.0,29.9
2026-07-21 06:08:00,30.5,96,100.60,0.00,190,0.00,29.6,43.0,29.8
2026-07-21 06:23:00,30.5,96,100.60,0.00,202,0.00,29.6,43.0,29.8
2026-07-21 06:38:00,30.4,96,100.60,0.00,202,0.00,29.5,42.5,29.8
2026-07-21 06:53:00,30.4,97,100.70,0.00,201,0.00,29.7,42.9,29.9
2026-07-21 07:08:00,30.4,97,100.70,0.00,204,0.00,29.7,42.9,29.9
2026-07-21 07:23:00,30.5,97,100.70,0.00,199,0.00,29.8,43.4,30.0
2026-07-21 07:38:00,30.7,96,100.70,0.00,199,0.00,29.8,43.9,30.0
2026-07-21 07:53:00,30.8,96,100.70,0.00,184,0.00,29.9,44.4,30.1
2026-07-21 08:08:00,31.0,96,100.70,0.00,192,0.00,30.1,45.0,30.3
2026-07-21 08:23:00,31.1,96,100.70,0.00,189,0.00,30.2,45.0,30.5
2026-07-21 08:38:00,31.3,95,100.70,0.00,178,0.00,30.2,45.0,30.5
2026-07-21 08:53:00,31.4,94,100.70,0.00,184,0.00,30.1,45.0,30.4
2026-07-21 09:08:00,30.8,94,100.70,0.00,178,0.00,29.5,43.5,29.8
2026-07-21 09:23:00,30.6,94,100.70,0.00,204,0.00,29.4,42.6,29.7
2026-07-21 09:38:00,30.6,97,100.70,0.00,198,0.00,29.9,43.8,30.1
2026-07-21 09:53:00,30.8,97,100.70,0.00,199,0.00,30.0,44.8,30.3
2026-07-21 10:08:00,30.8,94,100.70,0.00,205,0.00,29.5,43.5,29.8
2026-07-21 10:23:00,30.7,96,100.70,0.00,180,0.00,29.8,43.9,30.1
2026-07-21 10:38:00,30.7,95,100.70,0.00,195,0.00,29.6,43.5,29.9
2026-07-21 10:53:00,31.3,97,100.70,0.00,195,0.00,30.6,45.0,30.8
2026-07-21 11:08:00,31.1,94,100.70,0.00,284,0.00,29.8,44.9,30.1
2026-07-21 11:23:00,31.3,94,100.70,0.00,273,0.00,30.0,45.0,30.4
2026-07-21 11:38:00,31.2,94,100.70,0.00,260,0.00,30.0,45.0,30.3
2026-07-21 11:53:00,31.9,95,100.70,0.00,257,0.00,30.8,45.0,31.1
2026-07-21 12:08:00,32.4,94,100.70,0.00,245,0.00,30.9,45.0,31.3
2026-07-21 12:23:00,33.0,90,100.70,0.00,240,0.00,30.7,45.0,31.2
2026-07-21 12:38:00,33.1,89,100.70,0.00,227,0.00,30.6,45.0,31.2
2026-07-21 12:53:00,33.3,89,100.70,0.00,231,0.00,30.8,45.0,31.4
2026-07-21 13:08:00,32.3,90,100.70,0.00,233,0.00,30.0,45.0,30.5
2026-07-21 13:23:00,32.6,94,100.70,0.00,237,0.00,31.2,45.0,31.5
2026-07-21 13:38:00,33.3,94,100.70,0.00,233,0.00,31.8,45.0,32.2
2026-07-21 13:53:00,33.5,88,100.70,0.00,222,0.00,30.8,45.0,31.4
2026-07-21 14:08:00,34.1,89,100.60,0.00,219,0.00,31.6,45.0,32.2
2026-07-21 14:23:00,34.4,82,100.60,0.00,219,0.00,30.5,45.0,31.4
2026-07-21 14:38:00,34.9,79,100.60,0.00,227,0.00,30.3,45.0,31.4
2026-07-21 14:53:00,35.3,82,100.60,0.00,224,0.00,31.3,45.0,32.2
2026-07-21 15:08:00,35.0,78,100.60,0.00,216,0.00,30.1,45.0,31.2
2026-07-21 15:23:00,34.9,78,100.60,0.00,224,0.00,30.0,45.0,31.2
2026-07-21 15:38:00,34.9,75,100.60,0.00,215,0.00,29.3,45.0,30.7
2026-07-21 15:53:00,35.0,73,100.50,0.00,210,0.00,28.9,45.0,30.4
2026-07-21 16:08:00,35.1,70,100.50,0.00,216,0.00,28.3,45.0,30.0
2026-07-21 16:23:00,35.2,71,100.50,0.00,209,0.00,28.7,45.0,30.3
2026-07-21 16:38:00,34.5,82,100.50,0.00,221,0.00,30.5,45.0,31.4
2026-07-21 16:53:00,33.9,84,100.50,0.00,221,0.00,30.4,45.0,31.2
2026-07-21 17:08:00,33.0,88,100.50,0.00,207,0.00,30.4,45.0,31.0
2026-07-21 17:23:00,32.0,89,100.60,0.00,219,0.00,29.7,45.0,30.3
2026-07-21 17:38:00,31.3,90,100.60,0.00,237,0.00,29.2,44.0,29.7
2026-07-21 17:53:00,31.1,94,100.60,0.00,222,0.00,29.8,44.9,30.2
2026-07-21 18:08:00,30.9,93,100.60,0.00,225,0.00,29.4,43.6,29.8
2026-07-21 18:23:00,30.7,90,100.60,0.00,221,0.00,28.7,41.5,29.1
2026-07-21 18:38:00,30.1,88,100.60,0.00,239,0.00,27.7,38.4,28.3
2026-07-21 18:53:00,30.0,96,100.70,0.00,243,0.00,29.1,40.8,29.4
2026-07-21 19:08:00,29.8,96,100.70,0.00,224,0.00,28.9,39.9,29.2
2026-07-21 19:23:00,30.1,97,100.70,0.00,227,0.00,29.4,41.6,29.6
2026-07-21 19:38:00,30.1,96,100.70,0.00,221,0.00,29.2,41.2,29.5
2026-07-21 19:53:00,29.9,95,100.80,0.00,237,0.00,28.8,40.0,29.1
2026-07-21 20:08:00,29.8,97,100.80,0.00,216,0.00,29.1,40.2,29.3
2026-07-21 20:23:00,29.7,95,100.90,0.00,279,0.00,28.7,39.1,28.9
2026-07-21 20:38:00,30.0,94,100.90,0.00,25,0.00,28.8,40.1,29.1
2026-07-21 20:53:00,30.0,95,100.90,0.00,78,0.00,28.9,40.4,29.2
2026-07-21 21:08:00,29.7,51,100.90,0.00,284,0.00,18.2,28.8,22.1
2026-07-21 21:23:00,30.2,95,100.80,0.00,18,0.00,29.1,41.3,29.4
2026-07-21 21:38:00,29.7,94,100.90,0.00,129,0.00,28.4,38.8,28.8
2026-07-21 21:53:00,28.4,89,100.90,0.00,141,0.00,26.2,32.8,26.7
2026-07-21 22:08:00,28.3,96,100.80,0.00,151,0.00,27.4,33.9,27.6
2026-07-21 22:23:00,28.7,97,100.80,0.00,141,0.00,28.0,35.6,28.2
2026-07-21 22:38:00,28.2,95,100.90,0.00,138,0.00,27.1,33.3,27.4
2026-07-21 22:53:00,28.5,98,100.90,0.00,148,0.00,28.0,35.1,28.2
2026-07-21 23:08:00,29.0,98,100.90,0.00,144,0.00,28.5,37.1,28.7
2026-07-21 23:23:00,28.4,96,100.90,0.00,141,0.00,27.5,34.2,27.8
2026-07-21 23:38:00,28.4,97,100.90,0.00,153,0.00,27.7,34.5,27.9
2026-07-21 23:53:00,28.7,97,100.90,0.00,138,0.00,28.0,35.6,28.2
2026-07-22 00:08:00,29.2,96,100.90,0.00,151,0.00,28.3,37.4,28.5
2026-07-22 00:23:00,29.4,96,100.90,0.00,138,0.00,28.5,38.2,28.8
2026-07-22 00:38:00,29.5,95,100.90,0.00,141,0.00,28.4,38.3,28.7
2026-07-22 00:53:00,29.6,95,100.80,0.00,130,0.00,28.5,38.7,28.8
2026-07-22 01:08:00,29.6,96,100.80,0.00,142,0.00,28.7,39.0,29.0
2026-07-22 01:23:00,29.6,96,100.80,0.00,135,0.00,28.7,39.0,29.0
2026-07-22 01:38:00,29.6,97,100.80,0.00,132,0.00,28.9,39.4,29.1
2026-07-22 01:53:00,29.6,97,100.80,0.00,139,0.00,28.9,39.4,29.1
2026-07-22 02:08:00,29.6,97,100.80,0.00,138,0.00,28.9,39.4,29.1
2026-07-22 02:23:00,29.7,97,100.80,0.00,135,0.00,29.0,39.8,29.2
2026-07-22 02:38:00,29.7,97,100.80,0.00,144,0.00,29.0,39.8,29.2
2026-07-22 02:53:00,29.7,97,100.80,0.00,138,0.00,29.0,39.8,29.2
2026-07-22 03:08:00,29.7,97,100.80,0.00,144,0.00,28.9,39.8,29.1
2026-07-22 03:23:00,29.6,97,100.80,0.00,136,0.00,28.9,39.4,29.1
2026-07-22 03:38:00,29.6,97,100.80,0.00,142,0.00,28.9,39.4,29.1
2026-07-22 03:53:00,29.6,97,100.80,0.00,148,0.00,28.9,39.4,29.1
2026-07-22 04:08:00,29.6,97,100.80,0.00,147,0.00,28.8,39.4,29.0
2026-07-22 04:23:00,29.5,97,100.80,0.00,138,0.00,28.8,38.9,29.0
2026-07-22 04:38:00,29.5,97,100.80,0.00,138,0.00,28.8,38.9,29.0
2026-07-22 04:53:00,29.6,97,100.80,0.00,139,0.00,28.9,39.4,29.1
2026-07-22 05:08:00,29.6,97,100.80,0.00,144,0.00,28.9,39.4,29.1
2026-07-22 05:23:00,29.6,97,100.80,0.00,145,0.00,28.9,39.4,29.1
2026-07-22 05:38:00,29.6,97,100.80,0.00,145,0.00,28.9,39.4,29.1
2026-07-22 05:53:00,29.6,97,100.80,0.00,145,0.00,28.9,39.4,29.1
2026-07-22 06:08:00,29.6,97,100.80,0.00,147,0.00,28.9,39.4,29.1
2026-07-22 06:23:00,29.6,97,100.80,0.00,150,0.00,28.9,39.4,29.1
2026-07-22 06:38:00,29.6,97,100.80,0.00,154,0.00,28.9,39.4,29.1
2026-07-22 06:53:00,29.6,97,100.80,0.00,156,0.00,28.9,39.4,29.1
2026-07-22 07:08:00,29.6,97,100.80,0.00,153,0.00,28.9,39.4,29.1
2026-07-22 07:23:00,29.7,97,100.80,0.00,145,0.00,28.9,39.8,29.1
2026-07-22 07:38:00,29.7,97,100.80,0.00,153,0.00,29.0,39.8,29.2
2026-07-22 07:53:00,29.8,97,100.80,0.00,144,0.00,29.1,40.2,29.3
2026-07-22 08:08:00,29.9,97,100.80,0.00,144,0.00,29.1,40.7,29.3
2026-07-22 08:23:00,29.9,97,100.80,0.00,145,0.00,29.2,40.7,29.4
2026-07-22 08:38:00,30.1,97,100.80,0.00,153,0.00,29.4,41.6,29.6
2026-07-22 08:53:00,30.3,97,100.80,0.00,141,0.00,29.6,42.5,29.8
2026-07-22 09:08:00,30.4,97,100.80,0.00,142,0.00,29.7,42.9,29.9
2026-07-22 09:23:00,30.2,96,100.80,0.00,153,0.00,29.3,41.6,29.6
2026-07-22 09:38:00,29.9,97,100.80,0.00,174,0.00,29.2,40.7,29.4
2026-07-22 09:53:00,30.0,98,100.80,0.00,195,0.00,29.4,41.5,29.6
2026-07-22 10:08:00,30.2,98,100.80,0.00,180,0.00,29.7,42.4,29.8
2026-07-22 10:23:00,30.4,98,100.80,0.00,195,0.00,29.8,43.3,30.0
2026-07-22 10:38:00,30.6,97,100.80,0.00,264,0.00,29.9,43.8,30.1
2026-07-22 10:53:00,30.7,96,100.80,0.00,273,0.00,29.8,43.9,30.1
2026-07-22 11:08:00,30.9,96,100.80,0.00,275,0.00,30.0,44.8,30.2
2026-07-22 11:23:00,31.1,95,100.80,0.00,281,0.00,30.0,45.0,30.3
2026-07-22 11:38:00,31.2,94,100.80,0.00,272,0.00,29.9,45.0,30.3
2026-07-22 11:53:00,31.6,94,100.80,0.00,275,0.00,30.3,45.0,30.6
2026-07-22 12:08:00,31.9,91,100.80,0.00,279,0.00,30.0,45.0,30.5
2026-07-22 12:23:00,32.2,89,100.80,0.00,282,0.00,29.9,45.0,30.5
2026-07-22 12:38:00,32.2,90,100.80,0.00,276,0.00,30.2,45.0,30.7
2026-07-22 12:53:00,32.5,90,100.80,0.00,279,0.00,30.3,45.0,30.8
2026-07-22 13:08:00,32.2,89,100.70,0.00,270,0.00,29.9,45.0,30.5
2026-07-22 13:23:00,32.3,90,100.70,0.00,284,0.00,30.3,45.0,30.8
2026-07-22 13:38:00,32.5,90,100.70,0.00,281,0.00,30.2,45.0,30.7
2026-07-22 13:53:00,32.2,89,100.70,0.00,273,0.00,29.9,45.0,30.5
2026-07-22 14:08:00,32.9,89,100.70,0.00,276,0.00,30.4,45.0,31.0
2026-07-22 14:23:00,33.2,90,100.70,0.00,278,0.00,31.0,45.0,31.5
2026-07-22 14:38:00,32.9,86,100.70,0.00,281,0.00,29.8,45.0,30.5
2026-07-22 14:53:00,32.8,85,100.70,0.00,279,0.00,29.5,45.0,30.3
2026-07-22 15:08:00,32.9,83,100.60,0.00,272,0.00,29.2,45.0,30.1
2026-07-22 15:23:00,33.0,84,100.60,0.00,273,0.00,29.5,45.0,30.3
2026-07-22 15:38:00,33.1,84,100.60,0.00,272,0.00,29.6,45.0,30.4
2026-07-22 15:53:00,33.9,85,100.60,0.00,282,0.00,30.6,45.0,31.4
2026-07-22 16:08:00,34.2,81,100.60,0.00,279,0.00,30.0,45.0,31.0
2026-07-22 16:23:00,34.2,81,100.60,0.00,282,0.00,30.0,45.0,31.0
2026-07-22 16:38:00,34.3,78,100.60,0.00,279,0.00,29.4,45.0,30.6
2026-07-22 16:53:00,34.5,81,100.60,0.00,279,0.00,30.3,45.0,31.3
2026-07-22 17:08:00,34.7,76,100.60,0.00,279,0.00,29.4,45.0,30.7
2026-07-22 17:23:00,34.6,72,100.60,0.00,126,0.00,28.3,45.0,29.8
2026-07-22 17:38:00,34.4,73,100.60,0.00,117,0.00,28.4,45.0,29.9
2026-07-22 17:53:00,34.0,73,100.60,0.00,120,0.00,27.9,45.0,29.5
2026-07-22 18:08:00,33.6,71,100.60,0.00,123,0.00,27.1,43.8,28.8
2026-07-22 18:23:00,33.4,73,100.50,0.00,114,0.00,27.4,44.0,28.9
2026-07-22 18:38:00,33.3,76,100.50,0.00,115,0.00,27.4,45.0,28.9
2026-07-22 18:53:00,33.2,77,100.60,0.00,117,0.00,28.2,45.0,29.4
2026-07-22 19:08:00,32.9,77,100.60,0.00,114,0.00,27.8,44.1,29.1
2026-07-22 19:23:00,32.6,74,100.60,0.00,121,0.00,26.9,41.7,28.4
2026-07-22 19:38:00,32.5,78,100.50,0.00,281,0.00,27.4,43.5,29.1
2026-07-22 19:53:00,32.5,82,100.50,0.00,273,0.00,27.4,45.0,29.1
2026-07-22 21:08:00,28.6,90,100.90,0.00,270,0.00,26.6,33.6,27.1
2026-07-22 21:23:00,29.0,94,100.80,0.00,273,0.00,27.8,36.0,28.1
2026-07-22 21:38:00,29.2,84,100.80,0.00,288,0.00,26.0,34.2,26.8
2026-07-22 21:53:00,29.0,88,100.80,0.00,275,0.00,26.6,34.5,27.2
2026-07-22 22:08:00,29.1,91,100.80,0.00,281,0.00,27.3,35.6,27.7
2026-07-22 22:23:00,29.0,91,100.80,0.00,273,0.00,27.2,35.3,27.6
2026-07-22 22:38:00,29.1,92,100.80,0.00,282,0.00,27.4,35.9,27.8
2026-07-22 22:53:00,29.4,90,100.80,0.00,281,0.00,27.3,36.5,27.8
2026-07-22 23:08:00,28.9,90,100.80,0.00,281,0.00,26.9,34.7,27.4
2026-07-22 23:23:00,28.9,95,100.80,0.00,282,0.00,27.8,35.9,28.1
2026-07-22 23:38:00,28.9,96,100.80,0.00,281,0.00,28.0,36.2,28.2
2026-07-22 23:53:00,29.1,95,100.80,0.00,278,0.00,28.0,36.7,28.3
2026-07-23 00:08:00,28.6,95,100.80,0.00,270,0.00,27.6,34.8,27.9
2026-07-23 00:23:00,28.9,95,100.80,0.00,273,0.00,27.8,35.9,28.1
2026-07-23 00:38:00,28.7,96,100.80,0.00,284,0.00,27.9,35.4,28.1
2026-07-23 00:53:00,28.6,96,100.80,0.00,279,0.00,27.8,35.0,28.0
2026-07-23 01:08:00,28.6,98,100.80,0.00,279,0.00,28.1,35.5,28.3
2026-07-23 01:23:00,28.6,98,100.80,0.00,281,0.00,28.1,35.5,28.3
2026-07-23 01:38:00,28.6,98,100.80,0.00,272,0.00,28.1,35.5,28.2
2026-07-23 01:53:00,28.6,98,100.70,0.00,269,0.00,28.1,35.5,28.3
2026-07-23 02:08:00,28.6,98,100.70,0.00,281,0.00,28.1,35.5,28.3
2026-07-23 02:23:00,28.7,98,100.70,0.00,279,0.00,28.2,35.9,28.3
2026-07-23 02:38:00,28.7,98,100.70,0.00,284,0.00,28.2,35.9,28.4
2026-07-23 02:53:00,28.7,98,100.70,0.00,281,0.00,28.2,35.9,28.4
2026-07-23 03:08:00,28.8,98,100.70,0.00,269,0.00,28.2,36.3,28.4
2026-07-23 03:23:00,28.8,98,100.60,0.00,269,0.00,28.3,36.3,28.4
2026-07-23 03:38:00,28.8,98,100.60,0.00,272,0.00,28.3,36.3,28.5
2026-07-23 03:53:00,28.9,98,100.60,0.00,267,0.00,28.3,36.7,28.5
2026-07-23 04:08:00,28.9,100,100.60,0.00,272,0.00,28.7,37.2,28.9
2026-07-23 04:23:00,28.9,100,100.60,0.00,282,0.00,28.8,37.2,28.9
2026-07-23 04:38:00,29.0,100,100.60,0.00,279,0.00,28.8,37.7,28.9
2026-07-23 04:53:00,29.0,100,100.60,0.00,269,0.00,28.8,37.7,28.9
2026-07-23 05:08:00,29.0,100,100.60,0.00,278,0.00,28.8,37.7,28.9
2026-07-23 05:23:00,29.1,100,100.60,0.00,269,0.00,28.9,38.1,29.0
2026-07-23 05:38:00,29.1,100,100.60,0.00,270,0.00,28.9,38.1,29.0
2026-07-23 05:53:00,29.1,100,100.60,0.00,284,0.00,28.9,38.1,29.0
2026-07-23 06:08:00,29.1,100,100.60,0.00,281,0.00,29.0,38.1,29.1
2026-07-23 06:23:00,29.2,100,100.60,0.00,287,0.00,29.0,38.5,29.1
2026-07-23 06:38:00,29.2,100,100.70,0.00,276,0.00,29.0,38.5,29.1
2026-07-23 06:53:00,29.2,100,100.70,0.00,270,0.00,29.1,38.5,29.2
2026-07-23 07:08:00,29.2,100,100.70,0.00,270,0.00,29.1,38.5,29.2
2026-07-23 07:23:00,29.3,100,100.70,0.00,270,0.00,29.1,39.0,29.2
2026-07-23 07:38:00,29.4,100,100.70,0.00,269,0.00,29.2,39.4,29.3
2026-07-23 07:53:00,29.5,100,100.70,0.00,288,0.00,29.4,39.9,29.5
2026-07-23 08:08:00,29.7,100,100.70,0.00,284,0.00,29.5,40.8,29.6
2026-07-23 08:23:00,29.8,100,100.70,0.00,281,0.00,29.6,41.3,29.7
2026-07-23 08:38:00,30.0,100,100.70,0.00,273,0.00,29.8,42.2,29.9
2026-07-23 08:53:00,30.1,100,100.70,0.00,281,0.00,29.9,42.7,30.0
2026-07-23 09:08:00,30.4,98,100.70,0.00,270,0.00,29.8,43.3,30.0
2026-07-23 09:23:00,30.6,98,100.70,0.00,281,0.00,30.1,44.3,30.3
2026-07-23 09:38:00,31.0,97,100.70,0.00,281,0.00,30.2,45.0,30.5
2026-07-23 09:53:00,31.2,96,100.70,0.00,269,0.00,30.3,45.0,30.6
2026-07-23 10:08:00,31.5,96,100.70,0.00,269,0.00,30.6,45.0,30.9
2026-07-23 10:23:00,31.7,95,100.70,0.00,270,0.00,30.6,45.0,30.9
2026-07-23 10:38:00,32.0,95,100.70,0.00,279,0.00,30.9,45.0,31.2
2026-07-23 10:53:00,32.3,94,100.70,0.00,279,0.00,31.0,45.0,31.4
2026-07-23 11:08:00,32.7,94,100.70,0.00,285,0.00,31.4,45.0,31.7
2026-07-23 11:23:00,33.0,94,100.70,0.00,278,0.00,31.5,45.0,31.8
2026-07-23 11:38:00,33.4,92,100.70,0.00,278,0.00,31.5,45.0,31.9
2026-07-23 11:53:00,33.8,91,100.70,0.00,269,0.00,31.7,45.0,32.2
2026-07-23 12:08:00,34.0,88,100.70,0.00,281,0.00,31.3,45.0,31.9
2026-07-23 12:23:00,34.3,88,100.70,0.00,279,0.00,31.6,45.0,32.2
2026-07-23 12:38:00,34.5,88,100.70,0.00,276,0.00,31.8,45.0,32.5
2026-07-23 12:53:00,34.8,85,100.70,0.00,273,0.00,31.5,45.0,32.3
2026-07-23 13:08:00,34.7,85,100.70,0.00,272,0.00,31.4,45.0,32.2
2026-07-23 13:23:00,35.1,82,100.70,0.00,279,0.00,31.1,45.0,32.0
2026-07-23 13:38:00,35.5,81,100.70,0.00,276,0.00,31.3,45.0,32.2
2026-07-23 13:53:00,35.6,77,100.70,0.00,281,0.00,30.5,45.0,31.7
2026-07-23 14:08:00,35.9,76,100.70,0.00,276,0.00,30.5,45.0,31.8
2026-07-23 14:23:00,36.0,74,100.70,0.00,279,0.00,30.2,45.0,31.6
2026-07-23 14:38:00,35.9,74,100.60,0.00,276,0.00,30.1,45.0,31.5
2026-07-23 14:53:00,35.6,74,100.60,0.00,269,0.00,29.7,45.0,31.1
2026-07-23 15:08:00,35.6,77,100.60,0.00,270,0.00,30.5,45.0,31.7
2026-07-23 15:23:00,36.1,75,100.60,0.00,276,0.00,30.5,45.0,31.8
2026-07-23 15:38:00,36.4,72,100.60,0.00,267,0.00,30.0,45.0,31.5
2026-07-23 15:53:00,36.3,72,100.60,0.00,281,0.00,29.9,45.0,31.4
2026-07-23 16:08:00,35.9,71,100.60,0.00,276,0.00,29.3,45.0,30.9
2026-07-23 16:23:00,36.0,72,100.60,0.00,278,0.00,29.6,45.0,31.2
2026-07-23 16:38:00,35.9,73,100.60,0.00,272,0.00,29.8,45.0,31.3
2026-07-23 16:53:00,35.2,80,100.60,0.00,269,0.00,30.7,45.0,31.7
2026-07-23 17:08:00,34.9,82,100.50,0.00,279,0.00,30.9,45.0,31.8
2026-07-23 17:23:00,34.9,83,100.50,0.00,287,0.00,31.1,45.0,31.9
2026-07-23 17:38:00,35.0,83,100.50,0.00,281,0.00,31.2,45.0,32.1
2026-07-23 17:53:00,34.9,82,100.50,0.00,269,0.00,30.9,45.0,31.9
2026-07-23 18:08:00,34.2,83,100.50,0.00,273,0.00,30.4,45.0,31.3
2026-07-23 18:23:00,33.7,83,100.50,0.00,281,0.00,30.0,45.0,30.9
2026-07-23 18:38:00,34.4,83,100.50,0.00,270,0.00,30.6,45.0,31.5
2026-07-23 18:53:00,33.8,84,100.60,0.00,279,0.00,30.3,45.0,31.1
2026-07-23 19:08:00,33.2,84,100.60,0.00,281,0.00,29.7,45.0,30.5
2026-07-23 19:23:00,33.0,85,100.60,0.00,272,0.00,29.7,45.0,30.5
2026-07-23 19:38:00,33.3,82,100.60,0.00,272,0.00,29.3,45.0,30.3
2026-07-23 19:53:00,33.5,89,100.60,0.00,269,0.00,31.1,45.0,31.6
2026-07-23 20:08:00,33.5,85,100.60,0.00,273,0.00,30.2,45.0,31.0
2026-07-23 20:23:00,33.2,86,100.60,0.00,278,0.00,30.1,45.0,30.8
2026-07-23 20:38:00,32.9,86,100.70,0.00,281,0.00,29.8,45.0,30.5
2026-07-23 20:53:00,32.9,89,100.70,0.00,282,0.00,30.5,45.0,31.0
2026-07-23 21:08:00,32.4,90,100.70,0.00,267,0.00,30.2,45.0,30.7
2026-07-23 21:23:00,32.2,89,100.70,0.00,269,0.00,30.0,45.0,30.5
2026-07-23 21:38:00,32.1,93,100.70,0.00,267,0.00,30.7,45.0,31.0
2026-07-23 21:53:00,31.8,93,100.70,0.00,270,0.00,30.4,45.0,30.7
2026-07-23 22:08:00,32.0,87,100.70,0.00,270,0.00,29.3,45.0,30.0
2026-07-23 22:23:00,32.0,95,100.70,0.00,278,0.00,30.9,45.0,31.2
2026-07-23 22:38:00,31.6,95,100.70,0.00,270,0.00,30.5,45.0,30.8
2026-07-23 22:53:00,31.5,93,100.70,0.00,281,0.00,30.0,45.0,30.4
2026-07-23 23:08:00,31.4,94,100.80,0.00,270,0.00,30.1,45.0,30.4
2026-07-23 23:23:00,31.4,93,100.80,0.00,275,0.00,29.9,45.0,30.2
2026-07-23 23:38:00,31.3,94,100.80,0.00,284,0.00,30.0,45.0,30.3
2026-07-23 23:53:00,31.3,94,100.80,0.00,270,0.00,30.1,45.0,30.4
2026-07-24 00:08:00,31.3,93,100.70,0.00,272,0.00,29.9,45.0,30.2
2026-07-24 00:23:00,31.4,93,100.70,0.00,269,0.00,29.9,45.0,30.3
2026-07-24 00:38:00,31.3,94,100.70,0.00,282,0.00,30.0,45.0,30.4
2026-07-24 00:53:00,31.2,94,100.70,0.00,270,0.00,29.9,45.0,30.2
2026-07-24 01:08:00,31.2,94,100.70,0.00,273,0.00,29.9,45.0,30.2
2026-07-24 01:23:00,31.1,94,100.70,0.00,281,0.00,29.9,44.9,30.2
2026-07-24 01:38:00,31.1,94,100.70,0.00,269,0.00,29.8,44.9,30.1
2026-07-24 01:53:00,31.0,94,100.70,0.00,282,0.00,29.7,44.4,30.1
2026-07-24 02:08:00,31.0,94,100.70,0.00,281,0.00,29.8,44.4,30.1
2026-07-24 02:23:00,31.0,94,100.70,0.00,281,0.00,29.7,44.4,30.1
2026-07-24 02:38:00,31.0,94,100.70,0.00,281,0.00,29.7,44.4,30.0
2026-07-24 02:53:00,30.9,94,100.70,0.00,269,0.00,29.6,44.0,30.0
2026-07-24 03:08:00,30.8,94,100.60,0.00,285,0.00,29.6,43.5,29.9
2026-07-24 03:23:00,30.9,94,100.70,0.00,273,0.00,29.6,44.0,29.9
2026-07-24 03:38:00,30.9,94,100.70,0.00,275,0.00,29.6,44.0,29.9
2026-07-24 03:53:00,30.8,94,100.70,0.00,276,0.00,29.5,43.5,29.9
2026-07-24 04:08:00,30.7,94,100.70,0.00,269,0.00,29.4,43.1,29.8
2026-07-24 04:23:00,30.7,93,100.70,0.00,273,0.00,29.2,42.7,29.6
2026-07-24 04:38:00,30.7,91,100.70,0.00,270,0.00,28.8,41.9,29.3
2026-07-24 04:53:00,30.7,91,100.70,0.00,273,0.00,28.9,41.9,29.3
2026-07-24 05:08:00,30.7,91,100.70,0.00,279,0.00,28.9,41.9,29.3
2026-07-24 05:23:00,30.7,91,100.70,0.00,272,0.00,28.9,41.9,29.3
2026-07-24 05:38:00,30.7,91,100.70,0.00,273,0.00,28.8,41.9,29.3
2026-07-24 05:53:00,30.6,90,100.70,0.00,272,0.00,28.6,41.1,29.0
2026-07-24 06:08:00,30.5,89,100.70,0.00,281,0.00,28.3,40.3,28.8
2026-07-24 06:23:00,30.4,87,100.70,0.00,282,0.00,27.8,39.2,28.4
2026-07-24 06:38:00,30.5,88,100.70,0.00,281,0.00,28.1,40.0,28.6
2026-07-24 06:53:00,30.5,88,100.80,0.00,270,0.00,28.1,40.0,28.6
2026-07-24 07:08:00,30.6,89,100.80,0.00,275,0.00,28.3,40.7,28.9
2026-07-24 07:23:00,30.6,89,100.80,0.00,270,0.00,28.4,40.7,28.9
2026-07-24 07:38:00,30.7,89,100.80,0.00,279,0.00,28.4,41.1,29.0
2026-07-24 07:53:00,30.8,89,100.80,0.00,282,0.00,28.5,41.5,29.1
2026-07-24 08:08:00,30.8,88,100.80,0.00,281,0.00,28.3,41.2,28.9
2026-07-24 08:23:00,30.8,87,100.80,0.00,282,0.00,28.1,40.8,28.8
2026-07-24 08:38:00,30.9,87,100.80,0.00,273,0.00,28.3,41.2,28.9
2026-07-24 08:53:00,31.1,85,100.90,0.00,282,0.00,28.1,41.2,28.8
2026-07-24 09:08:00,31.4,85,100.90,0.00,282,0.00,28.3,42.3,29.0
2026-07-24 09:23:00,31.5,85,100.90,0.00,278,0.00,28.5,42.7,29.2
2026-07-24 09:38:00,31.7,84,100.90,0.00,281,0.00,28.5,43.1,29.3
2026-07-24 09:53:00,31.8,83,100.90,0.00,281,0.00,28.3,43.1,29.1
2026-07-24 10:08:00,32.0,82,100.90,0.00,273,0.00,28.3,43.4,29.2
2026-07-24 10:23:00,32.2,81,100.90,0.00,272,0.00,28.3,43.7,29.2
2026-07-24 10:38:00,32.4,78,100.90,0.00,279,0.00,27.6,42.7,28.8
2026-07-24 10:53:00,32.6,76,100.90,0.00,278,0.00,27.3,42.6,28.6
2026-07-24 11:08:00,32.9,77,100.90,0.00,282,0.00,27.9,44.1,29.1
2026-07-24 11:23:00,33.3,76,100.90,0.00,272,0.00,28.0,45.0,29.3
2026-07-24 11:38:00,33.7,77,100.90,0.00,279,0.00,28.6,45.0,29.8
2026-07-24 11:53:00,33.9,72,100.90,0.00,273,0.00,27.6,45.0,29.2
2026-07-24 12:08:00,34.3,71,100.90,0.00,279,0.00,27.8,45.0,29.4
2026-07-24 12:23:00,34.2,70,100.90,0.00,273,0.00,27.5,45.0,29.2
2026-07-24 12:38:00,35.0,70,100.90,0.00,273,0.00,28.2,45.0,29.9
2026-07-24 12:53:00,34.5,66,100.90,0.00,269,0.00,26.7,44.4,28.8
2026-07-24 13:08:00,35.3,68,100.90,0.00,281,0.00,28.0,45.0,29.8
2026-07-24 13:23:00,35.6,66,100.90,0.00,275,0.00,27.7,45.0,29.7
2026-07-24 13:38:00,35.5,68,100.90,0.00,269,0.00,28.2,45.0,30.0
2026-07-24 13:53:00,35.6,69,100.90,0.00,270,0.00,28.5,45.0,30.3
2026-07-24 14:08:00,35.8,70,100.90,0.00,279,0.00,28.9,45.0,30.6
2026-07-24 14:23:00,35.9,70,100.90,0.00,279,0.00,29.1,45.0,30.8
2026-07-24 14:38:00,36.0,70,100.80,0.00,269,0.00,29.2,45.0,30.9
2026-07-24 14:53:00,35.8,72,100.90,0.00,278,0.00,29.4,45.0,31.0
2026-07-24 15:08:00,35.9,71,100.80,0.00,269,0.00,29.2,45.0,30.9
2026-07-24 15:23:00,35.9,71,100.80,0.00,273,0.00,29.3,45.0,30.9
2026-07-24 15:38:00,35.9,71,100.80,0.00,278,0.00,29.2,45.0,30.9
2026-07-24 15:53:00,35.8,71,100.80,0.00,270,0.00,29.2,45.0,30.8
2026-07-24 16:08:00,34.9,70,100.80,0.00,272,0.00,28.1,45.0,29.8
2026-07-24 16:23:00,34.9,71,100.80,0.00,281,0.00,28.3,45.0,30.0
2026-07-24 16:38:00,35.4,71,100.80,0.00,278,0.00,28.8,45.0,30.5
2026-07-24 16:53:00,34.5,67,100.80,0.00,269,0.00,26.9,44.9,28.9
2026-07-24 17:08:00,34.0,70,100.70,0.00,270,0.00,27.3,44.7,29.0
2026-07-24 17:23:00,33.9,71,100.70,0.00,270,0.00,27.4,44.8,29.0
2026-07-24 17:38:00,33.8,72,100.70,0.00,281,0.00,27.5,45.0,29.1
2026-07-24 17:53:00,33.7,73,100.70,0.00,281,0.00,27.7,45.0,29.2
2026-07-24 18:08:00,33.3,72,100.70,0.00,281,0.00,27.1,43.2,28.7
2026-07-24 18:23:00,33.4,65,100.70,0.00,272,0.00,25.4,40.4,27.6
2026-07-24 18:38:00,33.0,74,100.70,0.00,281,0.00,27.3,43.1,28.8
2026-07-24 18:53:00,33.4,59,100.70,0.00,281,0.00,23.7,38.1,26.5
2026-07-24 19:08:00,34.2,74,100.70,0.00,282,0.00,28.4,45.0,29.8
2026-07-24 19:23:00,34.0,73,100.70,0.00,282,0.00,28.0,45.0,29.5
2026-07-24 19:38:00,33.9,77,100.70,0.00,279,0.00,28.8,45.0,30.1
2026-07-24 19:53:00,33.8,75,100.70,0.00,272,0.00,28.2,45.0,29.6
2026-07-24 20:08:00,33.3,77,100.80,0.00,279,0.00,28.3,45.0,29.5
2026-07-24 20:23:00,32.8,77,100.80,0.00,272,0.00,27.7,43.7,29.0
2026-07-24 20:38:00,32.5,70,100.80,0.00,281,0.00,25.8,39.7,27.6
2026-07-24 20:53:00,32.3,84,100.90,0.00,273,0.00,28.8,45.0,29.6
2026-07-24 21:08:00,32.1,77,100.90,0.00,275,0.00,27.3,41.6,28.5
2026-07-24 21:23:00,32.2,83,100.90,0.00,281,0.00,28.7,44.7,29.6
2026-07-24 21:38:00,32.1,87,100.90,0.00,270,0.00,29.5,45.0,30.1
2026-07-24 21:53:00,31.9,87,100.90,0.00,287,0.00,29.3,45.0,29.9
2026-07-24 22:08:00,31.9,90,100.90,0.00,282,0.00,29.8,45.0,30.3
2026-07-24 22:23:00,31.8,91,101.00,0.00,279,0.00,29.9,45.0,30.4
2026-07-24 22:38:00,31.7,91,101.00,0.00,270,0.00,29.8,45.0,30.3
2026-07-24 22:53:00,31.5,93,101.00,0.00,281,0.00,30.0,45.0,30.4
2026-07-24 23:08:00,31.4,91,101.00,0.00,279,0.00,29.6,44.9,30.0
2026-07-24 23:23:00,31.3,90,101.00,0.00,276,0.00,29.3,44.0,29.8
2026-07-24 23:38:00,31.2,91,101.00,0.00,276,0.00,29.3,44.0,29.8
2026-07-24 23:53:00,31.1,93,101.00,0.00,270,0.00,29.6,44.5,30.0
2026-07-25 00:08:00,31.0,94,101.00,0.00,281,0.00,29.7,44.4,30.0
2026-07-25 00:23:00,31.2,94,101.00,0.00,278,0.00,29.9,45.0,30.2
2026-07-25 00:38:00,31.2,94,101.00,0.00,270,0.00,30.0,45.0,30.3
2026-07-25 00:53:00,31.2,94,101.00,0.00,276,0.00,30.0,45.0,30.3
2026-07-25 01:08:00,31.2,94,100.90,0.00,269,0.00,29.9,45.0,30.2
2026-07-25 01:23:00,31.1,94,100.90,0.00,275,0.00,29.8,44.9,30.2
2026-07-25 01:38:00,31.1,94,100.90,0.00,272,0.00,29.9,44.9,30.2
2026-07-25 01:53:00,31.1,95,100.90,0.00,272,0.00,30.0,45.0,30.3
2026-07-25 02:08:00,31.1,94,100.90,0.00,270,0.00,29.9,44.9,30.2
2026-07-25 02:23:00,31.1,94,100.90,0.00,279,0.00,29.9,44.9,30.2
2026-07-25 02:38:00,31.1,94,100.90,0.00,275,0.00,29.8,44.9,30.2
2026-07-25 02:53:00,31.0,94,100.90,0.00,281,0.00,29.7,44.4,30.1
2026-07-25 03:08:00,30.9,94,100.90,0.00,288,0.00,29.6,44.0,30.0
2026-07-25 03:23:00,30.9,93,100.90,0.00,279,0.00,29.4,43.6,29.8
2026-07-25 03:38:00,30.8,93,100.90,0.00,270,0.00,29.3,43.1,29.7
2026-07-25 03:53:00,30.8,93,100.90,0.00,281,0.00,29.3,43.1,29.7
2026-07-25 04:08:00,30.8,93,100.90,0.00,282,0.00,29.4,43.1,29.7
2026-07-25 04:23:00,30.8,93,100.90,0.00,279,0.00,29.3,43.1,29.7
2026-07-25 04:38:00,30.8,93,100.90,0.00,273,0.00,29.3,43.1,29.7
2026-07-25 04:53:00,30.8,93,100.90,0.00,279,0.00,29.3,43.1,29.7
2026-07-25 05:08:00,30.8,94,100.90,0.00,270,0.00,29.5,43.5,29.8
2026-07-25 05:23:00,30.8,94,100.90,0.00,279,0.00,29.5,43.5,29.9
2026-07-25 05:38:00,30.8,94,100.90,0.00,278,0.00,29.5,43.5,29.8
2026-07-25 05:53:00,30.8,94,100.90,0.00,270,0.00,29.5,43.5,29.9
2026-07-25 06:08:00,30.8,94,100.90,0.00,282,0.00,29.6,43.5,29.9
2026-07-25 06:23:00,30.8,94,100.90,0.00,279,0.00,29.6,43.5,29.9
2026-07-25 06:38:00,30.8,94,100.90,0.00,276,0.00,29.6,43.5,29.9
2026-07-25 06:53:00,30.8,94,100.90,0.00,270,0.00,29.6,43.5,29.9
2026-07-25 07:08:00,30.9,94,100.90,0.00,279,0.00,29.6,44.0,29.9
2026-07-25 07:23:00,30.8,94,100.90,0.00,284,0.00,29.6,43.5,29.9
2026-07-25 07:38:00,30.9,94,100.90,0.00,282,0.00,29.6,44.0,30.0
2026-07-25 07:53:00,31.1,94,100.90,0.00,279,0.00,29.8,44.9,30.1
2026-07-25 08:08:00,31.2,94,101.00,0.00,269,0.00,29.9,45.0,30.3
2026-07-25 08:23:00,31.3,94,101.00,0.00,270,0.00,30.1,45.0,30.4
2026-07-25 08:38:00,31.4,94,101.00,0.00,279,0.00,30.1,45.0,30.4
2026-07-25 08:53:00,31.6,94,101.00,0.00,279,0.00,30.3,45.0,30.6
2026-07-25 09:08:00,31.7,94,101.00,0.00,275,0.00,30.4,45.0,30.7
2026-07-25 09:23:00,31.9,93,101.00,0.00,279,0.00,30.4,45.0,30.8
2026-07-25 09:38:00,32.1,93,101.00,0.00,282,0.00,30.6,45.0,31.0
2026-07-25 09:53:00,32.2,91,101.00,0.00,279,0.00,30.3,45.0,30.8
2026-07-25 10:08:00,32.4,92,101.10,0.00,272,0.00,30.6,45.0,31.0
2026-07-25 10:23:00,32.7,90,101.10,0.00,276,0.00,30.6,45.0,31.1
2026-07-25 10:38:00,32.9,89,101.10,0.00,282,0.00,30.4,45.0,31.0
2026-07-25 10:53:00,33.1,88,101.10,0.00,278,0.00,30.5,45.0,31.1
2026-07-25 11:08:00,33.4,85,101.10,0.00,276,0.00,30.1,45.0,30.9
2026-07-25 11:23:00,33.6,85,101.10,0.00,279,0.00,30.2,45.0,31.0
2026-07-25 11:38:00,34.1,85,101.10,0.00,278,0.00,30.8,45.0,31.6
2026-07-25 11:53:00,34.6,81,101.10,0.00,269,0.00,30.4,45.0,31.4
2026-07-25 12:08:00,34.8,78,101.10,0.00,272,0.00,29.9,45.0,31.1
2026-07-25 12:23:00,34.8,79,101.10,0.00,272,0.00,30.2,45.0,31.2
2026-07-25 12:38:00,35.0,77,101.10,0.00,275,0.00,29.9,45.0,31.1
2026-07-25 12:53:00,35.2,76,101.00,0.00,279,0.00,29.9,45.0,31.1
2026-07-25 13:08:00,35.2,75,101.00,0.00,270,0.00,29.6,45.0,30.9
2026-07-25 13:23:00,35.6,73,101.00,0.00,278,0.00,29.5,45.0,30.9
2026-07-25 13:38:00,35.6,75,101.00,0.00,273,0.00,30.0,45.0,31.4
2026-07-25 13:53:00,35.9,72,101.00,0.00,272,0.00,29.5,45.0,31.1
2026-07-25 14:08:00,35.5,73,101.00,0.00,272,0.00,29.4,45.0,30.9
2026-07-25 14:23:00,35.0,72,101.00,0.00,287,0.00,28.6,45.0,30.2
2026-07-25 14:38:00,34.8,83,101.00,0.00,279,0.00,31.1,45.0,31.9
2026-07-25 14:53:00,34.6,79,101.00,0.00,287,0.00,30.0,45.0,31.1
2026-07-25 15:08:00,34.8,81,100.90,0.00,269,0.00,30.6,45.0,31.5
2026-07-25 15:23:00,34.7,81,100.90,0.00,278,0.00,30.5,45.0,31.5
2026-07-25 15:38:00,34.7,79,100.90,0.00,272,0.00,30.1,45.0,31.2
2026-07-25 15:53:00,34.8,78,100.90,0.00,278,0.00,29.9,45.0,31.1
2026-07-25 16:08:00,34.8,78,100.90,0.00,278,0.00,29.9,45.0,31.1
2026-07-25 16:23:00,34.6,76,100.90,0.00,281,0.00,29.2,45.0,30.5
2026-07-25 16:38:00,34.5,78,100.90,0.00,272,0.00,29.6,45.0,30.8
2026-07-25 16:53:00,34.3,78,100.90,0.00,279,0.00,29.4,45.0,30.6
2026-07-25 17:08:00,34.2,79,100.90,0.00,279,0.00,29.6,45.0,30.7
2026-07-25 17:23:00,34.3,78,100.90,0.00,281,0.00,29.5,45.0,30.6
2026-07-25 17:38:00,34.3,79,100.90,0.00,270,0.00,29.7,45.0,30.8
2026-07-25 17:53:00,34.2,79,100.90,0.00,275,0.00,29.5,45.0,30.6
2026-07-25 18:08:00,34.2,78,100.90,0.00,278,0.00,29.3,45.0,30.5
2026-07-25 18:23:00,34.1,79,100.80,0.00,281,0.00,29.5,45.0,30.6
2026-07-25 18:38:00,33.9,78,100.80,0.00,275,0.00,29.1,45.0,30.2
2026-07-25 18:53:00,33.8,82,100.90,0.00,269,0.00,29.9,45.0,30.8
2026-07-25 19:08:00,33.7,83,100.90,0.00,269,0.00,29.9,45.0,30.8
2026-07-25 19:23:00,33.6,84,100.90,0.00,272,0.00,30.1,45.0,30.9
2026-07-25 19:38:00,33.3,85,100.90,0.00,276,0.00,30.0,45.0,30.8
2026-07-25 19:53:00,33.1,86,100.90,0.00,287,0.00,30.1,45.0,30.8
2026-07-25 20:08:00,33.0,88,100.90,0.00,267,0.00,30.3,45.0,30.9
2026-07-25 20:23:00,32.8,88,100.90,0.00,272,0.00,30.2,45.0,30.8
2026-07-25 20:38:00,32.7,88,100.90,0.00,281,0.00,30.2,45.0,30.8
2026-07-25 20:53:00,32.5,90,100.90,0.00,270,0.00,30.3,45.0,30.8
2026-07-25 21:08:00,32.4,90,100.90,0.00,272,0.00,30.1,45.0,30.6
2026-07-25 21:23:00,32.2,90,100.90,0.00,279,0.00,30.2,45.0,30.7
2026-07-25 21:38:00,32.1,90,100.90,0.00,270,0.00,30.1,45.0,30.6
2026-07-25 21:53:00,32.0,91,100.90,0.00,279,0.00,30.2,45.0,30.6
2026-07-25 22:08:00,32.0,91,100.90,0.00,269,0.00,30.1,45.0,30.6
2026-07-25 22:23:00,31.8,91,101.00,0.00,273,0.00,29.9,45.0,30.3
2026-07-25 22:38:00,31.6,91,101.00,0.00,270,0.00,29.8,45.0,30.2
2026-07-25 22:53:00,31.6,91,101.00,0.00,281,0.00,29.7,45.0,30.1
2026-07-25 23:08:00,31.4,91,101.00,0.00,272,0.00,29.5,44.9,30.0
2026-07-25 23:23:00,31.4,93,101.00,0.00,281,0.00,29.9,45.0,30.2
2026-07-25 23:38:00,31.3,93,101.00,0.00,270,0.00,29.9,45.0,30.2
2026-07-25 23:53:00,31.3,93,101.00,0.00,281,0.00,29.9,45.0,30.2
2026-07-26 00:08:00,31.3,94,101.00,0.00,281,0.00,30.0,45.0,30.3
2026-07-26 00:23:00,31.1,94,101.00,0.00,270,0.00,29.9,44.9,30.2
2026-07-26 00:38:00,31.1,94,101.00,0.00,282,0.00,29.8,44.9,30.1
2026-07-26 00:53:00,31.1,94,101.00,0.00,290,0.00,29.8,44.9,30.1
2026-07-26 01:08:00,31.1,94,101.00,0.00,282,0.00,29.8,44.9,30.1
2026-07-26 01:23:00,31.1,94,101.00,0.00,282,0.00,29.8,44.9,30.1
2026-07-26 01:38:00,31.0,94,101.00,0.00,282,0.00,29.7,44.4,30.1
2026-07-26 01:53:00,31.0,94,101.00,0.00,269,0.00,29.7,44.4,30.0
2026-07-26 02:08:00,31.0,94,101.00,0.00,270,0.00,29.7,44.4,30.0
2026-07-26 02:23:00,30.9,94,101.00,0.00,275,0.00,29.6,44.0,30.0
2026-07-26 02:38:00,30.9,93,100.90,0.00,272,0.00,29.5,43.6,29.8
2026-07-26 02:53:00,30.9,93,100.90,0.00,281,0.00,29.5,43.6,29.8
2026-07-26 03:08:00,30.9,93,100.90,0.00,273,0.00,29.5,43.6,29.8
2026-07-26 03:23:00,30.9,93,100.90,0.00,270,0.00,29.5,43.6,29.8
2026-07-26 03:38:00,30.9,93,100.90,0.00,284,0.00,29.4,43.6,29.8
2026-07-26 03:53:00,30.9,93,100.90,0.00,281,0.00,29.4,43.6,29.8
2026-07-26 04:08:00,30.9,93,100.90,0.00,273,0.00,29.5,43.6,29.8
2026-07-26 04:23:00,31.0,93,100.90,0.00,275,0.00,29.5,44.0,29.9
2026-07-26 04:38:00,31.0,91,100.90,0.00,279,0.00,29.1,43.2,29.6
2026-07-26 04:53:00,30.9,91,100.90,0.00,278,0.00,29.1,42.7,29.5
2026-07-26 05:08:00,30.8,91,100.90,0.00,279,0.00,29.0,42.3,29.4
2026-07-26 05:23:00,30.8,91,100.90,0.00,269,0.00,29.0,42.3,29.4
2026-07-26 05:38:00,30.7,93,100.90,0.00,270,0.00,29.2,42.7,29.6
2026-07-26 05:53:00,30.7,93,100.90,0.00,273,0.00,29.2,42.7,29.6
2026-07-26 06:08:00,30.7,91,100.90,0.00,288,0.00,28.8,41.9,29.3
2026-07-26 06:23:00,30.6,91,100.90,0.00,275,0.00,28.8,41.5,29.2
2026-07-26 06:38:00,30.6,93,100.90,0.00,278,0.00,29.2,42.2,29.5
2026-07-26 06:53:00,30.5,93,100.90,0.00,273,0.00,29.0,41.8,29.4
2026-07-26 07:08:00,30.5,94,100.90,0.00,290,0.00,29.3,42.2,29.6
2026-07-26 07:23:00,30.6,94,100.90,0.00,270,0.00,29.3,42.6,29.6
2026-07-26 07:38:00,30.7,94,101.00,0.00,281,0.00,29.4,43.1,29.7
2026-07-26 07:53:00,30.9,94,101.00,0.00,273,0.00,29.6,44.0,29.9
2026-07-26 08:08:00,30.9,94,100.90,0.00,276,0.00,29.6,44.0,29.9
2026-07-26 08:23:00,30.9,94,100.90,0.00,281,0.00,29.7,44.0,30.0
2026-07-26 08:38:00,30.9,94,100.90,0.00,270,0.00,29.6,44.0,29.9
2026-07-26 08:53:00,30.8,94,100.90,0.00,272,0.00,29.5,43.5,29.9
2026-07-26 09:08:00,30.9,94,100.90,0.00,270,0.00,29.6,44.0,30.0
2026-07-26 09:23:00,31.2,94,100.90,0.00,281,0.00,29.9,45.0,30.3
2026-07-26 09:38:00,31.3,91,100.90,0.00,278,0.00,29.5,44.5,29.9
2026-07-26 09:53:00,31.4,89,101.00,0.00,270,0.00,29.2,44.0,29.7
2026-07-26 10:08:00,31.9,89,101.00,0.00,278,0.00,29.7,45.0,30.2
2026-07-26 10:23:00,32.1,85,101.00,0.00,272,0.00,29.0,45.0,29.8
2026-07-26 10:38:00,32.5,86,101.00,0.00,279,0.00,29.4,45.0,30.1
2026-07-26 10:53:00,32.7,84,101.00,0.00,276,0.00,29.5,45.0,30.2
2026-07-26 11:08:00,33.0,84,101.00,0.00,272,0.00,29.5,45.0,30.3
2026-07-26 11:23:00,33.3,83,101.00,0.00,278,0.00,29.6,45.0,30.5
2026-07-26 11:38:00,33.6,80,101.00,0.00,279,0.00,29.2,45.0,30.3
2026-07-26 11:53:00,34.0,77,101.00,0.00,275,0.00,28.9,45.0,30.1
2026-07-26 12:08:00,34.3,77,101.00,0.00,279,0.00,29.2,45.0,30.5
2026-07-26 12:23:00,34.5,76,101.00,0.00,279,0.00,29.2,45.0,30.4
2026-07-26 12:38:00,34.7,75,101.00,0.00,273,0.00,29.1,45.0,30.5
2026-07-26 12:53:00,34.2,73,101.00,0.00,285,0.00,28.2,45.0,29.7
2026-07-26 13:08:00,34.0,73,101.00,0.00,272,0.00,28.0,45.0,29.5
2026-07-26 13:23:00,34.3,76,100.90,0.00,275,0.00,29.0,45.0,30.3
2026-07-26 13:38:00,34.1,78,100.90,0.00,273,0.00,29.2,45.0,30.4
2026-07-26 13:53:00,34.4,77,100.90,0.00,279,0.00,29.3,45.0,30.6
2026-07-26 14:08:00,34.8,73,100.90,0.00,275,0.00,28.7,45.0,30.2
2026-07-26 14:23:00,34.7,72,100.90,0.00,270,0.00,28.4,45.0,30.0
2026-07-26 14:38:00,34.7,71,100.90,0.00,276,0.00,28.2,45.0,29.8
2026-07-26 14:53:00,34.8,71,100.90,0.00,272,0.00,28.3,45.0,29.9
2026-07-26 15:08:00,35.3,71,100.90,0.00,279,0.00,28.7,45.0,30.4
2026-07-26 15:23:00,35.3,72,100.80,0.00,279,0.00,28.9,45.0,30.5
2026-07-26 15:38:00,35.1,70,100.80,0.00,276,0.00,28.3,45.0,30.0
2026-07-26 15:53:00,35.4,72,100.80,0.00,270,0.00,29.1,45.0,30.7
2026-07-26 16:08:00,35.3,70,100.80,0.00,269,0.00,28.5,45.0,30.2
2026-07-26 16:23:00,35.2,69,100.80,0.00,279,0.00,28.1,45.0,29.9
2026-07-26 16:38:00,35.0,70,100.80,0.00,282,0.00,28.2,45.0,29.9
2026-07-26 16:53:00,34.9,75,100.80,0.00,278,0.00,29.3,45.0,30.7
2026-07-26 17:08:00,34.6,75,100.80,0.00,279,0.00,29.1,45.0,30.4
2026-07-26 17:23:00,34.6,75,100.70,0.00,270,0.00,29.0,45.0,30.4
2026-07-26 17:38:00,34.7,76,100.70,0.00,279,0.00,29.3,45.0,30.6
2026-07-26 17:53:00,34.5,75,100.70,0.00,275,0.00,28.9,45.0,30.3
2026-07-26 18:08:00,34.4,73,100.70,0.00,278,0.00,28.3,45.0,29.8
2026-07-26 18:23:00,34.4,72,100.70,0.00,270,0.00,28.1,45.0,29.7
2026-07-26 18:38:00,34.4,75,100.70,0.00,270,0.00,28.8,45.0,30.1
2026-07-26 18:53:00,34.1,75,100.70,0.00,272,0.00,28.6,45.0,29.9
2026-07-26 19:08:00,33.8,75,100.70,0.00,275,0.00,28.2,45.0,29.6
2026-07-26 19:23:00,33.5,77,100.70,0.00,278,0.00,28.5,45.0,29.7
2026-07-26 19:38:00,33.4,79,100.70,0.00,272,0.00,28.8,45.0,29.9
2026-07-26 19:53:00,33.4,82,100.80,0.00,279,0.00,29.4,45.0,30.4
2026-07-26 20:08:00,33.2,84,100.80,0.00,281,0.00,29.7,45.0,30.5
2026-07-26 20:23:00,33.0,85,100.80,0.00,284,0.00,29.7,45.0,30.5
2026-07-26 20:38:00,32.8,85,100.90,0.00,281,0.00,29.5,45.0,30.3
2026-07-26 20:53:00,32.6,86,100.90,0.00,272,0.00,29.6,45.0,30.3
2026-07-26 21:08:00,32.5,86,100.90,0.00,282,0.00,29.5,45.0,30.2
2026-07-26 21:23:00,32.4,88,100.90,0.00,278,0.00,29.8,45.0,30.4
2026-07-26 21:38:00,32.4,88,100.90,0.00,275,0.00,29.9,45.0,30.5
2026-07-26 21:53:00,32.3,88,100.90,0.00,273,0.00,29.7,45.0,30.3
2026-07-26 22:08:00,32.2,88,100.90,0.00,273,0.00,29.8,45.0,30.3
2026-07-26 22:23:00,32.1,89,101.00,0.00,279,0.00,29.9,45.0,30.4
2026-07-26 22:38:00,32.0,90,100.90,0.00,278,0.00,30.0,45.0,30.5
2026-07-26 22:53:00,32.0,91,100.90,0.00,278,0.00,30.1,45.0,30.5
2026-07-26 23:08:00,31.8,91,100.90,0.00,272,0.00,30.0,45.0,30.4
2026-07-26 23:23:00,31.8,91,100.90,0.00,273,0.00,29.9,45.0,30.4
2026-07-26 23:38:00,31.7,91,100.90,0.00,269,0.00,29.8,45.0,30.3
2026-07-26 23:53:00,31.7,93,101.00,0.00,281,0.00,30.2,45.0,30.6
2026-07-27 00:08:00,31.6,93,101.00,0.00,278,0.00,30.2,45.0,30.5
2026-07-27 00:23:00,31.6,93,101.00,0.00,284,0.00,30.1,45.0,30.4
2026-07-27 00:38:00,31.5,93,101.00,0.00,276,0.00,30.0,45.0,30.4
2026-07-27 00:53:00,31.4,94,101.00,0.00,281,0.00,30.1,45.0,30.4
2026-07-27 01:08:00,31.4,94,101.00,0.00,281,0.00,30.1,45.0,30.4
2026-07-27 01:23:00,31.3,94,101.00,0.00,281,0.00,30.0,45.0,30.3
2026-07-27 01:38:00,31.2,94,101.00,0.00,270,0.00,30.0,45.0,30.3
2026-07-27 01:53:00,31.2,95,101.00,0.00,279,0.00,30.2,45.0,30.4
2026-07-27 02:08:00,31.2,94,101.00,0.00,275,0.00,29.9,45.0,30.2
2026-07-27 02:23:00,31.1,95,101.00,0.00,290,0.00,30.0,45.0,30.3
2026-07-27 02:38:00,31.0,95,101.00,0.00,282,0.00,29.9,44.9,30.2
2026-07-27 02:53:00,31.0,95,101.00,0.00,276,0.00,29.9,44.9,30.2
2026-07-27 03:08:00,31.0,95,101.00,0.00,281,0.00,29.9,44.9,30.2
2026-07-27 03:23:00,31.0,95,101.00,0.00,269,0.00,29.9,44.9,30.2
2026-07-27 03:38:00,30.9,94,101.00,0.00,273,0.00,29.6,44.0,30.0
2026-07-27 03:53:00,30.9,94,101.00,0.00,284,0.00,29.6,44.0,29.9
2026-07-27 04:08:00,30.8,94,101.00,0.00,281,0.00,29.5,43.5,29.8
2026-07-27 04:23:00,30.8,94,101.00,0.00,269,0.00,29.5,43.5,29.9
2026-07-27 04:38:00,30.7,94,101.00,0.00,282,0.00,29.5,43.1,29.8
2026-07-27 04:53:00,30.7,94,101.00,0.00,282,0.00,29.5,43.1,29.8
2026-07-27 05:08:00,30.7,94,101.00,0.00,276,0.00,29.5,43.1,29.8
2026-07-27 05:23:00,30.7,94,101.00,0.00,281,0.00,29.4,43.1,29.7
2026-07-27 05:38:00,30.6,94,101.00,0.00,272,0.00,29.3,42.6,29.7
2026-07-27 05:53:00,30.6,94,101.00,0.00,270,0.00,29.3,42.6,29.7
2026-07-27 06:08:00,30.6,94,101.00,0.00,272,0.00,29.4,42.6,29.7
2026-07-27 06:23:00,30.6,94,101.00,0.00,270,0.00,29.3,42.6,29.7
2026-07-27 06:38:00,30.6,94,101.00,0.00,279,0.00,29.3,42.6,29.6
2026-07-27 06:53:00,30.6,93,101.00,0.00,281,0.00,29.2,42.2,29.5
2026-07-27 07:08:00,30.6,93,101.00,0.00,279,0.00,29.2,42.2,29.5
2026-07-27 07:23:00,30.6,93,101.00,0.00,270,0.00,29.1,42.2,29.5
2026-07-27 07:38:00,30.6,93,101.10,0.00,275,0.00,29.1,42.2,29.5
2026-07-27 07:53:00,30.6,93,101.10,0.00,272,0.00,29.2,42.2,29.5
2026-07-27 08:08:00,30.7,93,101.10,0.00,281,0.00,29.3,42.7,29.6
2026-07-27 08:23:00,30.8,93,101.10,0.00,282,0.00,29.4,43.1,29.7
2026-07-27 08:38:00,31.0,93,101.10,0.00,272,0.00,29.6,44.0,29.9
2026-07-27 08:53:00,31.1,93,101.10,0.00,279,0.00,29.7,44.5,30.0
2026-07-27 09:08:00,31.3,93,101.20,0.00,275,0.00,29.9,45.0,30.2
2026-07-27 09:23:00,31.4,91,101.20,0.00,278,0.00,29.6,44.9,30.0
2026-07-27 09:38:00,31.6,91,101.20,0.00,273,0.00,29.7,45.0,30.2
2026-07-27 09:53:00,31.7,90,101.20,0.00,281,0.00,29.6,45.0,30.1
2026-07-27 10:08:00,31.7,90,101.20,0.00,281,0.00,29.7,45.0,30.1
2026-07-27 10:23:00,31.8,89,101.20,0.00,282,0.00,29.6,45.0,30.1
2026-07-27 10:38:00,32.1,88,101.20,0.00,278,0.00,29.6,45.0,30.2
2026-07-27 10:53:00,32.6,88,101.20,0.00,273,0.00,29.9,45.0,30.5
2026-07-27 11:08:00,33.1,85,101.20,0.00,279,0.00,29.8,45.0,30.5
2026-07-27 11:23:00,32.7,84,101.20,0.00,279,0.00,29.4,45.0,30.2
2026-07-27 11:38:00,32.4,86,101.20,0.00,278,0.00,29.3,45.0,30.0
2026-07-27 11:53:00,32.8,88,101.20,0.00,278,0.00,30.1,45.0,30.8
2026-07-27 12:08:00,33.6,86,101.20,0.00,279,0.00,30.5,45.0,31.2
2026-07-27 12:23:00,34.0,83,101.20,0.00,278,0.00,30.2,45.0,31.1
2026-07-27 12:38:00,34.0,79,101.20,0.00,278,0.00,29.4,45.0,30.5
2026-07-27 12:53:00,33.6,81,101.20,0.00,278,0.00,29.5,45.0,30.4
2026-07-27 13:08:00,33.8,81,101.20,0.00,270,0.00,29.6,45.0,30.6
2026-07-27 13:23:00,33.9,79,101.20,0.00,279,0.00,29.3,45.0,30.4
2026-07-27 13:38:00,33.8,81,101.20,0.00,272,0.00,29.6,45.0,30.6
2026-07-27 13:53:00,34.0,79,101.20,0.00,270,0.00,29.4,45.0,30.5
2026-07-27 14:08:00,34.0,81,101.20,0.00,270,0.00,29.8,45.0,30.8
2026-07-27 14:23:00,34.4,79,101.20,0.00,278,0.00,29.7,45.0,30.8
2026-07-27 14:38:00,34.6,79,101.20,0.00,275,0.00,29.9,45.0,31.0
2026-07-27 14:53:00,34.8,75,101.10,0.00,279,0.00,29.2,45.0,30.5
2026-07-27 15:08:00,34.6,76,101.10,0.00,275,0.00,29.3,45.0,30.5
2026-07-27 15:23:00,34.4,76,101.10,0.00,279,0.00,29.1,45.0,30.4
2026-07-27 15:38:00,34.5,76,101.10,0.00,276,0.00,29.1,45.0,30.4
2026-07-27 15:53:00,34.6,75,101.10,0.00,279,0.00,29.0,45.0,30.4
2026-07-27 16:08:00,34.6,73,101.10,0.00,269,0.00,28.6,45.0,30.1
2026-07-27 16:23:00,34.3,75,101.10,0.00,275,0.00,28.7,45.0,30.1
2026-07-27 16:38:00,34.1,77,101.10,0.00,279,0.00,29.0,45.0,30.2
2026-07-27 16:53:00,34.0,77,101.10,0.00,270,0.00,28.9,45.0,30.2
2026-07-27 17:08:00,33.9,78,101.10,0.00,270,0.00,29.1,45.0,30.2
2026-07-27 17:23:00,33.8,78,101.10,0.00,269,0.00,29.0,45.0,30.2
2026-07-27 17:38:00,33.9,78,101.10,0.00,270,0.00,29.1,45.0,30.3
2026-07-27 17:53:00,33.7,78,101.10,0.00,270,0.00,28.9,45.0,30.1
2026-07-27 18:08:00,33.5,79,101.00,0.00,272,0.00,28.9,45.0,30.0
2026-07-27 18:23:00,33.2,82,101.00,0.00,272,0.00,29.3,45.0,30.2
2026-07-27 18:38:00,33.1,84,101.10,0.00,278,0.00,29.6,45.0,30.4
2026-08-02 21:00:00,28.7,81,101.00,1.00,191,0.00,29.0,32.1,30.0
2026-08-02 21:15:00,29.8,95,100.90,0.00,119,0.00,28.7,39.6,29.0
2026-08-02 21:30:00,30.2,95,101.00,0.00,123,0.00,29.2,41.3,29.4
2026-08-02 21:45:00,30.4,92,100.90,0.00,123,0.00,28.7,41.0,29.1
2026-08-02 22:00:00,30.4,91,100.90,0.00,130,0.00,28.6,40.7,29.0
2026-08-02 22:15:00,30.4,96,100.90,0.00,123,0.00,29.5,42.5,29.7
2026-08-02 22:30:00,30.3,92,100.90,0.00,127,0.00,28.7,40.6,29.1
2026-08-02 22:45:00,30.3,96,100.90,0.00,129,0.00,29.4,42.1,29.6
2026-08-02 23:00:00,30.3,96,100.90,0.00,132,0.00,29.4,42.1,29.6
2026-08-02 23:15:00,30.3,97,100.90,0.00,129,0.00,29.6,42.5,29.8
2026-08-02 23:30:00,30.3,97,100.90,0.00,127,0.00,29.6,42.5,29.8
2026-08-02 23:45:00,30.4,97,100.90,0.00,133,0.00,29.7,42.9,29.9
2026-08-03 00:00:00,30.4,97,101.00,0.00,138,0.00,29.7,42.9,29.9
2026-08-03 00:15:00,30.3,97,101.00,0.00,138,0.00,29.6,42.5,29.8
2026-08-03 00:30:00,30.3,97,101.00,0.00,135,0.00,29.6,42.5,29.8
2026-08-03 00:45:00,30.3,97,101.00,0.00,138,0.00,29.5,42.5,29.7
2026-08-03 01:00:00,30.2,97,101.00,0.00,138,0.00,29.5,42.0,29.7
2026-08-03 01:15:00,30.2,97,101.00,0.00,133,0.00,29.5,42.0,29.7
2026-08-03 01:30:00,30.2,97,101.00,0.00,142,0.00,29.5,42.0,29.7
2026-08-03 01:45:00,30.2,98,101.00,0.00,136,0.00,29.7,42.4,29.8
2026-08-03 02:00:00,30.2,98,100.90,0.00,144,0.00,29.6,42.4,29.8
2026-08-03 02:15:00,30.1,97,100.90,0.00,142,0.00,29.4,41.6,29.6
2026-08-03 02:30:00,30.1,97,100.90,0.00,139,0.00,29.4,41.6,29.6
2026-08-03 02:45:00,30.1,98,100.90,0.00,136,0.00,29.5,41.9,29.7
2026-08-03 03:00:00,30.0,98,100.90,0.00,142,0.00,29.5,41.5,29.7
2026-08-03 03:15:00,30.1,98,100.90,0.00,138,0.00,29.5,41.9,29.7
2026-08-03 03:30:00,30.0,98,101.00,0.00,136,0.00,29.5,41.5,29.6
2026-08-03 03:45:00,30.0,98,101.00,0.00,141,0.00,29.4,41.5,29.6
2026-08-03 04:00:00,29.9,97,101.00,0.00,136,0.00,29.2,40.7,29.4
2026-08-03 04:15:00,29.9,97,101.00,0.00,133,0.00,29.2,40.7,29.4
2026-08-03 04:30:00,29.9,97,101.00,0.00,132,0.00,29.2,40.7,29.4
2026-08-03 04:45:00,29.8,97,101.00,0.00,133,0.00,29.1,40.2,29.3
2026-08-03 05:00:00,29.8,97,101.00,0.00,138,0.00,29.1,40.2,29.3
2026-08-03 05:15:00,29.8,97,101.00,0.00,138,0.00,29.1,40.2,29.3
2026-08-03 05:30:00,29.9,97,101.00,0.00,130,0.00,29.2,40.7,29.4
2026-08-03 05:45:00,30.0,97,101.00,0.00,136,0.00,29.3,41.1,29.5
2026-08-03 06:00:00,30.3,97,101.00,0.00,139,0.00,29.6,42.5,29.7
2026-08-03 06:15:00,30.6,97,101.00,0.00,132,0.00,29.8,43.8,30.0
2026-08-03 06:30:00,30.7,96,101.00,0.00,141,0.00,29.8,43.9,30.0
2026-08-03 06:45:00,30.9,96,101.10,0.00,142,0.00,30.0,44.8,30.2
2026-08-03 07:00:00,31.0,96,101.00,0.00,136,0.00,30.1,45.0,30.3
2026-08-03 07:15:00,31.2,96,101.10,0.00,133,0.00,30.3,45.0,30.5
2026-08-03 07:30:00,31.5,96,101.10,0.00,127,0.00,30.6,45.0,30.8
2026-08-03 07:45:00,31.7,96,101.10,0.00,135,0.00,30.8,45.0,31.0
2026-08-03 08:00:00,31.9,95,101.10,0.00,135,0.00,30.8,45.0,31.1
2026-08-03 08:15:00,32.2,94,101.10,0.00,130,0.00,30.9,45.0,31.2
2026-08-03 08:30:00,32.4,94,101.10,1.00,276,0.00,31.0,45.0,31.3
2026-08-03 08:45:00,33.0,92,101.00,0.00,126,0.00,31.1,45.0,31.5
2026-08-03 09:00:00,32.8,86,101.00,0.00,126,0.00,29.7,45.0,30.4
2026-08-03 09:15:00,33.8,86,101.00,0.00,119,0.00,30.7,45.0,31.4
2026-08-03 09:30:00,34.0,78,101.00,0.00,120,0.00,29.1,45.0,30.3
2026-08-03 09:45:00,33.8,76,101.00,0.00,113,0.00,28.5,45.0,29.8
2026-08-03 10:00:00,34.5,73,101.00,0.00,122,0.00,28.4,43.3,29.9
2026-08-03 10:15:00,34.8,71,101.00,0.00,119,0.00,28.2,43.4,29.9
2026-08-03 10:30:00,35.1,72,101.00,0.00,117,0.00,28.8,44.1,30.3
2026-08-03 10:45:00,35.5,70,101.00,0.00,107,0.00,28.7,44.4,30.4
2026-08-03 11:00:00,35.7,68,101.10,0.00,108,0.00,28.3,44.4,30.2
2026-08-03 11:15:00,36.0,70,101.00,0.00,119,0.00,29.1,45.3,30.8
2026-08-03 11:30:00,36.1,69,101.00,0.00,116,0.00,29.0,45.3,30.8
2026-08-03 11:45:00,36.5,63,101.00,0.00,117,0.00,27.7,44.7,30.0
2026-08-03 12:00:00,36.6,66,101.00,0.00,114,0.00,28.7,45.5,30.7
2026-08-03 12:15:00,36.5,63,101.00,0.00,114,0.00,27.7,44.7,30.0
2026-08-03 12:30:00,36.6,63,101.00,0.00,111,0.00,27.8,44.9,30.1
2026-08-03 12:45:00,36.3,61,101.00,0.00,111,0.00,27.0,44.0,29.5
2026-08-03 13:00:00,35.7,70,101.00,0.00,114,0.00,28.8,44.8,30.5
2026-08-03 13:15:00,35.4,73,101.00,0.00,114,0.00,29.3,44.8,30.8
2026-08-03 13:30:00,35.4,69,101.00,0.00,110,0.00,28.3,44.1,30.1
2026-08-03 13:45:00,35.5,69,101.00,0.00,117,0.00,28.4,44.2,30.2
2026-08-03 14:00:00,35.6,70,100.90,0.00,113,0.00,28.7,44.6,30.4
2026-08-03 14:15:00,35.6,69,100.90,0.00,119,0.00,28.5,44.4,30.3
2026-08-03 14:30:00,35.6,68,100.90,0.00,116,0.00,28.2,44.2,30.1
2026-08-03 14:45:00,35.3,65,100.90,0.00,110,0.00,27.2,43.1,29.3
2026-08-03 15:00:00,35.3,63,100.90,0.00,110,0.00,26.6,42.8,28.9
2026-08-03 15:15:00,35.1,60,100.90,0.00,116,0.00,25.5,41.9,28.2
2026-08-03 15:30:00,35.1,61,100.90,0.00,108,0.00,25.8,42.1,28.4
2026-08-03 15:45:00,35.1,59,100.90,0.00,114,0.00,25.2,41.7,28.0
2026-08-03 16:00:00,35.2,57,100.90,0.00,110,0.00,24.7,42.2,27.7
2026-08-03 16:15:00,35.1,57,100.90,0.00,114,0.00,24.6,41.9,27.6
2026-08-03 16:30:00,35.0,57,100.90,0.00,110,0.00,24.6,41.6,27.6
2026-08-03 16:45:00,34.9,54,100.90,0.00,108,0.00,23.6,40.0,26.9
2026-08-03 17:00:00,34.7,54,100.90,0.00,114,0.00,23.3,39.5,26.7
2026-08-03 17:15:00,34.4,63,100.90,0.00,108,0.00,25.7,42.6,28.1
2026-08-03 17:30:00,34.2,64,100.90,0.00,113,0.00,25.8,42.5,28.1
2026-08-03 17:45:00,33.9,64,100.90,0.00,107,0.00,25.6,41.5,27.9
2026-08-03 18:00:00,33.8,64,100.90,0.00,116,0.00,25.5,41.2,27.7
2026-08-03 18:15:00,33.6,63,100.90,0.00,110,0.00,25.0,40.2,27.4
2026-08-03 18:30:00,32.9,62,100.90,3.10,269,0.00,24.1,37.8,26.6
2026-08-03 18:45:00,32.7,64,100.90,0.00,267,0.00,24.7,38.4,27.0
2026-08-03 19:00:00,32.7,66,100.90,8.40,117,0.00,25.2,39.1,27.2
2026-08-03 19:15:00,32.2,73,101.00,0.00,110,0.00,26.5,40.3,28.0
2026-08-03 19:30:00,31.8,72,101.00,0.00,114,0.00,25.9,38.7,27.5
2026-08-03 19:45:00,31.4,73,101.00,0.00,116,0.00,25.7,37.8,27.2
2026-08-03 20:00:00,31.3,73,101.00,0.00,116,0.00,25.6,37.5,27.1
2026-08-03 20:15:00,31.4,73,101.00,0.00,117,0.00,25.7,37.8,27.2
2026-08-03 20:30:00,31.2,81,101.00,0.00,116,0.00,27.4,40.0,28.3
2026-08-03 20:45:00,30.9,81,101.10,0.00,114,0.00,27.0,39.0,27.9
2026-08-03 21:00:00,30.7,84,101.10,0.00,119,0.00,27.5,39.3,28.3
2026-08-03 21:15:00,30.7,87,101.10,0.00,114,0.00,28.0,40.4,28.6
2026-08-03 21:30:00,30.6,88,101.10,0.00,117,0.00,28.2,40.4,28.8
2026-08-03 21:45:00,30.4,89,101.10,0.00,117,0.00,28.2,39.9,28.7
2026-08-03 22:00:00,30.4,90,101.10,0.00,117,0.00,28.4,40.3,28.9
2026-08-03 22:15:00,30.5,91,101.10,0.00,122,0.00,28.6,41.1,29.1
2026-08-03 22:30:00,30.5,91,101.10,0.00,114,0.00,28.6,41.1,29.1
2026-08-03 22:45:00,30.5,91,101.10,0.00,120,0.00,28.7,41.1,29.1
2026-08-03 23:00:00,30.3,91,101.10,0.00,123,0.00,28.4,40.2,28.9
2026-08-03 23:15:00,30.3,94,101.10,0.00,126,0.00,29.1,41.3,29.4
2026-08-03 23:30:00,30.3,94,101.10,0.00,127,0.00,29.0,41.3,29.3
2026-08-03 23:45:00,30.3,95,101.10,0.00,127,0.00,29.2,41.7,29.5
2026-08-04 00:00:00,30.2,95,101.10,0.00,124,0.00,29.1,41.3,29.4
2026-08-04 00:15:00,30.1,96,101.10,0.00,133,0.00,29.2,41.2,29.4
2026-08-04 00:30:00,30.0,96,101.10,0.00,132,0.00,29.1,40.8,29.3
2026-08-04 00:45:00,30.0,97,101.00,0.00,136,0.00,29.3,41.1,29.5
2026-08-04 01:00:00,30.1,97,101.10,0.00,132,0.00,29.4,41.6,29.5
2026-08-04 01:15:00,30.0,97,101.10,0.00,126,0.00,29.3,41.1,29.5
2026-08-04 01:30:00,30.0,97,101.00,0.00,139,0.00,29.3,41.1,29.5
2026-08-04 01:45:00,29.9,97,101.00,0.00,130,0.00,29.2,40.7,29.4
2026-08-04 02:00:00,30.0,97,101.10,0.00,139,0.00,29.2,41.1,29.4
2026-08-04 02:15:00,29.9,97,101.00,0.00,136,0.00,29.2,40.7,29.4
2026-08-04 02:30:00,29.9,97,101.10,0.00,138,0.00,29.2,40.7,29.4
2026-08-04 02:45:00,29.9,97,101.10,0.00,139,0.00,29.1,40.7,29.3
2026-08-04 03:00:00,29.8,97,101.10,0.00,130,0.00,29.1,40.2,29.3
2026-08-04 03:15:00,29.8,97,101.10,0.00,136,0.00,29.1,40.2,29.2
2026-08-04 03:30:00,29.8,97,101.10,0.00,138,0.00,29.1,40.2,29.3
2026-08-04 03:45:00,29.9,97,101.10,0.00,138,0.00,29.1,40.7,29.3
2026-08-04 04:00:00,29.8,97,101.00,0.00,133,0.00,29.1,40.2,29.3
2026-08-04 04:15:00,29.8,97,101.00,0.00,135,0.00,29.1,40.2,29.3
2026-08-04 04:30:00,29.8,97,101.00,0.00,139,0.00,29.0,40.2,29.2
2026-08-04 04:45:00,29.7,97,101.00,0.00,133,0.00,29.0,39.8,29.2
2026-08-04 05:00:00,29.7,97,101.00,0.00,133,0.00,29.0,39.8,29.1
2026-08-04 05:15:00,29.7,97,101.00,0.00,135,0.00,29.0,39.8,29.2
2026-08-04 05:30:00,29.7,97,101.00,0.00,139,0.00,29.0,39.8,29.2
2026-08-04 05:45:00,29.7,97,101.10,0.00,135,0.00,29.0,39.8,29.2
2026-08-04 06:00:00,29.7,97,101.10,0.00,132,0.00,29.0,39.8,29.2
2026-08-04 06:15:00,29.7,97,101.10,0.00,133,0.00,29.0,39.8,29.2
2026-08-04 06:30:00,29.9,97,101.10,0.00,132,0.00,29.1,40.7,29.3
2026-08-04 06:45:00,30.2,97,101.10,0.00,129,0.00,29.5,42.0,29.7
2026-08-04 07:00:00,30.5,96,101.10,0.00,133,0.00,29.6,43.0,29.8
2026-08-04 07:15:00,30.8,94,101.10,0.00,130,0.00,29.6,43.5,29.9
2026-08-04 07:30:00,31.0,93,101.10,0.00,124,0.00,29.6,44.0,29.9
2026-08-04 07:45:00,31.1,93,101.10,0.00,126,0.00,29.6,44.5,30.0
2026-08-04 08:00:00,31.6,91,101.10,0.00,127,0.00,29.8,45.0,30.2
2026-08-04 08:15:00,32.1,90,101.10,0.00,123,0.00,30.0,45.0,30.5
2026-08-04 08:30:00,31.6,85,101.10,0.00,124,0.00,28.5,43.1,29.2
2026-08-04 08:45:00,31.3,87,101.10,0.00,132,0.00,28.6,42.8,29.2
2026-08-04 09:00:00,31.2,87,101.10,0.00,126,0.00,28.6,42.4,29.2
2026-08-04 09:15:00,32.0,89,101.10,0.00,127,0.00,29.7,45.0,30.2
2026-08-04 09:30:00,32.0,83,101.10,0.00,127,0.00,28.5,43.9,29.3
2026-08-04 09:45:00,32.7,84,101.10,0.00,117,0.00,29.2,45.0,30.0
2026-08-04 10:00:00,33.4,82,101.10,0.00,116,0.00,29.4,45.0,30.3
2026-08-04 10:15:00,34.2,80,101.10,0.00,135,0.00,29.7,45.0,30.8
2026-08-04 10:30:00,34.1,73,101.10,0.00,113,0.00,28.0,45.0,29.5
2026-08-04 10:45:00,34.0,73,101.10,0.00,111,0.00,27.9,45.0,29.4
2026-08-04 11:00:00,34.7,75,101.10,0.00,114,0.00,29.1,45.0,30.5
2026-08-04 11:15:00,34.2,71,101.10,0.00,116,0.00,27.7,45.0,29.3
2026-08-04 11:30:00,34.5,77,101.10,0.00,111,0.00,29.4,45.0,30.6
2026-08-04 11:45:00,34.1,78,101.10,0.00,117,0.00,29.2,45.0,30.4
2026-08-04 12:00:00,34.7,79,101.10,0.00,119,0.00,30.0,45.0,31.1
2026-08-04 12:15:00,34.2,75,101.00,0.00,117,0.00,28.6,45.0,30.0
2026-08-04 12:30:00,34.3,75,101.00,0.00,122,0.00,28.7,45.0,30.1
2026-08-04 12:45:00,34.8,77,101.00,0.00,111,0.00,29.7,45.0,30.9
2026-08-04 13:00:00,35.0,73,101.00,0.00,117,0.00,29.0,45.0,30.4
2026-08-04 13:15:00,34.9,73,101.00,0.00,113,0.00,28.8,45.0,30.3
2026-08-04 13:30:00,35.2,72,101.00,0.00,113,0.00,28.9,45.0,30.4
2026-08-04 13:45:00,35.3,72,100.90,0.00,119,0.00,29.0,45.0,30.5
2026-08-04 14:00:00,34.9,72,100.90,0.00,113,0.00,28.6,45.0,30.1
2026-08-04 14:15:00,34.9,77,100.90,0.00,113,0.00,29.8,45.0,31.0
2026-08-04 14:30:00,34.7,77,100.90,0.00,114,0.00,29.6,45.0,30.8
2026-08-04 14:45:00,34.6,78,100.90,0.00,116,0.00,29.7,45.0,30.9
2026-08-04 15:00:00,34.5,79,100.90,0.00,114,0.00,29.8,45.0,30.9
2026-08-04 15:15:00,34.7,81,100.90,0.00,114,0.00,30.5,45.0,31.4
2026-08-04 15:30:00,34.6,79,100.90,0.00,117,0.00,30.0,45.0,31.1
2026-08-04 15:45:00,34.1,81,100.90,0.00,117,0.00,29.9,45.0,30.9
2026-08-04 16:00:00,34.1,84,100.90,0.00,114,0.00,30.6,45.0,31.4
2026-08-04 16:15:00,33.9,83,100.90,0.00,116,0.00,30.2,45.0,31.0
2026-08-04 16:30:00,33.8,84,100.90,0.00,123,0.00,30.3,45.0,31.1
2026-08-04 16:45:00,33.6,84,100.90,0.00,122,0.00,30.1,45.0,30.9
2026-08-04 17:00:00,33.6,85,100.90,0.00,114,0.00,30.3,45.0,31.0
2026-08-04 17:15:00,33.3,85,100.90,0.00,119,0.00,30.0,45.0,30.8
2026-08-04 17:30:00,33.2,88,100.90,0.00,123,0.00,30.5,45.0,31.1
2026-08-04 17:45:00,32.9,89,100.90,0.00,117,0.00,30.4,45.0,31.0
2026-08-04 18:00:00,32.8,90,100.90,0.00,124,0.00,30.5,45.0,31.1
2026-08-04 18:15:00,32.3,90,100.90,0.00,123,0.00,30.3,45.0,30.7
2026-08-04 18:30:00,32.0,94,100.90,0.00,130,0.00,30.7,45.0,31.1
2026-08-04 18:45:00,31.9,94,100.90,0.00,132,0.00,30.6,45.0,30.9
2026-08-04 19:00:00,31.4,95,100.90,0.00,129,0.00,30.3,45.0,30.5
2026-08-04 19:15:00,30.8,91,100.90,0.00,116,0.00,29.0,42.3,29.4
2026-08-04 19:30:00,30.5,87,100.90,0.00,123,0.00,27.9,39.6,28.5
2026-08-04 19:45:00,30.4,85,100.90,0.00,117,0.00,27.4,38.6,28.1
2026-08-04 20:00:00,30.5,89,100.90,0.00,122,0.00,28.3,40.3,28.8
2026-08-04 20:15:00,30.3,85,100.90,0.00,120,0.00,27.2,38.2,28.0
2026-08-04 20:30:00,30.4,86,100.90,0.00,114,0.00,27.6,38.9,28.3
2026-08-04 20:45:00,30.5,88,100.80,0.00,122,0.00,28.1,40.0,28.7
2026-08-04 21:00:00,30.6,87,100.90,0.00,113,0.00,28.0,40.0,28.6
2026-08-04 21:15:00,30.6,85,100.90,0.00,122,0.00,27.6,39.3,28.3
2026-08-04 21:30:00,30.7,84,100.90,0.00,114,0.00,27.4,39.3,28.2
2026-08-04 21:45:00,31.0,84,100.90,0.00,126,0.00,27.8,40.4,28.5
2026-08-04 22:00:00,31.0,93,100.90,0.00,126,0.00,29.5,44.0,29.9
2026-08-04 22:15:00,31.2,95,100.90,0.00,139,0.00,30.1,45.0,30.3
2026-08-04 22:30:00,31.2,96,100.90,0.00,132,0.00,30.3,45.0,30.5
2026-08-04 22:45:00,31.2,96,100.90,0.00,136,0.00,30.3,45.0,30.5
2026-08-04 23:00:00,31.2,96,100.90,0.00,135,0.00,30.3,45.0,30.5
2026-08-04 23:15:00,31.1,96,100.90,0.00,136,0.00,30.2,45.0,30.5
2026-08-04 23:30:00,31.1,96,100.90,0.00,138,0.00,30.2,45.0,30.4
2026-08-04 23:45:00,31.1,96,100.90,0.00,141,0.00,30.2,45.0,30.4
2026-08-05 00:00:00,31.2,96,100.90,0.00,142,0.00,30.2,45.0,30.5
2026-08-05 00:15:00,31.0,96,100.90,0.00,138,0.00,30.1,45.0,30.3
2026-08-05 00:30:00,30.7,96,100.90,0.00,126,0.00,29.8,43.9,30.0
2026-08-05 00:45:00,30.6,94,100.90,0.00,130,0.00,29.3,42.6,29.6
2026-08-05 01:00:00,30.5,94,100.90,0.00,127,0.00,29.3,42.2,29.6
2026-08-05 01:15:00,30.5,94,100.90,0.00,123,0.00,29.2,42.2,29.5
2026-08-05 01:30:00,30.5,93,100.90,0.00,120,0.00,29.0,41.8,29.4
2026-08-05 01:45:00,30.5,93,100.80,0.00,122,0.00,29.0,41.8,29.3
2026-08-05 02:00:00,30.4,94,100.80,0.00,127,0.00,29.2,41.8,29.5
2026-08-05 02:15:00,30.4,95,100.80,0.00,130,0.00,29.4,42.1,29.6
2026-08-05 02:30:00,30.5,94,100.80,0.00,123,0.00,29.2,42.2,29.5
2026-08-05 02:45:00,30.4,94,100.80,0.00,122,0.00,29.1,41.8,29.4
2026-08-05 03:00:00,30.4,95,100.80,0.00,126,0.00,29.3,42.1,29.6
2026-08-05 03:15:00,30.4,95,100.80,0.00,122,0.00,29.3,42.1,29.6
2026-08-05 03:30:00,30.4,95,100.80,0.00,127,0.00,29.3,42.1,29.5
2026-08-05 03:45:00,30.3,95,100.80,0.00,123,0.00,29.2,41.7,29.4
2026-08-05 04:00:00,30.4,95,100.80,0.00,127,0.00,29.3,42.1,29.5
2026-08-05 04:15:00,30.4,95,100.80,0.00,122,0.00,29.3,42.1,29.6
2026-08-05 04:30:00,30.4,94,100.80,0.00,120,0.00,29.2,41.8,29.5
2026-08-05 04:45:00,30.4,93,100.80,0.00,129,0.00,29.0,41.4,29.3
2026-08-05 05:00:00,30.4,93,100.80,0.00,124,0.00,29.0,41.4,29.3
2026-08-05 05:15:00,30.4,93,100.80,0.00,122,0.00,29.0,41.4,29.3
2026-08-05 05:30:00,30.4,94,100.80,0.00,127,0.00,29.2,41.8,29.5
2026-08-05 05:45:00,30.5,94,100.80,0.00,122,0.00,29.3,42.2,29.6
2026-08-05 06:00:00,30.6,94,100.80,0.00,123,0.00,29.3,42.6,29.6
2026-08-05 06:15:00,30.6,95,100.90,0.00,126,0.00,29.5,43.0,29.8
2026-08-05 06:30:00,30.6,96,100.90,0.00,130,0.00,29.7,43.4,29.9
2026-08-05 06:45:00,30.7,96,100.90,0.00,132,0.00,29.8,43.9,30.0
2026-08-05 07:00:00,30.8,96,100.90,0.00,136,0.00,29.9,44.4,30.1
2026-08-05 07:15:00,31.0,96,100.90,0.00,138,0.00,30.1,45.0,30.3
2026-08-05 07:30:00,31.2,96,100.90,0.00,132,0.00,30.3,45.0,30.5
2026-08-05 07:45:00,31.4,96,100.90,0.00,136,0.00,30.5,45.0,30.8
2026-08-05 08:00:00,31.4,96,100.90,0.00,141,0.00,30.5,45.0,30.8
2026-08-05 08:15:00,31.6,96,100.90,0.00,141,0.00,30.7,45.0,31.0
2026-08-05 08:30:00,31.9,96,100.90,0.00,135,0.00,31.0,45.0,31.2
2026-08-05 08:45:00,32.4,96,100.90,1.00,79,0.00,31.4,45.0,31.7
2026-08-05 09:00:00,33.0,95,100.90,0.00,132,0.00,31.7,45.0,32.0
2026-08-05 09:15:00,33.6,91,100.90,0.00,124,0.00,31.6,45.0,32.0
2026-08-05 09:30:00,34.4,88,100.90,0.00,126,0.00,31.7,45.0,32.3
2026-08-05 10:00:00,35.2,84,100.90,0.00,110,0.00,31.7,45.0,32.5
2026-08-05 10:30:00,35.5,75,100.80,0.00,111,0.00,29.9,45.0,31.2
2026-08-05 12:30:00,31.0,51,100.80,0.00,341,0.40,19.3,30.9,23.1
2026-08-05 13:00:00,33.0,92,100.80,0.00,119,0.40,31.2,45.0,31.6
2026-08-05 13:30:00,33.1,88,100.70,0.00,120,0.20,30.4,45.0,31.0
2026-08-05 14:00:00,34.7,90,100.70,0.00,120,0.40,32.4,45.0,33.0
2026-08-05 14:30:00,34.9,84,100.70,0.00,111,0.40,31.4,45.0,32.2
2026-08-05 15:00:00,34.8,79,100.60,0.00,114,0.40,30.1,45.0,31.2
2026-08-05 16:45:00,33.5,84,100.60,0.00,111,0.40,30.0,45.0,30.8
2026-08-05 17:15:00,33.2,85,100.60,0.00,116,0.20,29.9,45.0,30.7
2026-08-05 17:45:00,31.3,85,100.60,0.00,119,0.40,28.3,41.9,29.0
2026-08-05 18:15:00,31.7,89,100.60,0.00,122,0.20,29.4,45.0,30.0
2026-08-05 18:45:00,31.4,91,100.60,0.00,144,0.20,29.6,44.9,30.0
2026-08-05 19:15:00,31.7,94,100.70,0.00,116,0.20,30.4,45.0,30.7
2026-08-05 19:45:00,31.8,93,100.70,0.00,120,0.20,30.3,45.0,30.7
2026-08-05 20:15:00,31.9,93,100.70,0.00,119,0.20,30.4,45.0,30.8
2026-08-05 20:45:00,31.2,93,100.80,0.00,123,0.40,29.7,44.9,30.1
2026-08-05 21:15:00,30.3,89,100.80,0.00,120,0.20,28.1,39.5,28.6
2026-08-05 21:45:00,30.5,92,100.80,0.00,130,0.20,28.9,41.4,29.3
2026-08-05 22:15:00,31.0,96,100.80,0.00,122,0.40,30.1,45.0,30.4
2026-08-05 22:45:00,31.0,94,100.80,0.00,120,0.20,29.7,44.4,30.0
2026-08-05 23:15:00,31.0,96,100.80,0.00,130,0.40,30.1,45.0,30.3
2026-08-05 23:45:00,30.9,96,100.70,0.00,127,0.40,30.0,44.8,30.2
2026-08-06 00:15:00,31.0,95,100.70,0.00,126,0.20,29.9,44.9,30.2
2026-08-06 00:45:00,30.9,96,100.70,0.00,126,0.40,30.0,44.8,30.2
2026-08-06 01:15:00,30.9,96,100.70,0.00,129,0.20,30.0,44.8,30.2
2026-08-06 01:45:00,30.8,95,100.70,0.00,120,0.70,29.7,43.9,29.9
2026-08-06 02:15:00,30.8,94,100.70,0.00,124,0.40,29.5,43.5,29.8
2026-08-06 02:45:00,30.8,95,100.70,0.00,127,0.40,29.7,43.9,29.9
2026-08-06 03:15:00,30.7,95,100.70,0.00,129,0.40,29.6,43.5,29.9
2026-08-06 03:45:00,30.6,94,100.70,0.00,126,0.20,29.4,42.6,29.7
2026-08-06 04:15:00,30.6,94,100.70,0.00,147,0.40,29.3,42.6,29.6
2026-08-06 04:45:00,30.6,94,100.60,0.00,123,0.20,29.3,42.6,29.6
2026-08-06 05:15:00,30.6,94,100.70,0.00,148,0.40,29.3,42.6,29.6
2026-08-06 05:45:00,30.7,95,100.70,0.00,119,0.40,29.6,43.5,29.8
2026-08-06 06:15:00,30.9,94,100.60,0.00,124,0.20,29.6,44.0,29.9
2026-08-06 06:45:00,30.2,94,100.60,0.00,129,0.40,28.9,40.9,29.2
2026-08-06 07:15:00,30.7,97,100.70,0.00,135,0.40,30.0,44.3,30.2
2026-08-06 07:45:00,30.4,96,100.70,0.00,166,0.40,29.5,42.5,29.7
2026-08-06 08:15:00,30.6,97,100.70,0.00,151,0.40,29.9,43.8,30.1
2026-08-06 08:45:00,30.9,97,100.70,0.00,127,0.40,30.2,45.0,30.3
2026-08-06 09:15:00,31.1,95,100.60,0.00,130,0.40,30.0,45.0,30.3
2026-08-06 09:45:00,31.6,94,100.60,0.00,139,0.20,30.3,45.0,30.6
2026-08-06 10:15:00,31.5,93,100.60,0.00,127,0.20,30.1,45.0,30.4
2026-08-06 10:45:00,31.9,93,100.60,0.00,122,0.20,30.4,45.0,30.8
2026-08-06 11:15:00,33.7,91,100.60,0.00,120,0.40,31.6,45.0,32.1
2026-08-06 11:45:00,35.5,85,100.50,0.00,114,0.40,32.2,45.0,32.9
2026-08-06 12:15:00,34.5,79,100.50,0.00,102,0.40,29.8,45.0,30.9
2026-08-06 12:45:00,34.3,81,100.50,0.00,113,0.40,30.1,45.0,31.1
2026-08-06 13:15:00,35.6,81,100.50,0.00,117,0.40,31.4,45.0,32.4
2026-08-06 13:45:00,35.9,76,100.40,0.00,113,0.40,30.5,45.0,31.8
2026-08-06 14:15:00,35.2,73,100.40,0.00,111,0.40,29.1,45.0,30.6
2026-08-06 14:45:00,35.0,77,100.40,0.00,111,0.40,29.9,45.0,31.1
2026-08-06 15:15:00,34.0,75,100.40,0.00,113,0.40,28.5,45.0,29.8
2026-08-06 15:45:00,34.1,82,100.30,0.00,119,0.40,30.2,45.0,31.1
2026-08-06 16:15:00,33.9,82,100.40,0.00,110,0.40,29.9,45.0,30.8
2026-08-06 16:45:00,33.6,84,100.30,0.00,113,0.40,30.1,45.0,30.9
2026-08-06 17:15:00,33.4,84,100.40,0.00,116,0.40,29.9,45.0,30.7
2026-08-06 17:45:00,32.9,86,100.40,0.00,113,0.40,29.9,45.0,30.6
2026-08-06 18:15:00,32.7,86,100.40,0.00,116,0.70,29.7,45.0,30.4
2026-08-06 18:45:00,32.5,86,100.40,0.00,114,0.40,29.4,45.0,30.1
2026-08-06 19:15:00,32.2,87,100.40,0.00,111,0.40,29.6,45.0,30.2
2026-08-06 19:45:00,32.1,89,100.40,0.00,132,0.40,29.9,45.0,30.4
2026-08-06 20:15:00,32.0,90,100.50,0.00,116,0.40,30.0,45.0,30.4
2026-08-06 20:45:00,32.2,90,100.50,0.00,108,0.40,30.1,45.0,30.6
2026-08-06 21:15:00,32.2,91,100.50,0.00,117,0.40,30.3,45.0,30.8
2026-08-06 21:45:00,32.0,91,100.50,0.00,116,0.40,30.1,45.0,30.5
2026-08-06 22:15:00,31.9,90,100.50,0.00,111,0.40,29.9,45.0,30.3
2026-08-06 22:45:00,31.9,90,100.50,0.00,123,0.40,29.8,45.0,30.3
2026-08-06 23:15:00,31.8,90,100.50,0.00,119,0.20,29.8,45.0,30.3
2026-08-06 23:45:00,31.8,90,100.50,0.00,114,0.20,29.8,45.0,30.2
2026-08-07 00:15:00,31.8,90,100.40,0.00,108,0.40,29.7,45.0,30.2
2026-08-07 00:45:00,31.7,90,100.40,0.00,141,0.40,29.7,45.0,30.1
2026-08-07 01:15:00,31.6,91,100.40,0.00,120,0.70,29.7,45.0,30.1
2026-08-07 01:45:00,31.4,91,100.40,0.00,135,0.70,29.6,44.9,30.0
2026-08-07 02:15:00,31.3,93,100.40,0.00,122,0.40,29.9,45.0,30.2
2026-08-07 02:45:00,31.2,93,100.40,0.00,120,0.40,29.7,44.9,30.0
2026-08-07 03:15:00,31.3,91,100.40,0.00,120,0.40,29.5,44.5,29.9
2026-08-07 03:45:00,31.1,93,100.40,0.00,124,0.40,29.7,44.5,30.0
2026-08-07 04:15:00,31.1,93,100.40,0.00,123,0.40,29.6,44.5,30.0
2026-08-07 04:45:00,31.0,91,100.30,0.00,119,0.40,29.2,43.2,29.6
2026-08-07 05:15:00,31.0,91,100.30,0.00,117,0.40,29.2,43.2,29.6
2026-08-07 05:45:00,31.0,91,100.30,0.00,116,0.40,29.2,43.2,29.6
2026-08-07 06:15:00,31.5,91,100.40,0.00,124,0.40,29.7,45.0,30.1
2026-08-07 06:45:00,30.5,91,100.30,0.00,132,0.70,28.7,41.1,29.1
2026-08-07 07:15:00,30.7,94,100.30,0.00,145,0.20,29.5,43.1,29.8
2026-08-09 15:15:00,29.1,98,99.70,0.00,152,0.90,28.6,37.5,28.8
2026-08-09 15:30:00,29.1,98,99.70,0.00,141,0.90,28.5,37.5,28.7
2026-08-09 15:45:00,29.1,98,99.70,0.00,135,1.20,28.6,37.5,28.7
2026-08-09 16:00:00,29.2,98,99.70,0.00,136,0.90,28.7,38.0,28.8
2026-08-09 16:15:00,29.2,98,99.70,0.00,147,0.90,28.7,38.0,28.8
2026-08-09 16:30:00,29.2,98,99.70,0.00,141,0.90,28.7,38.0,28.9
2026-08-09 16:40:00,29.3,98,99.70,0.00,142,0.70,28.7,38.4,28.9
2026-08-09 16:50:00,28.8,98,99.60,0.00,129,0.90,28.3,36.3,28.5
2026-08-09 17:00:00,28.8,98,99.60,0.00,132,0.90,28.2,36.3,28.4
2026-08-09 17:10:00,29.0,100,99.60,0.00,127,0.90,28.9,37.7,28.9
2026-08-09 17:20:00,28.8,98,99.60,0.00,151,0.90,28.3,36.3,28.5
2026-08-09 17:30:00,28.9,100,99.60,0.00,132,0.90,28.7,37.2,28.8
2026-08-09 17:40:00,28.9,100,99.60,0.00,132,1.20,28.7,37.2,28.8
2026-08-09 17:50:00,28.7,100,99.70,0.00,119,0.70,28.5,36.4,28.6
2026-08-09 18:00:00,28.8,100,99.70,0.00,130,0.90,28.6,36.8,28.7
2026-08-09 18:10:00,28.6,100,99.70,0.00,129,0.90,28.4,36.0,28.5
2026-08-09 18:20:00,28.3,100,99.70,0.00,133,0.90,28.1,34.7,28.2
2026-08-09 18:30:00,28.9,100,99.70,0.00,132,5.20,28.9,37.3,28.9
2026-08-09 18:40:00,28.8,100,99.70,0.00,120,5.20,28.6,36.8,28.7
2026-08-09 18:50:00,28.8,100,99.70,0.00,120,5.20,28.6,36.8,28.7
2026-08-09 19:00:00,28.8,98,99.70,0.00,120,5.20,28.3,36.3,28.4
2026-08-09 19:10:00,28.7,98,99.70,0.00,129,4.70,28.2,35.9,28.3
2026-08-09 19:20:00,28.7,98,99.70,0.00,130,4.90,28.1,35.9,28.3
2026-08-09 19:30:00,28.6,98,99.70,0.00,122,4.90,28.1,35.5,28.2
2026-08-09 19:40:00,28.8,100,99.70,0.00,130,4.70,28.6,36.8,28.7
2026-08-09 19:50:00,29.0,100,99.80,0.00,124,4.70,28.8,37.7,28.9
2026-08-09 20:00:00,29.1,100,99.80,0.00,133,4.90,28.9,38.1,29.0
2026-08-09 20:10:00,29.2,98,99.80,0.00,152,4.90,28.7,38.0,28.8
2026-08-09 20:20:00,29.1,98,99.80,0.00,148,5.20,28.6,37.5,28.8
2026-08-09 20:30:00,29.1,100,99.80,0.00,126,4.90,29.0,38.1,29.1
2026-08-09 20:40:00,29.1,100,99.80,0.00,123,4.90,29.0,38.1,29.1
2026-08-09 20:50:00,29.0,98,99.80,0.00,123,4.90,28.5,37.1,28.7
2026-08-09 21:00:00,29.1,100,99.80,0.00,149,4.90,28.9,38.1,29.0
2026-08-09 21:10:00,29.0,100,99.80,0.00,129,4.90,28.8,37.7,28.9
2026-08-09 21:20:00,28.9,100,99.80,0.00,130,4.90,28.7,37.2,28.8
2026-08-09 21:30:00,28.8,100,99.80,0.00,136,4.90,28.7,36.8,28.7
2026-08-09 21:40:00,29.0,100,99.80,0.00,133,5.20,28.8,37.7,28.9
2026-08-09 21:50:00,29.0,100,99.80,0.00,130,4.90,28.8,37.7,28.9
2026-08-09 22:00:00,29.0,100,99.80,0.00,136,4.70,28.8,37.7,28.9
2026-08-09 22:10:00,28.9,100,99.80,0.00,138,4.90,28.8,37.2,28.8
2026-08-09 22:20:00,28.7,100,99.80,0.00,132,4.90,28.6,36.4,28.6
2026-08-09 22:30:00,28.6,100,99.80,0.00,135,4.90,28.5,36.0,28.5
2026-08-09 22:40:00,28.7,100,99.80,0.00,127,5.20,28.5,36.4,28.6
2026-08-09 22:50:00,28.6,100,99.80,0.00,135,5.20,28.4,36.0,28.5
2026-08-09 23:00:00,28.7,100,99.80,0.00,136,5.20,28.5,36.4,28.6
2026-08-09 23:10:00,28.7,100,99.80,0.00,133,6.20,28.5,36.4,28.6
2026-08-09 23:20:00,28.8,97,99.80,0.00,133,5.70,28.1,36.0,28.2
2026-08-09 23:30:00,28.8,98,99.80,0.00,126,5.40,28.3,36.3,28.5
2026-08-09 23:40:00,28.9,98,99.80,0.00,133,5.40,28.4,36.7,28.5
2026-08-09 23:50:00,28.9,98,99.80,0.00,133,5.90,28.4,36.7,28.6
2026-08-10 00:00:00,28.9,98,99.80,0.00,126,5.70,28.4,36.7,28.6
2026-08-10 00:10:00,28.9,98,99.70,0.00,129,5.40,28.4,36.7,28.6
2026-08-10 00:20:00,28.9,98,99.70,0.00,129,5.90,28.4,36.7,28.5
2026-08-10 00:30:00,28.9,98,99.70,0.00,136,5.40,28.4,36.7,28.6
2026-08-10 00:40:00,28.9,98,99.70,0.00,127,5.40,28.4,36.7,28.6
2026-08-10 00:50:00,29.0,98,99.70,0.00,129,5.70,28.4,37.1,28.6
2026-08-10 01:00:00,29.0,98,99.70,0.00,136,5.40,28.4,37.1,28.6
2026-08-10 01:10:00,29.0,98,99.70,0.00,127,5.90,28.5,37.1,28.6
2026-08-10 01:20:00,29.0,98,99.60,0.00,132,5.70,28.5,37.1,28.6
2026-08-10 01:30:00,29.0,100,99.60,0.00,141,5.70,28.8,37.7,28.9
2026-08-10 01:40:00,29.0,100,99.60,0.00,141,5.40,28.8,37.7,28.9
2026-08-10 01:50:00,29.0,98,99.60,0.00,130,5.40,28.5,37.1,28.6
2026-08-10 02:00:00,29.0,98,99.60,0.00,130,5.70,28.5,37.1,28.6
2026-08-10 02:10:00,29.0,98,99.60,0.00,135,5.40,28.5,37.1,28.6
2026-08-10 02:20:00,29.0,98,99.60,0.00,144,5.70,28.5,37.1,28.6
2026-08-10 02:30:00,29.0,100,99.60,0.00,138,5.40,28.8,37.7,28.9
2026-08-10 02:40:00,29.0,100,99.60,0.00,127,5.40,28.8,37.7,28.9
2026-08-10 02:50:00,29.0,100,99.60,0.00,132,5.70,28.8,37.7,28.9
2026-08-10 03:00:00,28.9,100,99.60,0.00,129,5.40,28.7,37.2,28.8
2026-08-10 03:10:00,28.9,100,99.60,0.00,135,5.40,28.7,37.2,28.8
2026-08-10 03:20:00,28.9,98,99.60,0.00,136,5.40,28.4,36.7,28.5
2026-08-10 03:30:00,28.9,98,99.60,0.00,135,5.40,28.4,36.7,28.5
2026-08-10 03:40:00,28.9,98,99.60,0.00,120,5.70,28.4,36.7,28.6
2026-08-10 03:50:00,29.0,100,99.60,0.00,130,5.40,28.8,37.7,28.9
2026-08-10 04:00:00,29.0,100,99.60,0.00,135,5.70,28.8,37.7,28.9
2026-08-10 04:10:00,29.0,100,99.50,0.00,155,5.40,28.8,37.7,28.9
2026-08-10 04:20:00,29.0,100,99.60,0.00,124,5.40,28.8,37.7,28.9
2026-08-10 04:30:00,29.0,100,99.50,0.00,127,5.40,28.8,37.7,28.9
2026-08-10 04:40:00,28.9,100,99.50,0.00,124,5.70,28.8,37.2,28.8
2026-08-10 04:50:00,28.9,98,99.50,0.00,126,5.40,28.4,36.7,28.6
2026-08-10 05:00:00,28.9,98,99.60,0.00,136,5.40,28.4,36.7,28.6
2026-08-10 05:10:00,28.9,98,99.70,0.00,130,5.70,28.4,36.7,28.5
2026-08-10 05:20:00,28.8,100,99.70,0.00,136,5.70,28.7,36.8,28.7
2026-08-10 05:30:00,28.7,98,99.60,0.00,138,5.40,28.2,35.9,28.3
2026-08-10 05:40:00,28.6,98,99.70,0.00,135,5.70,28.1,35.5,28.3
2026-08-10 05:50:00,28.5,100,99.70,0.00,135,5.70,28.3,35.6,28.4
2026-08-10 09:10:00,28.2,100,99.70,0.00,120,6.40,28.2,36.8,28.3
2026-08-10 09:40:00,28.1,100,99.70,0.00,123,6.20,28.1,36.6,28.2
2026-08-10 10:10:00,28.3,100,99.80,0.00,163,6.20,28.3,37.0,28.4
2026-08-10 10:40:00,28.1,100,99.80,0.00,198,6.20,28.1,36.6,28.2
2026-08-10 11:10:00,28.0,100,99.80,0.00,186,5.70,28.0,36.4,28.0
2026-08-10 11:40:00,28.1,100,99.80,0.00,176,6.40,28.1,36.6,28.2
2026-08-10 12:10:00,28.4,100,99.80,0.00,176,5.90,28.4,37.1,28.5
2026-08-10 12:40:00,28.4,100,99.70,0.00,170,6.40,28.2,37.0,28.3
2026-08-10 13:10:00,28.6,100,99.70,0.00,173,6.20,28.5,37.4,28.5
2026-08-10 13:40:00,28.6,100,99.70,0.00,155,6.40,28.4,37.4,28.5
2026-08-10 14:10:00,28.8,100,99.80,0.00,154,6.40,28.7,37.7,28.7
2026-08-10 14:40:00,28.8,100,99.80,0.00,133,6.20,28.6,37.7,28.7
2026-08-10 15:10:00,28.9,100,99.80,0.00,133,6.20,28.7,37.9,28.8
2026-08-10 15:40:00,28.8,100,99.80,0.00,176,6.40,28.7,37.7,28.7
2026-08-10 16:10:00,28.8,100,99.90,0.00,144,6.20,28.6,37.7,28.7
2026-08-10 16:40:00,28.7,100,99.90,0.00,136,6.20,28.5,37.5,28.6
2026-08-10 17:10:00,28.7,100,99.90,0.00,139,6.20,28.5,37.5,28.6
2026-08-10 17:40:00,28.7,100,99.90,0.00,136,6.20,28.5,25.9,28.6
2026-08-10 18:10:00,28.9,100,100.00,0.00,136,6.40,28.7,26.2,28.8
2026-08-10 18:40:00,28.9,100,100.00,0.00,135,6.40,28.8,26.2,28.8
2026-08-10 19:10:00,29.0,98,100.00,0.00,144,6.40,28.5,26.2,28.7
2026-08-10 19:40:00,29.0,98,100.00,0.00,142,6.40,28.4,26.1,28.6
2026-08-10 20:10:00,28.8,98,100.10,0.00,152,6.20,28.3,26.0,28.5
2026-08-10 20:40:00,28.7,100,100.10,0.00,133,6.40,28.6,26.0,28.6
2026-08-10 21:10:00,28.7,100,100.10,0.00,133,6.20,28.5,25.9,28.6
2026-08-10 21:40:00,28.7,100,100.10,0.00,142,6.40,28.5,25.9,28.6
2026-08-10 22:10:00,28.7,100,100.10,0.00,144,6.40,28.5,25.9,28.6
2026-08-10 22:40:00,28.7,100,100.10,0.00,141,6.40,28.5,25.9,28.6
2026-08-10 23:10:00,28.7,100,100.10,0.00,147,6.40,28.5,25.9,28.6
2026-08-10 23:40:00,28.1,100,100.10,0.00,124,6.20,28.1,25.3,28.1
2026-08-11 00:10:00,28.1,100,100.20,0.00,132,6.20,28.1,25.3,28.2
2026-08-11 00:40:00,28.2,100,100.20,0.00,136,6.20,28.2,25.4,28.2
2026-08-11 01:10:00,28.3,100,100.20,0.00,144,6.40,28.3,25.6,28.4
2026-08-11 01:40:00,28.5,100,100.20,0.00,142,6.70,28.5,25.8,28.6
2026-08-11 02:10:00,28.6,100,100.20,0.00,139,6.40,28.4,25.8,28.5
2026-08-11 02:40:00,28.7,100,100.20,0.00,141,6.40,28.6,26.0,28.6
2026-08-11 03:10:00,29.1,100,100.20,0.00,148,6.40,28.9,26.4,29.0
2026-08-11 03:40:00,29.3,100,100.20,0.00,132,6.20,29.2,26.6,29.3
2026-08-11 04:10:00,29.9,100,100.20,0.00,144,6.20,29.7,27.2,29.8
2026-08-11 04:40:00,29.7,98,100.20,0.00,148,6.40,29.1,26.9,29.3
2026-08-11 05:10:00,29.8,98,100.20,0.00,142,6.20,29.2,27.0,29.4
2026-08-11 05:40:00,29.9,98,100.20,0.00,136,6.40,29.3,27.1,29.5
2026-08-11 06:10:00,29.5,97,100.20,0.00,130,6.20,28.8,26.7,29.0
2026-08-11 06:40:00,29.5,97,100.10,0.00,133,6.40,28.8,26.7,29.0
2026-08-11 07:10:00,29.6,97,100.10,0.00,142,6.40,28.9,26.8,29.1
2026-08-11 07:40:00,29.2,97,100.10,0.00,145,6.40,28.5,26.4,28.7
2026-08-11 08:10:00,29.1,98,100.10,0.00,135,6.20,28.6,26.3,28.7
2026-08-11 08:40:00,28.7,98,100.20,0.00,142,6.20,28.2,25.9,28.3
2026-08-11 09:10:00,28.7,98,100.20,0.00,142,6.20,28.2,25.8,28.3
2026-08-11 09:40:00,28.8,98,100.30,0.00,163,6.20,28.3,25.9,28.4
2026-08-11 10:10:00,28.8,98,100.30,0.00,142,6.40,28.3,25.9,28.4
2026-08-11 10:40:00,28.8,98,100.30,0.00,142,6.20,28.3,25.9,28.4
2026-08-11 11:10:00,28.7,98,100.30,0.00,133,6.40,28.1,25.8,28.3
2026-08-11 11:40:00,28.5,98,100.30,0.00,138,6.40,28.0,25.7,28.2
2026-08-11 12:10:00,28.4,100,100.20,0.00,135,6.20,28.2,25.6,28.3
2026-08-11 12:40:00,28.5,100,100.20,0.00,132,6.40,28.3,25.7,28.4
2026-08-11 13:10:00,28.5,100,100.10,0.00,138,6.40,28.3,25.7,28.4
2026-08-11 13:40:00,28.4,98,100.00,0.00,141,6.70,27.9,25.5,28.0
2026-08-11 14:10:00,28.3,100,100.00,0.00,145,6.20,28.1,25.4,28.2
2026-08-11 14:40:00,28.3,100,100.00,0.00,129,6.70,28.1,25.5,28.2
2026-08-11 15:10:00,28.4,100,100.00,0.00,141,6.40,28.2,25.6,28.3
2026-08-11 15:40:00,28.3,100,100.10,0.00,158,6.20,28.1,25.4,28.2
2026-08-11 16:10:00,28.2,100,100.10,0.00,154,6.40,28.2,25.4,28.2
2026-08-11 16:40:00,27.9,100,100.10,0.00,174,6.40,27.9,25.1,27.9
2026-08-11 17:10:00,28.7,100,100.10,0.00,199,6.20,28.5,25.9,28.6
2026-08-11 17:40:00,28.4,100,100.10,0.00,170,6.40,28.2,25.6,28.3
2026-08-12 17:00:00,28.3,100,100.10,0.00,202,6.20,28.1,25.4,28.2
2026-08-12 17:20:00,27.4,100,100.10,0.70,161,0.50,27.4,33.3,27.5
2026-08-12 17:40:00,27.3,100,100.10,0.60,168,0.50,27.3,33.0,27.4
2026-08-12 18:00:00,27.2,100,100.10,0.60,168,0.50,27.2,32.6,27.3
2026-08-12 18:20:00,27.2,100,100.13,0.60,173,0.60,27.2,32.6,27.3
2026-08-12 18:40:00,27.4,100,100.15,0.60,169,0.50,27.4,33.3,27.5
2026-08-12 19:00:00,27.2,100,100.17,0.60,170,0.40,27.2,32.6,27.3
2026-08-12 19:20:00,27.3,100,100.20,0.60,170,0.50,27.3,33.0,27.4
2026-08-12 19:40:00,27.5,100,100.21,0.60,175,0.70,27.5,33.7,27.6
2026-08-12 20:00:00,27.7,100,100.23,0.60,172,0.60,27.7,34.5,27.8
2026-08-12 20:20:00,27.8,100,100.23,0.60,174,0.50,27.8,34.9,27.9
2026-08-12 20:40:00,27.7,100,100.25,0.60,177,0.70,27.7,34.5,27.8
2026-08-12 21:00:00,27.8,100,100.24,0.60,174,0.50,27.8,34.9,27.9
2026-08-12 21:20:00,28.0,100,100.24,0.60,177,0.70,27.8,35.5,27.9
2026-08-12 21:40:00,27.9,100,100.24,0.60,174,0.60,27.9,35.3,28.0
2026-08-12 22:00:00,28.1,100,100.24,0.60,173,0.50,27.9,35.8,28.0
2026-08-12 22:20:00,28.1,100,100.25,0.60,173,0.60,27.9,35.8,28.0
2026-08-12 22:40:00,28.1,100,100.25,0.60,173,0.60,27.9,35.8,28.0
2026-08-12 23:00:00,28.0,100,100.25,0.60,173,0.60,27.8,35.5,27.9
2026-08-12 23:20:00,27.9,100,100.24,0.60,178,0.50,27.9,35.3,28.0
2026-08-12 23:40:00,28.0,100,100.23,0.60,173,0.50,27.8,35.5,27.9
2026-08-13 00:00:00,28.0,100,100.22,0.60,173,0.50,27.8,35.5,27.9
2026-08-13 00:20:00,28.0,100,100.22,0.60,173,0.70,27.8,35.5,27.9
2026-08-13 00:40:00,28.0,100,100.22,0.60,175,0.40,27.8,35.5,27.9
2026-08-13 01:00:00,28.0,100,100.20,0.60,172,0.60,27.8,35.5,27.9
2026-08-13 01:20:00,28.0,100,100.19,0.60,175,0.40,27.8,35.5,27.9
2026-08-13 01:40:00,27.9,100,100.20,0.60,173,0.50,27.9,35.3,28.0
2026-08-13 02:00:00,28.0,100,100.21,0.60,172,0.70,27.8,35.5,27.9
2026-08-13 02:20:00,28.0,100,100.20,0.60,173,0.50,27.8,35.5,27.9
2026-08-13 02:40:00,27.9,100,100.20,0.60,174,0.70,27.9,35.3,28.0
2026-08-13 03:00:00,27.9,100,100.19,0.60,173,0.70,27.9,35.3,28.0
2026-08-13 03:20:00,28.0,100,100.19,0.60,174,0.70,27.8,35.5,27.9
2026-08-13 03:40:00,28.0,100,100.19,0.60,174,0.50,27.8,35.5,27.9
2026-08-13 04:00:00,28.0,100,100.20,0.60,173,0.60,27.8,35.5,27.9
2026-08-13 04:20:00,27.9,100,100.21,0.60,173,0.50,27.9,35.3,28.0
2026-08-13 04:40:00,27.9,100,100.22,0.60,172,0.50,27.9,35.3,28.0
2026-08-13 05:00:00,28.0,100,100.23,0.60,171,0.60,27.8,35.5,27.9
2026-08-13 05:20:00,28.0,100,100.24,0.60,177,0.00,27.8,35.5,27.9
2026-08-13 05:40:00,28.0,100,100.25,0.60,172,0.70,27.8,35.5,27.9
2026-08-13 06:00:00,28.1,100,100.25,0.60,171,0.40,27.9,35.8,28.0
2026-08-13 06:20:00,28.2,100,100.27,0.60,169,0.60,28.0,36.2,28.1
2026-08-13 06:40:00,28.2,100,100.26,0.60,169,0.50,28.0,36.2,28.1
2026-08-13 07:00:00,28.3,100,100.26,0.60,176,0.00,28.1,36.6,28.2
2026-08-13 07:20:00,28.0,100,100.27,0.60,180,0.00,27.8,35.5,27.9
2026-08-13 07:40:00,28.1,100,100.28,0.20,172,0.60,27.9,35.8,28.0
2026-08-13 08:00:00,27.5,100,100.31,0.20,173,0.60,27.5,33.7,27.6
2026-08-13 08:20:00,27.6,100,100.31,0.20,171,0.70,27.6,34.1,27.7
2026-08-13 08:40:00,27.7,100,100.32,0.20,173,0.50,27.7,34.5,27.8
2026-08-13 09:00:00,27.8,100,100.33,0.20,174,0.50,27.8,34.9,27.9
2026-08-13 09:20:00,27.9,100,100.32,0.20,174,0.60,27.9,35.3,28.0
2026-08-13 09:40:00,28.1,98,100.31,0.20,177,0.00,27.6,35.4,27.7
2026-08-13 10:00:00,27.9,100,100.31,0.20,171,0.50,27.9,35.3,28.0
2026-08-13 10:20:00,28.0,98,100.31,0.20,127,0.50,27.5,35.1,27.6
2026-08-13 10:40:00,27.7,100,100.31,0.20,172,0.40,27.7,34.5,27.8
2026-08-13 11:00:00,27.8,100,100.31,0.20,170,0.60,27.8,34.9,27.9
2026-08-13 11:20:00,28.4,98,100.30,0.20,166,0.50,27.9,36.6,28.0
2026-08-13 11:40:00,28.8,97,100.29,0.20,164,0.50,28.1,37.9,28.3
2026-08-13 12:00:00,28.4,98,100.29,0.20,159,0.60,27.9,36.6,28.0
2026-08-13 12:20:00,29.0,97,100.27,0.20,154,0.60,28.3,38.7,28.5
2026-08-13 12:40:00,29.6,96,100.26,0.20,143,0.50,28.7,40.8,29.0
2026-08-13 13:00:00,30.5,93,100.25,0.20,134,0.40,29.0,43.4,29.4
2026-08-13 13:20:00,30.7,93,100.22,0.20,136,0.50,29.2,44.3,29.6
2026-08-13 13:40:00,30.6,93,100.23,0.20,136,0.50,29.1,43.9,29.5
2026-08-13 14:00:00,30.7,93,100.23,0.20,142,0.40,29.2,44.3,29.6
2026-08-13 14:20:00,30.0,94,100.25,0.20,141,0.40,28.7,41.8,29.1
2026-08-13 14:40:00,29.8,95,100.25,0.20,143,0.30,28.7,41.3,29.0
2026-08-13 15:00:00,29.7,95,100.25,0.20,146,0.60,28.6,40.9,28.9
2026-08-13 15:20:00,29.1,96,100.24,0.20,150,0.60,28.2,38.8,28.5
2026-08-13 15:40:00,28.8,95,100.22,0.20,149,0.60,27.7,37.4,28.0
2026-08-13 16:00:00,28.8,95,100.21,0.20,146,0.50,27.7,37.4,28.0
2026-08-13 16:20:00,29.0,95,100.24,0.20,149,0.60,27.9,38.1,28.2
2026-08-13 16:40:00,28.8,96,100.24,0.20,148,0.50,27.9,37.6,28.2
2026-08-13 17:00:00,29.0,96,100.26,0.20,158,0.00,28.1,38.4,28.4
2026-08-13 17:20:00,28.7,97,100.29,0.20,156,0.00,28.0,37.5,28.2
2026-08-13 17:40:00,28.5,97,100.31,0.20,161,0.00,27.8,36.7,28.0
2026-08-13 18:00:00,28.4,97,100.33,0.20,156,0.50,27.7,36.4,27.9
2026-08-13 18:20:00,28.4,97,100.35,0.20,157,0.20,27.7,36.4,27.9
2026-08-13 18:40:00,28.2,97,100.35,0.20,161,0.90,27.5,35.6,27.7
2026-08-13 22:10:00,27.7,100,100.46,0.10,200,0.00,27.7,34.5,27.8
2026-08-13 22:20:00,27.7,100,100.46,0.20,173,0.00,27.7,34.5,27.8
2026-08-13 22:30:00,27.4,100,100.47,0.10,174,0.00,27.4,33.3,27.5
2026-08-13 22:40:00,27.5,100,100.47,0.10,174,0.00,27.5,33.7,27.6
2026-08-13 22:50:00,27.5,100,100.46,0.10,173,0.00,27.5,33.7,27.6
2026-08-13 23:00:00,27.5,100,100.46,0.10,173,0.00,27.5,33.7,27.6
2026-08-13 23:10:00,27.6,100,100.47,0.10,170,0.00,27.6,34.1,27.7
2026-08-13 23:20:00,27.7,100,100.47,0.10,169,0.00,27.7,34.5,27.8
2026-08-13 23:30:00,27.7,100,100.47,0.10,169,0.00,27.7,34.5,27.8
2026-08-13 23:40:00,27.7,100,100.47,0.10,167,0.00,27.7,34.5,27.8
2026-08-13 23:50:00,27.6,100,100.46,0.10,169,0.00,27.6,34.1,27.7
2026-08-14 00:00:00,27.6,100,100.46,0.10,167,0.00,27.6,34.1,27.7
2026-08-14 00:10:00,27.5,100,100.45,0.10,167,0.00,27.5,33.7,27.6
2026-08-14 00:20:00,27.6,100,100.44,0.10,169,0.00,27.6,34.1,27.7
2026-08-14 00:30:00,27.5,100,100.44,0.10,167,0.00,27.5,33.7,27.6
2026-08-14 00:40:00,27.5,100,100.44,0.10,166,0.00,27.5,33.7,27.6
2026-08-14 00:50:00,27.6,100,100.43,0.10,166,0.00,27.6,34.1,27.7
2026-08-14 01:00:00,27.6,100,100.42,0.10,167,0.00,27.6,34.1,27.7
2026-08-14 01:10:00,27.6,100,100.42,0.10,167,0.00,27.6,34.1,27.7
2026-08-14 01:20:00,27.6,100,100.41,0.10,166,0.00,27.6,34.1,27.7
2026-08-14 01:30:00,27.7,100,100.40,0.10,165,0.00,27.7,34.5,27.8
2026-08-14 01:40:00,27.7,100,100.39,0.10,167,0.00,27.7,34.5,27.8
2026-08-14 01:50:00,27.6,100,100.39,0.10,165,0.00,27.6,34.1,27.7
2026-08-14 02:00:00,27.6,100,100.38,0.10,165,0.00,27.6,34.1,27.7
2026-08-14 02:10:00,27.6,100,100.37,0.10,165,0.00,27.6,34.1,27.7
2026-08-14 02:20:00,27.6,100,100.37,0.10,165,0.00,27.6,34.1,27.7
2026-08-14 02:30:00,27.7,100,100.36,0.10,166,0.00,27.7,34.5,27.8
2026-08-14 02:40:00,27.6,100,100.37,0.10,165,0.00,27.6,34.1,27.7
2026-08-14 02:50:00,27.6,100,100.37,0.10,165,0.00,27.6,34.1,27.7
2026-08-14 03:00:00,27.5,100,100.37,0.10,167,0.00,27.5,33.7,27.6
2026-08-14 03:10:00,27.6,100,100.37,0.10,165,0.00,27.6,34.1,27.7
2026-08-14 03:20:00,27.6,100,100.37,0.10,165,0.00,27.6,34.1,27.7
2026-08-14 03:30:00,27.7,100,100.36,0.10,165,0.00,27.7,34.5,27.8
2026-08-14 03:40:00,27.7,100,100.36,0.10,165,0.00,27.7,34.5,27.8
2026-08-14 03:50:00,27.7,100,100.37,0.10,164,0.00,27.7,34.5,27.8
2026-08-14 04:00:00,27.7,100,100.37,0.10,166,0.00,27.7,34.5,27.8
2026-08-14 04:10:00,27.7,100,100.38,0.10,165,0.00,27.7,34.5,27.8
2026-08-14 04:20:00,27.7,100,100.38,0.10,165,0.00,27.7,34.5,27.8
2026-08-14 04:30:00,27.7,100,100.39,0.10,165,0.00,27.7,34.5,27.8
2026-08-14 04:40:00,27.7,100,100.40,0.10,164,0.00,27.7,34.5,27.8
2026-08-14 04:50:00,27.7,100,100.40,0.10,164,0.00,27.7,34.5,27.8
2026-08-14 05:00:00,27.7,100,100.39,0.00,166,0.00,27.7,34.5,27.8
2026-08-14 05:10:00,27.7,100,100.40,0.10,165,0.00,27.7,34.5,27.8
2026-08-14 05:20:00,27.6,100,100.40,0.00,166,0.00,27.6,34.1,27.7
2026-08-14 05:30:00,27.7,100,100.40,0.00,166,0.00,27.7,34.5,27.8
2026-08-14 05:40:00,27.7,100,100.40,0.10,164,0.00,27.7,34.5,27.8
2026-08-14 05:50:00,27.7,100,100.41,0.00,166,0.00,27.7,34.5,27.8
2026-08-14 06:00:00,27.7,100,100.42,0.10,165,0.00,27.7,34.5,27.8
2026-08-14 06:10:00,27.7,100,100.41,0.00,165,0.00,27.7,34.5,27.8
2026-08-14 06:20:00,27.7,100,100.42,0.10,165,0.00,27.7,34.5,27.8
2026-08-14 06:30:00,27.8,100,100.42,0.00,165,0.00,27.8,34.9,27.9
2026-08-14 06:40:00,27.8,100,100.44,0.10,164,0.00,27.8,34.9,27.9
2026-08-14 06:50:00,27.8,100,100.44,0.00,163,0.00,27.8,34.9,27.9
2026-08-14 07:00:00,27.9,100,100.42,0.00,163,0.00,27.9,35.3,28.0
2026-08-14 07:10:00,27.9,100,100.42,0.00,164,0.00,27.9,35.3,28.0
2026-08-14 07:20:00,28.0,100,100.42,0.00,163,0.00,27.8,35.5,27.9
2026-08-14 07:30:00,28.1,100,100.42,0.00,163,0.00,27.9,35.8,28.0
2026-08-14 07:40:00,28.2,100,100.42,0.00,166,0.00,28.0,36.2,28.1
2026-08-14 07:50:00,27.9,100,100.41,0.10,165,0.00,27.9,35.3,28.0
2026-08-14 08:00:00,27.9,100,100.42,0.10,167,0.00,27.9,35.3,28.0
2026-08-14 08:10:00,27.9,100,100.43,0.10,165,0.00,27.9,35.3,28.0
2026-08-14 08:20:00,27.9,100,100.44,0.10,165,0.00,27.9,35.3,28.0
2026-08-14 08:30:00,27.9,100,100.45,0.10,170,0.00,27.9,35.3,28.0
2026-08-14 08:40:00,28.0,98,100.45,0.10,158,0.00,27.5,35.1,27.6
2026-08-14 08:50:00,28.1,98,100.46,0.10,167,0.00,27.6,35.4,27.7
2026-08-14 09:00:00,28.1,98,100.47,0.10,165,0.00,27.6,35.4,27.7
2026-08-14 09:10:00,28.1,98,100.47,0.10,169,0.00,27.6,35.4,27.7
2026-08-14 09:20:00,28.3,98,100.48,0.10,167,0.00,27.8,36.2,27.9
2026-08-14 09:30:00,28.4,98,100.48,0.10,168,0.00,27.9,36.6,28.0
2026-08-14 09:40:00,28.4,98,100.49,0.10,153,0.00,27.9,36.6,28.0
2026-08-14 09:50:00,28.4,98,100.49,0.10,170,0.00,27.9,36.6,28.0
2026-08-14 10:00:00,28.5,98,100.49,0.10,166,0.00,28.0,37.0,28.1
2026-08-14 10:10:00,28.2,98,100.48,0.10,170,0.00,27.7,35.8,27.8
2026-08-14 10:20:00,28.5,98,100.48,0.10,168,0.00,28.0,37.0,28.1
2026-08-14 10:30:00,28.4,98,100.49,0.10,164,0.00,27.9,36.6,28.0
2026-08-14 10:40:00,28.4,98,100.50,0.10,168,0.00,27.9,36.6,28.0
2026-08-14 10:50:00,28.3,98,100.50,0.10,167,0.00,27.8,36.2,27.9
2026-08-14 11:00:00,28.4,98,100.51,0.10,155,0.00,27.9,36.6,28.0
2026-08-14 11:10:00,28.1,100,100.50,0.10,163,0.00,27.9,35.8,28.0
2026-08-14 11:20:00,28.1,98,100.49,0.10,164,0.00,27.6,35.4,27.7
2026-08-14 11:30:00,28.2,98,100.48,0.10,167,0.00,27.7,35.8,27.8
2026-08-14 11:40:00,28.1,100,100.49,0.10,155,0.00,27.9,35.8,28.0
2026-08-14 11:50:00,28.0,100,100.49,0.10,156,0.00,27.8,35.5,27.9
2026-08-14 12:00:00,27.9,100,100.48,0.10,164,0.00,27.9,35.3,28.0
2026-08-14 12:10:00,27.8,100,100.47,0.10,160,0.00,27.8,34.9,27.9
2026-08-14 12:20:00,27.6,100,100.45,0.10,155,0.00,27.6,34.1,27.7
2026-08-14 12:30:00,27.5,100,100.43,0.10,133,0.00,27.5,33.7,27.6
2026-08-14 12:40:00,27.5,100,100.42,0.10,166,0.00,27.5,33.7,27.6
2026-08-14 12:50:00,27.9,100,100.42,0.10,162,0.00,27.9,35.3,28.0
2026-08-14 13:00:00,27.6,100,100.42,0.10,153,0.00,27.6,34.1,27.7
2026-08-14 13:10:00,27.5,100,100.41,0.10,144,0.00,27.5,33.7,27.6
2026-08-14 13:20:00,27.6,100,100.40,0.10,162,0.00,27.6,34.1,27.7
2026-08-14 13:30:00,27.9,100,100.39,0.10,165,0.00,27.9,35.3,28.0
2026-08-14 13:40:00,28.1,100,100.39,0.10,129,0.00,27.9,35.8,28.0
2026-08-14 13:50:00,27.8,100,100.40,0.10,161,0.00,27.8,34.9,27.9
2026-08-14 14:00:00,27.7,100,100.37,0.10,135,0.00,27.7,34.5,27.8
2026-08-14 14:10:00,27.8,100,100.35,0.10,132,0.00,27.8,34.9,27.9
2026-08-14 14:20:00,27.9,100,100.33,0.10,115,0.00,27.9,35.3,28.0
2026-08-14 14:30:00,28.0,100,100.35,0.10,134,0.00,27.8,35.5,27.9
2026-08-14 14:40:00,27.8,100,100.35,0.10,164,0.00,27.8,34.9,27.9
2026-08-14 14:50:00,28.0,100,100.35,0.10,164,0.00,27.8,35.5,27.9
2026-08-14 15:00:00,27.9,100,100.36,0.10,170,0.00,27.9,35.3,28.0
2026-08-14 15:10:00,28.0,100,100.35,0.00,168,0.00,27.8,35.5,27.9
2026-08-14 15:20:00,28.4,100,100.36,0.00,170,0.00,28.2,37.0,28.3
2026-08-14 15:30:00,28.7,100,100.37,0.10,168,0.00,28.5,38.2,28.6
2026-08-14 15:40:00,28.1,100,100.37,0.10,167,0.00,27.9,35.8,28.0
2026-08-14 15:50:00,28.4,100,100.37,0.10,170,0.00,28.2,37.0,28.3
2026-08-14 16:00:00,28.3,100,100.36,0.10,166,0.00,28.1,36.6,28.2
2026-08-14 16:10:00,28.4,100,100.35,0.10,167,0.00,28.2,37.0,28.3
2026-08-14 16:20:00,28.5,100,100.35,0.20,163,0.00,28.3,37.4,28.4
2026-08-14 16:30:00,28.1,100,100.36,0.20,167,0.00,27.9,35.8,28.0
2026-08-14 16:40:00,27.7,100,100.38,0.20,168,0.00,27.7,34.5,27.8
2026-08-14 16:50:00,27.7,100,100.39,0.20,168,0.00,27.7,34.5,27.8
2026-08-14 17:00:00,27.7,100,100.39,0.20,167,0.00,27.7,34.5,27.8
2026-08-14 17:10:00,27.7,100,100.41,0.20,169,0.00,27.7,34.5,27.8
2026-08-14 17:20:00,27.7,100,100.39,0.20,143,0.00,27.7,34.5,27.8
2026-08-14 17:30:00,27.5,100,100.38,0.20,168,0.00,27.5,33.7,27.6
2026-08-14 17:40:00,27.7,100,100.36,0.20,164,0.00,27.7,34.5,27.8
2026-08-14 17:50:00,27.7,100,100.34,0.20,167,0.00,27.7,34.5,27.8
2026-08-14 18:00:00,27.6,100,100.35,0.20,168,3.70,27.6,34.1,27.7
2026-08-14 18:10:00,27.6,100,100.37,0.20,172,3.80,27.6,34.1,27.7
2026-08-14 18:20:00,27.5,100,100.39,0.20,131,3.10,27.5,33.7,27.6
2026-08-14 18:30:00,27.3,100,100.38,0.20,166,3.70,27.3,33.0,27.4
2026-08-14 18:40:00,27.4,100,100.40,0.20,129,0.00,27.4,33.3,27.5
2026-08-14 18:50:00,27.4,100,100.43,0.20,167,0.00,27.4,33.3,27.5
2026-08-14 19:00:00,27.5,100,100.43,0.20,168,0.00,27.5,33.7,27.6
2026-08-14 19:10:00,27.6,100,100.45,0.20,169,0.00,27.6,34.1,27.7
2026-08-14 19:20:00,27.5,100,100.47,0.20,166,0.00,27.5,33.7,27.6
2026-08-14 19:30:00,27.5,100,100.48,0.20,170,0.00,27.5,33.7,27.6
2026-08-14 19:40:00,27.4,100,100.48,0.20,148,0.00,27.4,33.3,27.5
2026-08-14 19:50:00,27.2,100,100.47,0.20,127,0.00,27.2,32.6,27.3
2026-08-14 20:00:00,27.2,100,100.47,0.20,129,0.00,27.2,32.6,27.3
2026-08-14 20:10:00,27.1,100,100.50,0.20,168,0.00,27.1,32.2,27.2
2026-08-14 20:20:00,27.1,100,100.50,0.20,167,0.00,27.1,32.2,27.2
2026-08-14 20:30:00,27.3,100,100.50,0.20,167,0.00,27.3,33.0,27.4
2026-08-14 20:40:00,27.3,100,100.51,0.20,167,0.00,27.3,33.0,27.4
2026-08-14 20:50:00,27.2,100,100.54,0.20,152,0.00,27.2,32.6,27.3
2026-08-14 21:00:00,27.1,100,100.54,0.20,157,0.00,27.1,32.2,27.2
2026-08-14 21:10:00,27.2,100,100.52,0.20,168,0.00,27.2,32.6,27.3
2026-08-14 21:20:00,27.4,100,100.53,0.20,163,0.00,27.4,33.3,27.5
2026-08-14 21:30:00,27.2,100,100.53,0.20,150,0.00,27.2,32.6,27.3
2026-08-14 21:40:00,27.3,100,100.54,0.20,168,0.00,27.3,33.0,27.4
2026-08-14 21:50:00,27.3,100,100.56,0.20,168,0.00,27.3,33.0,27.4
2026-08-14 22:00:00,27.5,100,100.57,0.20,169,0.00,27.5,33.7,27.6
2026-08-14 22:10:00,27.5,100,100.56,0.20,170,0.00,27.5,33.7,27.6
2026-08-14 22:20:00,27.5,100,100.55,0.20,167,0.00,27.5,33.7,27.6
2026-08-14 22:30:00,27.5,100,100.55,0.20,171,0.00,27.5,33.7,27.6
2026-08-14 22:40:00,27.4,100,100.53,0.20,173,0.00,27.4,33.3,27.5
2026-08-14 22:50:00,27.1,100,100.51,0.20,169,0.00,27.1,32.2,27.2
2026-08-14 23:00:00,27.2,100,100.50,0.20,168,0.00,27.2,32.6,27.3
2026-08-14 23:10:00,27.3,100,100.51,0.20,166,0.00,27.3,33.0,27.4
2026-08-14 23:20:00,27.2,100,100.49,0.20,169,0.00,27.2,32.6,27.3
2026-08-14 23:30:00,27.2,100,100.49,0.20,171,0.00,27.2,32.6,27.3
2026-08-14 23:40:00,27.2,100,100.50,0.20,170,0.00,27.2,32.6,27.3
2026-08-14 23:50:00,27.1,100,100.48,0.20,169,0.00,27.1,32.2,27.2
2026-08-15 00:00:00,27.2,100,100.47,0.20,170,0.00,27.2,32.6,27.3
2026-08-15 00:10:00,27.1,100,100.47,0.20,168,0.00,27.1,32.2,27.2
2026-08-15 00:20:00,27.1,100,100.43,0.20,166,0.00,27.1,32.2,27.2
2026-08-15 00:30:00,27.1,100,100.43,0.20,170,0.00,27.1,32.2,27.2
2026-08-15 00:40:00,27.1,100,100.42,0.20,171,0.00,27.1,32.2,27.2
2026-08-15 00:50:00,27.0,100,100.41,0.20,170,0.00,27.0,31.9,27.1
2026-08-15 01:00:00,27.0,100,100.38,0.20,169,0.00,27.0,31.9,27.1
2026-08-15 01:10:00,27.0,100,100.38,0.20,170,0.00,27.0,31.9,27.1
2026-08-15 01:20:00,27.0,100,100.38,0.20,168,0.00,27.0,31.9,27.1
2026-08-15 01:30:00,27.0,100,100.37,0.20,169,0.00,27.0,31.9,27.1
2026-08-15 01:40:00,27.1,100,100.36,0.20,169,0.00,27.1,32.2,27.2
2026-08-15 01:50:00,27.1,100,100.34,0.20,169,0.00,27.1,32.2,27.2
2026-08-15 02:00:00,27.1,100,100.32,0.20,170,0.00,27.1,32.2,27.2
2026-08-15 02:10:00,27.1,100,100.29,0.20,168,0.00,27.1,32.2,27.2
2026-08-15 02:20:00,27.0,100,100.30,0.20,168,0.00,27.0,31.9,27.1
2026-08-15 02:30:00,27.1,100,100.30,0.20,170,0.00,27.1,32.2,27.2
2026-08-15 02:40:00,27.1,100,100.31,0.20,170,0.00,27.1,32.2,27.2
2026-08-15 02:50:00,27.1,100,100.31,0.20,169,0.00,27.1,32.2,27.2
2026-08-15 03:00:00,27.2,100,100.31,0.20,168,0.00,27.2,32.6,27.3
2026-08-15 03:10:00,27.2,100,100.33,0.20,170,0.00,27.2,32.6,27.3
2026-08-15 03:20:00,27.2,100,100.32,0.20,169,0.00,27.2,32.6,27.3
2026-08-15 03:30:00,27.2,100,100.33,0.20,168,0.00,27.2,32.6,27.3
2026-08-15 03:40:00,27.2,100,100.34,0.20,165,0.00,27.2,32.6,27.3
2026-08-15 03:50:00,27.2,100,100.35,0.20,168,0.00,27.2,32.6,27.3
2026-08-15 04:00:00,27.2,100,100.35,0.20,167,0.00,27.2,32.6,27.3
2026-08-15 04:10:00,27.2,100,100.35,0.20,165,0.00,27.2,32.6,27.3
2026-08-15 04:20:00,27.2,100,100.35,0.20,165,0.00,27.2,32.6,27.3
2026-08-15 04:30:00,27.2,100,100.36,0.20,166,0.00,27.2,32.6,27.3
2026-08-15 04:40:00,27.2,100,100.38,0.20,163,0.00,27.2,32.6,27.3
2026-08-15 04:50:00,27.2,100,100.38,0.20,160,0.00,27.2,32.6,27.3
2026-08-15 05:00:00,27.2,100,100.38,0.20,169,0.00,27.2,32.6,27.3
2026-08-15 05:10:00,27.2,100,100.38,0.20,167,0.00,27.2,32.6,27.3
2026-08-15 05:20:00,27.1,100,100.38,0.20,163,0.00,27.1,32.2,27.2
2026-08-15 05:30:00,27.1,100,100.39,0.10,160,0.00,27.1,32.2,27.2
2026-08-15 05:40:00,27.1,100,100.41,0.10,146,0.00,27.1,32.2,27.2
2026-08-15 05:50:00,27.2,100,100.42,0.10,169,0.00,27.2,32.6,27.3
2026-08-15 06:00:00,27.3,100,100.43,0.10,171,0.00,27.3,33.0,27.4
2026-08-15 06:10:00,27.4,100,100.41,0.10,171,0.00,27.4,33.3,27.5
2026-08-15 06:20:00,27.4,100,100.41,0.10,170,0.00,27.4,33.3,27.5
2026-08-15 06:30:00,27.4,100,100.41,0.10,167,0.00,27.4,33.3,27.5
2026-08-15 06:40:00,27.5,100,100.40,0.10,161,0.00,27.5,33.7,27.6
2026-08-15 06:50:00,27.6,100,100.41,0.10,158,0.00,27.6,34.1,27.7
2026-08-15 07:00:00,27.7,100,100.42,0.10,165,0.00,27.7,34.5,27.8
2026-08-15 07:10:00,27.8,100,100.43,0.10,171,0.00,27.8,34.9,27.9
2026-08-15 07:20:00,27.9,100,100.43,0.10,168,0.00,27.9,35.3,28.0
2026-08-15 07:30:00,28.1,100,100.44,0.10,165,0.00,27.9,35.8,28.0
2026-08-15 07:40:00,28.1,100,100.44,0.10,160,0.00,27.9,35.8,28.0
2026-08-15 07:50:00,28.0,100,100.44,0.10,141,0.00,27.8,35.5,27.9
2026-08-15 08:00:00,27.8,100,100.44,0.10,159,0.00,27.8,34.9,27.9
2026-08-15 08:10:00,28.8,100,100.44,0.10,167,0.00,28.6,38.7,28.7
2026-08-15 08:20:00,29.0,98,100.44,0.10,165,0.00,28.5,38.9,28.6
2026-08-15 08:30:00,29.0,100,100.43,0.10,167,0.00,28.8,39.5,28.9
2026-08-15 08:40:00,29.4,98,100.42,0.10,164,0.00,28.9,40.6,29.0
2026-08-15 08:50:00,29.6,97,100.42,0.10,164,0.00,28.9,41.1,29.1
2026-08-15 09:00:00,29.0,97,100.43,0.20,156,0.00,28.3,38.7,28.5
2026-08-15 09:10:00,29.2,97,100.43,0.00,156,0.00,28.5,39.5,28.7
2026-08-15 09:20:00,28.9,97,100.43,0.00,155,0.00,28.2,38.3,28.4
2026-08-15 09:30:00,29.3,97,100.45,0.10,158,0.00,28.6,39.9,28.8
2026-08-15 09:40:00,29.1,98,100.45,0.10,161,0.00,28.6,39.3,28.7
2026-08-15 09:50:00,29.6,97,100.45,0.10,160,0.00,28.9,41.1,29.1
2026-08-15 10:00:00,29.7,97,100.45,0.10,156,0.00,29.0,41.5,29.2
2026-08-15 10:10:00,30.0,96,100.45,0.10,152,0.00,29.1,42.4,29.4
2026-08-15 10:20:00,30.3,96,100.44,0.10,144,0.00,29.4,43.7,29.7
2026-08-15 10:30:00,31.1,94,100.44,0.10,139,0.00,29.8,46.4,30.2
2026-08-15 10:40:00,31.2,93,100.43,0.10,141,0.00,29.7,46.4,30.1
2026-08-15 10:50:00,31.2,94,100.43,0.10,137,0.00,29.9,46.8,30.3
2026-08-15 11:00:00,31.4,94,100.41,0.10,138,0.00,30.1,47.7,30.4
2026-08-15 11:10:00,31.4,93,100.39,0.10,136,0.00,29.9,47.3,30.3
2026-08-15 11:20:00,31.7,93,100.38,0.10,119,0.00,30.2,48.6,30.6
2026-08-15 11:30:00,32.2,88,100.38,0.10,119,0.00,29.8,48.4,30.3
2026-08-15 11:40:00,31.7,91,100.37,0.10,123,0.00,29.9,47.7,30.3
2026-08-15 11:50:00,32.1,93,100.38,0.10,117,0.00,30.6,50.4,31.0
2026-08-15 12:00:00,31.8,90,100.37,0.10,117,0.00,29.8,47.6,30.2
2026-08-15 12:10:00,31.2,94,100.37,0.10,120,0.00,29.9,46.8,30.3
2026-08-15 12:20:00,30.7,93,100.35,0.10,121,0.00,29.2,44.3,29.6
2026-08-15 12:30:00,30.6,94,100.34,0.10,124,0.00,29.3,44.2,29.7
2026-08-15 12:40:00,31.2,94,100.34,0.10,121,0.00,29.9,46.8,30.3
2026-08-15 12:50:00,31.3,94,100.32,0.10,117,0.00,30.0,47.3,30.3
2026-08-15 13:00:00,32.0,93,100.33,0.10,112,0.00,30.5,50.0,30.9
2026-08-15 13:10:00,33.3,90,100.32,0.10,101,0.00,31.0,53.8,31.6
2026-08-15 13:20:00,32.9,90,100.31,0.20,109,0.00,30.6,52.0,31.2
2026-08-15 13:30:00,32.1,93,100.31,0.20,110,0.00,30.6,50.4,31.0
2026-08-15 13:40:00,31.1,93,100.31,0.20,111,0.00,29.6,46.0,30.0
2026-08-15 13:50:00,30.6,93,100.30,0.20,112,0.00,29.1,43.9,29.5
2026-08-15 14:00:00,30.5,93,100.30,0.20,120,0.00,29.0,43.4,29.4
2026-08-15 14:10:00,30.1,95,100.29,0.20,112,0.00,29.0,42.5,29.3
2026-08-15 14:20:00,29.7,96,100.28,0.20,148,0.00,28.8,41.2,29.1
2026-08-15 14:30:00,29.1,97,100.28,0.20,133,0.00,28.4,39.1,28.6
2026-08-15 14:40:00,29.2,97,100.27,0.20,165,0.00,28.5,39.5,28.7
2026-08-15 14:50:00,29.4,97,100.26,0.20,163,0.00,28.7,40.3,28.9
2026-08-15 15:00:00,29.4,97,100.27,0.20,164,0.00,28.7,40.3,28.9
2026-08-15 15:10:00,29.5,97,100.26,0.20,164,0.00,28.8,40.7,29.0
2026-08-15 15:20:00,29.5,97,100.26,0.20,163,0.00,28.8,40.7,29.0
2026-08-15 15:30:00,29.7,97,100.27,0.20,167,0.00,29.0,41.5,29.2
2026-08-15 15:40:00,29.4,97,100.25,0.20,156,0.00,28.7,40.3,28.9
2026-08-15 15:50:00,29.4,97,100.24,0.20,161,0.00,28.7,40.3,28.9
2026-08-15 16:00:00,29.4,97,100.24,0.20,155,0.00,28.7,40.3,28.9
2026-08-15 16:10:00,29.5,97,100.23,0.20,156,0.00,28.8,40.7,29.0
2026-08-15 16:20:00,29.7,97,100.24,0.20,157,0.00,29.0,41.5,29.2
2026-08-15 16:30:00,29.7,97,100.24,0.20,156,0.00,29.0,41.5,29.2
2026-08-15 16:40:00,29.5,97,100.24,0.20,154,0.00,28.8,40.7,29.0
2026-08-15 16:50:00,29.5,97,100.24,0.20,152,0.00,28.8,40.7,29.0
2026-08-15 17:00:00,29.4,97,100.24,0.20,151,0.00,28.7,40.3,28.9
2026-08-15 17:10:00,29.3,97,100.23,0.20,151,0.00,28.6,39.9,28.8
2026-08-15 17:20:00,29.1,96,100.23,0.20,154,0.00,28.2,38.8,28.5
2026-08-15 17:30:00,29.1,96,100.23,0.20,149,0.00,28.2,38.8,28.5
2026-08-15 17:40:00,29.0,96,100.22,0.20,149,0.00,28.1,38.4,28.4
2026-08-15 17:50:00,29.0,96,100.24,0.20,147,0.00,28.1,38.4,28.4
2026-08-15 17:51:00,28.9,96,100.25,0.20,149,0.00,28.0,38.0,28.3
2026-08-15 17:52:00,29.0,97,100.25,0.20,144,0.00,28.3,38.7,28.5
2026-08-15 17:53:00,28.9,97,100.26,0.20,150,0.00,28.2,38.3,28.4
2026-08-15 17:54:00,28.9,97,100.26,0.20,149,0.00,28.2,38.3,28.4
2026-08-15 17:55:00,28.9,97,100.26,0.20,150,0.00,28.2,38.3,28.4
2026-08-15 17:56:00,28.9,97,100.26,0.20,151,0.00,28.2,38.3,28.4
2026-08-15 17:57:00,28.9,97,100.27,0.20,150,0.00,28.2,38.3,28.4
2026-08-15 17:58:00,28.9,97,100.26,0.20,152,0.00,28.2,38.3,28.4
2026-08-15 17:59:00,28.8,97,100.27,0.20,152,0.00,28.1,37.9,28.3
2026-08-15 18:00:00,28.8,97,100.27,0.20,154,0.00,28.1,37.9,28.3
2026-08-15 18:01:00,28.8,97,100.27,0.20,152,0.00,28.1,37.9,28.3
2026-08-15 18:02:00,28.8,97,100.27,0.20,155,0.00,28.1,37.9,28.3
2026-08-15 18:03:00,28.8,97,100.27,0.20,154,0.00,28.1,37.9,28.3
2026-08-15 18:04:00,28.8,97,100.27,0.20,154,0.00,28.1,37.9,28.3
2026-08-15 18:05:00,28.8,97,100.27,0.20,155,0.00,28.1,37.9,28.3
2026-08-15 18:06:00,28.8,97,100.27,0.20,153,0.00,28.1,37.9,28.3
2026-08-15 18:07:00,28.8,97,100.27,0.20,151,0.00,28.1,37.9,28.3
2026-08-15 18:08:00,28.8,97,100.27,0.20,150,0.00,28.1,37.9,28.3
2026-08-15 18:09:00,28.8,97,100.28,0.20,151,0.00,28.1,37.9,28.3
2026-08-15 18:10:00,28.8,97,100.27,0.20,150,0.00,28.1,37.9,28.3
2026-08-15 18:11:00,28.8,97,100.27,0.20,153,0.00,28.1,37.9,28.3
2026-08-15 18:12:00,28.8,97,100.28,0.20,156,0.00,28.1,37.9,28.3
2026-08-15 18:13:00,28.8,97,100.28,0.20,156,0.00,28.1,37.9,28.3
2026-08-15 18:14:00,28.8,97,100.28,0.20,156,0.00,28.1,37.9,28.3
2026-08-15 18:15:00,28.8,97,100.27,0.20,158,0.00,28.1,37.9,28.3
2026-08-15 18:16:00,28.8,97,100.27,0.20,159,0.00,28.1,37.9,28.3
2026-08-15 18:17:00,28.9,97,100.27,0.20,157,0.00,28.2,38.3,28.4
2026-08-15 18:18:00,28.9,97,100.27,0.20,157,0.00,28.2,38.3,28.4
2026-08-15 18:19:00,28.9,97,100.27,0.20,157,0.00,28.2,38.3,28.4
2026-08-15 18:20:00,28.9,97,100.28,0.20,156,0.00,28.2,38.3,28.4
2026-08-15 18:21:00,28.9,97,100.27,0.20,158,0.00,28.2,38.3,28.4
2026-08-15 18:22:00,28.9,97,100.27,0.20,158,0.00,28.2,38.3,28.4
2026-08-15 18:23:00,28.9,97,100.27,0.20,160,0.00,28.2,38.3,28.4
2026-08-15 18:24:00,28.9,97,100.27,0.20,160,0.00,28.2,38.3,28.4
2026-08-15 18:25:00,28.9,97,100.27,0.20,161,0.00,28.2,38.3,28.4
2026-08-15 18:26:00,29.0,97,100.28,0.20,160,0.00,28.3,38.7,28.5
2026-08-15 18:27:00,29.0,97,100.27,0.20,161,0.00,28.3,38.7,28.5
2026-08-15 18:28:00,29.0,97,100.28,0.20,162,0.00,28.3,38.7,28.5
2026-08-15 18:29:00,29.0,97,100.28,0.20,162,0.00,28.3,38.7,28.5
2026-08-15 18:30:00,29.0,97,100.28,0.20,164,0.00,28.3,38.7,28.5
2026-08-15 18:31:00,29.0,97,100.28,0.20,163,0.00,28.3,38.7,28.5
2026-08-15 18:32:00,29.0,97,100.28,0.20,162,0.00,28.3,38.7,28.5
2026-08-15 18:33:00,29.0,97,100.28,0.20,162,0.00,28.3,38.7,28.5
2026-08-15 18:34:00,29.0,97,100.28,0.20,159,0.00,28.3,38.7,28.5
2026-08-15 18:35:00,29.0,97,100.28,0.20,160,0.00,28.3,38.7,28.5
2026-08-15 18:36:00,29.0,97,100.28,0.20,159,0.00,28.3,38.7,28.5
2026-08-15 18:37:00,29.0,97,100.28,0.20,158,0.00,28.3,38.7,28.5
2026-08-15 18:38:00,29.0,97,100.28,0.20,158,0.00,28.3,38.7,28.5
2026-08-15 18:39:00,29.0,97,100.29,0.20,158,0.00,28.3,38.7,28.5
2026-08-15 18:40:00,29.0,97,100.29,0.20,161,0.00,28.3,38.7,28.5
2026-08-15 18:41:00,29.0,97,100.29,0.20,162,0.00,28.3,38.7,28.5
2026-08-15 18:42:00,29.0,97,100.29,0.20,160,0.00,28.3,38.7,28.5
2026-08-15 18:43:00,29.0,97,100.29,0.20,160,0.00,28.3,38.7,28.5
2026-08-15 18:44:00,29.0,97,100.29,0.20,161,0.00,28.3,38.7,28.5
2026-08-15 18:45:00,29.0,97,100.28,0.20,160,0.00,28.3,38.7,28.5
2026-08-15 18:46:00,29.0,97,100.28,0.20,160,0.00,28.3,38.7,28.5
2026-08-15 18:47:00,29.0,97,100.28,0.20,159,0.00,28.3,38.7,28.5
2026-08-15 18:48:00,29.0,97,100.28,0.20,159,0.00,28.3,38.7,28.5
2026-08-15 18:49:00,29.0,97,100.28,0.20,158,0.00,28.3,38.7,28.5
2026-08-15 18:50:00,29.0,97,100.28,0.20,158,0.00,28.3,38.7,28.5
2026-08-15 18:51:00,29.0,97,100.28,0.20,160,0.00,28.3,38.7,28.5
2026-08-15 18:52:00,29.0,97,100.29,0.20,159,0.00,28.3,38.7,28.5
2026-08-15 18:53:00,29.0,97,100.29,0.20,160,0.00,28.3,38.7,28.5
2026-08-15 18:54:00,29.0,97,100.29,0.20,159,0.00,28.3,38.7,28.5
2026-08-15 18:55:00,29.0,97,100.29,0.20,158,0.00,28.3,38.7,28.5
2026-08-15 18:56:00,29.0,97,100.29,0.20,158,0.00,28.3,38.7,28.5
2026-08-15 18:57:00,29.0,97,100.30,0.20,157,0.00,28.3,38.7,28.5
2026-08-15 18:58:00,29.0,97,100.29,0.20,154,0.00,28.3,38.7,28.5
2026-08-15 18:59:00,28.9,97,100.30,0.20,154,0.00,28.2,38.3,28.4
2026-08-15 19:00:00,28.8,97,100.30,0.20,154,0.00,28.1,37.9,28.3
2026-08-15 19:01:00,28.9,97,100.30,0.20,155,0.00,28.2,38.3,28.4
2026-08-15 19:02:00,28.9,97,100.30,0.20,156,0.00,28.2,38.3,28.4
2026-08-15 19:03:00,28.9,97,100.30,0.20,156,0.00,28.2,38.3,28.4
2026-08-15 19:04:00,28.9,97,100.30,0.20,156,0.00,28.2,38.3,28.4
2026-08-15 19:05:00,28.9,97,100.30,0.20,156,0.00,28.2,38.3,28.4
2026-08-15 19:06:00,28.9,97,100.30,0.20,156,0.00,28.2,38.3,28.4
2026-08-15 19:07:00,28.9,97,100.30,0.20,155,0.00,28.2,38.3,28.4
2026-08-15 19:08:00,28.9,97,100.30,0.20,155,0.00,28.2,38.3,28.4
2026-08-15 19:09:00,28.9,97,100.30,0.20,156,0.00,28.2,38.3,28.4
2026-08-15 19:10:00,28.9,97,100.31,0.20,155,0.00,28.2,38.3,28.4
2026-08-15 19:11:00,28.9,97,100.31,0.20,155,0.00,28.2,38.3,28.4
2026-08-15 19:12:00,28.9,97,100.31,0.20,154,0.00,28.2,38.3,28.4
2026-08-15 19:13:00,28.8,97,100.31,0.20,155,0.00,28.1,37.9,28.3
2026-08-15 19:14:00,28.8,97,100.31,0.20,153,0.00,28.1,37.9,28.3
2026-08-15 19:24:00,28.8,97,100.34,0.20,155,0.00,28.1,37.9,28.3
2026-08-15 19:34:00,28.7,97,100.34,0.20,161,0.00,28.0,37.5,28.2
2026-08-15 19:44:00,28.6,97,100.37,0.20,162,0.00,27.9,37.1,28.1
2026-08-15 19:54:00,28.6,97,100.38,0.20,160,0.00,27.9,37.1,28.1
2026-08-15 20:04:00,28.7,97,100.41,0.20,164,0.00,28.0,37.5,28.2
2026-08-15 20:14:00,28.7,98,100.41,0.20,163,0.00,28.2,37.7,28.3
2026-08-15 20:24:00,28.8,97,100.42,0.20,162,0.00,28.1,37.9,28.3
2026-08-15 20:34:00,28.7,97,100.42,0.20,159,0.00,28.0,37.5,28.2
2026-08-15 20:44:00,28.8,98,100.43,0.20,158,0.00,28.3,38.1,28.4
2026-08-15 20:54:00,28.8,98,100.43,0.20,158,0.00,28.3,38.1,28.4
2026-08-15 21:04:00,28.8,98,100.44,0.20,161,0.00,28.3,38.1,28.4
2026-08-15 21:14:00,28.7,98,100.44,0.20,160,0.00,28.2,37.7,28.3
2026-08-15 21:24:00,28.8,98,100.43,0.20,156,0.00,28.3,38.1,28.4
2026-08-15 21:34:00,28.7,98,100.43,0.20,155,0.00,28.2,37.7,28.3
2026-08-15 21:44:00,28.6,98,100.42,0.20,156,0.00,28.1,37.3,28.2
2026-08-15 21:54:00,28.7,98,100.41,0.20,155,0.00,28.2,37.7,28.3
2026-08-15 22:04:00,28.7,98,100.41,0.20,156,0.00,28.2,37.7,28.3
2026-08-15 22:14:00,28.6,98,100.39,0.20,155,0.00,28.1,37.3,28.2
2026-08-15 22:24:00,28.6,98,100.39,0.20,156,0.00,28.1,37.3,28.2
2026-08-15 22:34:00,28.5,97,100.38,0.20,157,0.00,27.8,36.7,28.0
2026-08-15 22:44:00,28.5,98,100.37,0.20,157,0.00,28.0,37.0,28.1
2026-08-15 22:54:00,28.5,98,100.38,0.20,157,0.00,28.0,37.0,28.1
2026-08-15 23:04:00,28.5,98,100.36,0.20,157,0.00,28.0,37.0,28.1
2026-08-15 23:14:00,28.5,98,100.36,0.20,155,0.00,28.0,37.0,28.1
2026-08-15 23:24:00,28.5,98,100.36,0.20,156,0.00,28.0,37.0,28.1
2026-08-15 23:34:00,28.4,98,100.36,0.20,157,0.00,27.9,36.6,28.0
2026-08-15 23:44:00,28.3,98,100.35,0.20,157,0.00,27.8,36.2,27.9
2026-08-15 23:54:00,28.3,98,100.35,0.20,158,0.00,27.8,36.2,27.9
2026-08-16 00:04:00,28.4,98,100.36,0.20,158,0.00,27.9,36.6,28.0
2026-08-16 00:14:00,28.4,98,100.35,0.20,158,0.00,27.9,36.6,28.0
2026-08-16 00:24:00,28.4,98,100.36,0.20,159,0.00,27.9,36.6,28.0
2026-08-16 00:34:00,28.4,98,100.36,0.20,160,0.00,27.9,36.6,28.0
2026-08-16 00:44:00,28.2,98,100.36,0.20,158,0.00,27.7,35.8,27.8
2026-08-16 00:54:00,28.3,98,100.36,0.20,159,0.00,27.8,36.2,27.9
2026-08-16 01:04:00,28.4,98,100.36,0.20,158,0.00,27.9,36.6,28.0
2026-08-16 01:14:00,28.3,98,100.37,0.20,159,0.00,27.8,36.2,27.9
2026-08-16 01:24:00,28.3,98,100.35,0.20,158,0.00,27.8,36.2,27.9
2026-08-16 01:34:00,28.4,98,100.35,0.20,158,0.00,27.9,36.6,28.0
2026-08-16 01:44:00,28.3,98,100.35,0.20,160,0.00,27.8,36.2,27.9
2026-08-16 01:54:00,28.3,98,100.35,0.20,159,0.00,27.8,36.2,27.9
2026-08-16 02:04:00,28.3,98,100.33,0.20,158,0.00,27.8,36.2,27.9
2026-08-16 02:14:00,28.3,98,100.34,0.20,158,0.00,27.8,36.2,27.9
2026-08-16 02:24:00,28.3,98,100.33,0.20,157,0.00,27.8,36.2,27.9
2026-08-16 02:34:00,28.3,98,100.33,0.20,157,0.00,27.8,36.2,27.9
2026-08-16 02:44:00,28.2,98,100.32,0.20,156,0.00,27.7,35.8,27.8
2026-08-16 02:54:00,28.1,98,100.31,0.20,154,0.00,27.6,35.4,27.7
2026-08-16 03:04:00,28.1,98,100.31,0.20,156,0.00,27.6,35.4,27.7
2026-08-16 03:14:00,27.9,99,100.32,0.20,157,0.00,27.6,34.9,27.7
2026-08-16 03:24:00,27.9,100,100.33,0.20,158,0.00,27.9,35.3,28.0
2026-08-16 03:34:00,28.0,100,100.34,0.20,161,0.00,27.8,35.5,27.9
2026-08-16 03:44:00,28.0,100,100.34,0.20,162,0.00,27.8,35.5,27.9
2026-08-16 03:54:00,27.9,100,100.34,0.20,161,0.00,27.9,35.3,28.0
2026-08-16 04:04:00,28.0,98,100.34,0.20,163,0.00,27.5,35.1,27.6
2026-08-16 04:14:00,27.9,99,100.34,0.20,163,0.00,27.6,34.9,27.7
2026-08-16 04:24:00,27.9,100,100.34,0.20,162,0.00,27.9,35.3,28.0
2026-08-16 04:34:00,27.9,100,100.35,0.20,162,0.00,27.9,35.3,28.0
2026-08-16 04:44:00,28.0,100,100.35,0.20,160,0.00,27.8,35.5,27.9
2026-08-16 04:54:00,28.0,98,100.37,0.20,162,0.00,27.5,35.1,27.6
2026-08-16 05:04:00,28.0,98,100.37,0.20,160,0.00,27.5,35.1,27.6
2026-08-16 05:14:00,28.0,98,100.38,0.20,160,0.00,27.5,35.1,27.6
2026-08-16 05:24:00,28.0,98,100.40,0.20,160,0.00,27.5,35.1,27.6
2026-08-16 05:34:00,28.0,100,100.42,0.20,160,0.00,27.8,35.5,27.9
2026-08-16 05:44:00,27.9,100,100.43,0.20,158,0.00,27.9,35.3,28.0
2026-08-16 05:54:00,28.0,100,100.43,0.20,157,0.00,27.8,35.5,27.9
2026-08-16 06:04:00,28.0,100,100.43,0.20,156,0.00,27.8,35.5,27.9
2026-08-16 06:14:00,28.1,98,100.45,0.20,157,0.00,27.6,35.4,27.7
2026-08-16 06:24:00,28.2,98,100.45,0.20,160,0.00,27.7,35.8,27.8
2026-08-16 06:34:00,28.3,98,100.45,0.20,161,0.00,27.8,36.2,27.9
2026-08-16 06:44:00,28.5,98,100.44,0.20,160,0.00,28.0,37.0,28.1
2026-08-16 06:54:00,28.6,98,100.44,0.20,161,0.00,28.1,37.3,28.2
2026-08-16 07:04:00,28.5,98,100.45,0.20,160,0.00,28.0,37.0,28.1
2026-08-16 07:14:00,28.6,98,100.44,0.20,160,0.00,28.1,37.3,28.2
2026-08-16 07:24:00,28.8,98,100.45,0.20,158,0.00,28.3,38.1,28.4
2026-08-16 07:34:00,28.9,97,100.45,0.20,158,0.00,28.2,38.3,28.4
2026-08-16 07:44:00,29.0,97,100.46,0.20,157,0.00,28.3,38.7,28.5
2026-08-16 07:54:00,29.1,97,100.46,0.20,156,0.00,28.4,39.1,28.6
2026-08-16 08:04:00,29.0,97,100.47,0.20,154,0.00,28.3,38.7,28.5
2026-08-16 08:14:00,29.1,97,100.47,0.20,153,0.00,28.4,39.1,28.6
2026-08-16 08:24:00,29.2,97,100.47,0.20,153,0.00,28.5,39.5,28.7
2026-08-16 08:34:00,29.2,97,100.48,0.20,151,0.00,28.5,39.5,28.7
2026-08-16 08:44:00,29.0,97,100.50,0.20,149,0.00,28.3,38.7,28.5
2026-08-16 08:54:00,29.2,97,100.50,0.20,154,0.00,28.5,39.5,28.7
2026-08-16 09:04:00,29.1,96,100.50,0.20,154,0.00,28.2,38.8,28.5
2026-08-16 09:14:00,29.0,96,100.50,0.20,152,0.00,28.1,38.4,28.4
2026-08-16 09:24:00,28.9,96,100.51,0.20,149,0.00,28.0,38.0,28.3
2026-08-16 09:34:00,29.1,96,100.51,0.20,147,0.00,28.2,38.8,28.5
2026-08-16 09:44:00,29.4,95,100.50,0.20,147,0.00,28.3,39.7,28.6
2026-08-16 09:54:00,29.6,95,100.49,0.20,150,0.00,28.5,40.5,28.8
2026-08-16 10:04:00,29.7,94,100.49,0.20,150,0.00,28.4,40.6,28.8
2026-08-16 10:14:00,29.4,95,100.48,0.20,150,0.00,28.3,39.7,28.6
2026-08-16 10:24:00,29.6,95,100.47,0.20,150,0.00,28.5,40.5,28.8
2026-08-16 10:34:00,29.6,95,100.46,0.20,149,0.00,28.5,40.5,28.8
2026-08-16 10:44:00,29.6,95,100.46,0.20,143,0.00,28.5,40.5,28.8
2026-08-16 10:54:00,30.0,93,100.45,0.20,142,0.00,28.6,41.4,28.9
2026-08-16 11:04:00,30.6,89,100.44,0.20,141,0.00,28.4,42.4,28.9
2026-08-16 11:14:00,30.3,90,100.44,0.20,105,0.00,28.3,41.6,28.8
2026-08-16 11:24:00,30.3,93,100.45,0.20,146,0.00,28.8,42.6,29.2
2026-08-16 11:34:00,30.8,90,100.45,0.20,139,0.00,28.8,43.5,29.3
2026-08-16 11:44:00,31.0,90,100.44,0.20,137,0.00,29.0,44.3,29.5
2026-08-16 11:54:00,30.7,90,100.45,0.20,141,0.00,28.7,43.1,29.2
2026-08-16 12:04:00,30.2,91,100.43,0.20,137,0.00,28.4,41.5,28.8
2026-08-16 12:14:00,30.2,93,100.45,0.20,141,0.00,28.8,42.2,29.1
2026-08-16 12:24:00,30.5,93,100.44,0.20,143,0.00,29.0,43.4,29.4
2026-08-16 12:34:00,30.1,91,100.44,0.20,133,0.00,28.3,41.1,28.7
2026-08-16 12:44:00,30.1,89,100.43,0.20,139,0.00,27.9,40.5,28.4
2026-08-16 12:54:00,30.4,90,100.44,0.20,142,0.00,28.4,41.9,28.9
2026-08-16 13:04:00,29.7,94,100.43,0.20,147,0.00,28.4,40.6,28.8
2026-08-16 13:14:00,29.3,95,100.43,0.20,143,0.00,28.2,39.3,28.5
2026-08-16 13:24:00,29.2,95,100.43,0.20,139,0.00,28.1,38.9,28.4
2026-08-16 13:34:00,29.4,94,100.43,0.20,135,0.00,28.1,39.4,28.5
2026-08-16 13:44:00,29.5,91,100.43,0.20,130,0.00,27.7,38.9,28.1
2026-08-16 13:54:00,29.7,89,100.43,0.20,130,0.00,27.5,39.0,28.0
2026-08-16 14:04:00,29.8,88,100.43,0.20,138,0.00,27.4,39.1,28.0
2026-08-16 14:14:00,29.8,90,100.43,0.20,141,0.00,27.8,39.7,28.3
2026-08-16 14:24:00,29.8,91,100.43,0.20,138,0.00,28.0,40.0,28.4
2026-08-16 14:34:00,29.9,90,100.42,0.20,144,0.00,27.9,40.1,28.4
2026-08-16 14:44:00,29.7,92,100.43,0.20,150,0.00,28.1,39.9,28.5
2026-08-16 14:54:00,29.5,92,100.43,0.20,151,0.00,27.9,39.2,28.3
2026-08-16 15:04:00,29.2,94,100.43,0.20,149,0.00,27.9,38.6,28.3
2026-08-16 15:14:00,29.3,94,100.43,0.20,143,0.00,28.0,39.0,28.4
2026-08-16 15:24:00,29.3,95,100.44,0.20,133,0.00,28.2,39.3,28.5
2026-08-16 15:34:00,29.6,95,100.44,0.20,128,0.00,28.5,40.5,28.8
2026-08-16 15:44:00,29.6,94,100.44,0.20,128,0.00,28.3,40.2,28.7
2026-08-16 15:54:00,29.7,95,100.43,0.20,128,0.00,28.6,40.9,28.9
2026-08-16 16:04:00,29.9,95,100.43,0.20,126,0.00,28.8,41.7,29.1
2026-08-16 16:14:00,30.0,93,100.42,0.20,128,0.00,28.6,41.4,28.9
2026-08-16 16:24:00,29.7,95,100.43,0.20,129,0.00,28.6,40.9,28.9
2026-08-16 16:34:00,29.8,95,100.42,0.20,130,0.00,28.7,41.3,29.0
2026-08-16 16:44:00,29.9,95,100.42,0.20,137,0.00,28.8,41.7,29.1
2026-08-16 16:54:00,29.6,95,100.43,0.20,142,0.00,28.5,40.5,28.8
2026-08-16 17:04:00,29.4,95,100.42,0.20,144,0.00,28.3,39.7,28.6
2026-08-16 17:14:00,29.2,95,100.43,0.20,147,0.00,28.1,38.9,28.4
2026-08-16 17:24:00,29.0,96,100.44,0.20,148,0.00,28.1,38.4,28.4
2026-08-16 17:34:00,29.0,96,100.45,0.20,147,0.00,28.1,38.4,28.4
2026-08-16 17:44:00,28.9,95,100.46,0.20,149,0.00,27.8,37.8,28.1
2026-08-16 17:54:00,28.8,95,100.47,0.20,149,0.00,27.7,37.4,28.0
2026-08-16 18:04:00,28.8,95,100.47,0.20,147,0.00,27.7,37.4,28.0
2026-08-16 18:14:00,28.7,96,100.47,0.20,145,0.00,27.8,37.2,28.1
2026-08-16 18:24:00,28.7,95,100.47,0.20,142,0.00,27.6,37.0,27.9
2026-08-16 18:34:00,28.6,95,100.47,0.20,147,0.00,27.5,36.6,27.8
2026-08-16 18:44:00,28.5,95,100.47,0.20,141,0.00,27.4,36.3,27.7
2026-08-16 18:54:00,28.5,96,100.48,0.20,146,0.00,27.6,36.5,27.9
2026-08-16 19:04:00,28.5,96,100.51,0.20,141,0.00,27.6,36.5,27.9
2026-08-16 19:14:00,28.4,96,100.52,0.20,139,0.00,27.5,36.1,27.8
2026-08-16 19:24:00,28.4,96,100.53,0.20,144,0.00,27.5,36.1,27.8
2026-08-16 19:34:00,28.5,96,100.55,0.20,146,0.00,27.6,36.5,27.9
2026-08-16 19:44:00,28.4,95,100.57,0.20,147,0.00,27.3,35.9,27.6
2026-08-16 19:54:00,28.4,96,100.58,0.20,148,0.00,27.5,36.1,27.8
2026-08-16 20:04:00,28.4,96,100.60,0.20,149,0.00,27.5,36.1,27.8
2026-08-16 20:14:00,28.4,97,100.61,0.20,151,0.00,27.7,36.4,27.9
2026-08-16 20:24:00,28.2,97,100.62,0.20,151,0.00,27.5,35.6,27.7
2026-08-16 20:34:00,28.2,97,100.63,0.20,151,0.00,27.5,35.6,27.7
2026-08-16 20:44:00,28.2,97,100.64,0.20,152,0.00,27.5,35.6,27.7
2026-08-16 20:54:00,28.1,97,100.65,0.20,153,0.00,27.4,35.2,27.6
2026-08-16 21:04:00,28.1,97,100.66,0.20,152,0.00,27.4,35.2,27.6
2026-08-16 21:14:00,28.2,97,100.66,0.20,151,0.00,27.5,35.6,27.7
2026-08-16 21:24:00,28.2,97,100.68,0.20,151,0.00,27.5,35.6,27.7
2026-08-16 21:34:00,28.2,97,100.69,0.20,150,0.00,27.5,35.6,27.7
2026-08-16 21:44:00,28.2,98,100.69,0.20,151,0.00,27.7,35.8,27.8
2026-08-16 21:54:00,28.2,97,100.69,0.20,151,0.00,27.5,35.6,27.7
2026-08-16 22:04:00,28.1,98,100.69,0.20,151,0.00,27.6,35.4,27.7
2026-08-16 22:14:00,28.1,98,100.68,0.20,150,0.00,27.6,35.4,27.7
2026-08-16 22:24:00,28.1,98,100.68,0.20,153,0.00,27.6,35.4,27.7
2026-08-16 22:34:00,28.1,98,100.67,0.20,153,0.00,27.6,35.4,27.7
2026-08-16 22:44:00,28.0,98,100.67,0.20,156,0.00,27.5,35.1,27.6
2026-08-16 22:54:00,28.0,98,100.66,0.20,156,0.00,27.5,35.1,27.6
2026-08-16 23:04:00,28.0,98,100.66,0.20,157,0.00,27.5,35.1,27.6
2026-08-16 23:14:00,27.9,99,100.66,0.20,158,0.00,27.6,34.9,27.7
2026-08-16 23:24:00,27.9,99,100.67,0.20,157,0.00,27.6,34.9,27.7
2026-08-16 23:34:00,27.9,99,100.66,0.20,157,0.00,27.6,34.9,27.7
2026-08-16 23:44:00,27.9,99,100.66,0.20,157,0.00,27.6,34.9,27.7
2026-08-16 23:54:00,27.8,99,100.65,0.20,157,0.00,27.5,34.5,27.6
2026-08-17 00:04:00,27.8,99,100.63,0.20,157,0.00,27.5,34.5,27.6
2026-08-17 00:14:00,27.7,98,100.63,0.20,158,0.00,27.4,34.1,27.5
2026-08-17 00:24:00,27.7,98,100.63,0.20,157,0.00,27.4,34.1,27.5
2026-08-17 00:34:00,27.7,98,100.63,0.20,158,0.00,27.4,34.1,27.5
2026-08-17 00:44:00,27.7,98,100.63,0.20,159,0.00,27.4,34.1,27.5
2026-08-17 00:54:00,27.7,98,100.64,0.20,158,0.00,27.4,34.1,27.5
2026-08-17 01:04:00,27.7,98,100.64,0.20,158,0.00,27.4,34.1,27.5
2026-08-17 01:14:00,27.7,98,100.64,0.20,159,0.00,27.4,34.1,27.5
2026-08-17 01:24:00,27.7,98,100.64,0.20,159,0.00,27.4,34.1,27.5
2026-08-17 01:34:00,27.6,98,100.64,0.20,158,0.00,27.3,33.8,27.4
2026-08-17 01:44:00,27.6,98,100.64,0.20,159,0.00,27.3,33.8,27.4
2026-08-17 01:54:00,27.6,98,100.65,0.20,159,0.00,27.3,33.8,27.4
2026-08-17 02:04:00,27.6,98,100.65,0.20,157,0.00,27.3,33.8,27.4
2026-08-17 02:14:00,27.5,98,100.66,0.20,158,0.00,27.2,33.4,27.3
2026-08-17 02:24:00,27.6,98,100.67,0.20,157,0.00,27.3,33.8,27.4
2026-08-17 02:34:00,27.6,98,100.67,0.20,158,0.00,27.3,33.8,27.4
2026-08-17 02:44:00,27.5,98,100.68,0.20,159,0.00,27.2,33.4,27.3
2026-08-17 02:54:00,27.5,98,100.68,0.20,160,0.00,27.2,33.4,27.3
2026-08-17 03:04:00,27.5,98,100.69,0.20,160,0.00,27.2,33.4,27.3
2026-08-17 03:14:00,27.5,98,100.69,0.20,160,0.00,27.2,33.4,27.3
2026-08-17 03:24:00,27.5,98,100.69,0.20,161,0.00,27.2,33.4,27.3
2026-08-17 03:34:00,27.4,98,100.70,0.20,161,0.00,27.1,33.0,27.2
2026-08-17 03:44:00,27.4,98,100.71,0.20,161,0.00,27.1,33.0,27.2
2026-08-17 03:54:00,27.4,98,100.73,0.20,161,0.00,27.1,33.0,27.2
2026-08-17 04:04:00,27.4,98,100.74,0.20,161,0.00,27.1,33.0,27.2
2026-08-17 04:14:00,27.4,98,100.76,0.20,161,0.00,27.1,33.0,27.2
2026-08-17 04:24:00,27.4,98,100.76,0.20,162,0.00,27.1,33.0,27.2
2026-08-17 04:34:00,27.3,98,100.76,0.20,160,0.00,27.0,32.7,27.1
2026-08-17 04:44:00,27.4,98,100.76,0.20,162,0.00,27.1,33.0,27.2
2026-08-17 04:54:00,27.3,98,100.76,0.20,163,0.00,27.0,32.7,27.1
2026-08-17 05:04:00,27.3,98,100.77,0.20,161,0.00,27.0,32.7,27.1
2026-08-17 05:14:00,27.4,98,100.78,0.20,161,0.00,27.1,33.0,27.2
2026-08-17 05:24:00,27.5,98,100.78,0.20,161,0.00,27.2,33.4,27.3
2026-08-17 05:34:00,27.5,98,100.79,0.20,162,0.00,27.2,33.4,27.3
2026-08-17 05:44:00,27.7,98,100.79,0.20,161,0.00,27.4,34.1,27.5
2026-08-17 05:54:00,27.7,98,100.80,0.20,160,0.00,27.4,34.1,27.5
2026-08-17 06:04:00,27.9,99,100.82,0.20,158,0.00,27.6,34.9,27.7
2026-08-17 06:14:00,28.1,98,100.82,0.20,157,0.00,27.6,35.4,27.7
2026-08-17 06:24:00,28.3,98,100.82,0.20,156,0.00,27.8,36.2,27.9
2026-08-17 06:34:00,28.5,97,100.82,0.20,152,0.00,27.8,36.7,28.0
2026-08-17 06:44:00,28.7,97,100.83,0.20,153,0.00,28.0,37.5,28.2
2026-08-17 06:54:00,28.8,97,100.82,0.20,149,0.00,28.1,37.9,28.3
2026-08-17 07:04:00,29.0,97,100.81,0.20,149,0.00,28.3,38.7,28.5
2026-08-17 07:14:00,29.1,97,100.82,0.20,150,0.00,28.4,39.1,28.6
2026-08-17 07:24:00,29.2,97,100.81,0.20,148,0.00,28.5,39.5,28.7
2026-08-17 07:34:00,29.6,95,100.82,0.20,143,0.00,28.5,40.5,28.8
2026-08-17 07:44:00,29.6,95,100.83,0.20,154,0.00,28.5,40.5,28.8
2026-08-17 07:54:00,29.6,92,100.83,0.00,153,0.00,28.0,39.6,28.4
2026-08-17 08:04:00,29.6,91,100.84,0.00,144,0.00,27.8,39.3,28.2
2026-08-17 08:14:00,29.5,92,100.84,0.00,151,0.00,27.9,39.2,28.3
2026-08-17 08:24:00,29.4,91,100.86,0.00,152,0.00,27.6,38.5,28.0
2026-08-17 08:34:00,29.6,90,100.87,0.00,155,0.00,27.6,39.0,28.1
2026-08-17 08:44:00,29.2,88,100.88,0.00,154,0.00,26.8,37.0,27.4
2026-08-17 08:54:00,29.3,88,100.88,0.00,144,0.00,26.9,37.4,27.5
2026-08-17 09:04:00,29.6,88,100.88,0.00,146,0.00,27.2,38.4,27.8
2026-08-17 09:14:00,29.5,88,100.87,0.00,142,0.00,27.1,38.0,27.7
2026-08-17 09:24:00,30.3,84,100.87,0.00,139,0.00,27.1,39.6,27.9
2026-08-17 09:34:00,30.2,83,100.87,0.00,128,0.00,26.8,38.9,27.6
2026-08-17 09:44:00,31.0,79,100.87,0.00,122,0.00,26.7,40.2,27.8
2026-08-17 09:54:00,31.5,78,100.87,0.00,112,0.00,27.0,41.5,28.1
2026-08-17 10:04:00,31.7,75,100.87,0.00,114,0.00,26.5,41.0,27.8
2026-08-17 10:14:00,31.8,73,100.86,0.00,114,0.00,26.1,40.6,27.6
2026-08-17 10:24:00,31.1,75,100.85,0.00,131,0.00,25.9,39.2,27.3
2026-08-17 10:34:00,30.1,78,100.85,0.00,128,0.00,25.6,37.2,26.8
2026-08-17 10:44:00,30.5,79,100.84,0.00,112,0.00,26.2,38.6,27.3
2026-08-17 10:54:00,31.6,72,100.84,0.00,89,0.00,25.7,39.6,27.2
2026-08-17 11:04:00,32.0,69,100.83,0.00,111,0.00,25.3,39.7,27.1
2026-08-17 11:14:00,30.9,77,100.82,0.00,94,0.00,26.2,39.2,27.4
2026-08-17 11:24:00,31.6,72,100.81,0.00,86,0.00,25.7,39.6,27.2
2026-08-17 11:34:00,31.7,73,100.81,0.00,100,0.00,26.0,40.3,27.5
2026-08-17 11:44:00,31.3,73,100.82,0.00,82,0.00,25.6,39.1,27.1
2026-08-17 11:54:00,32.5,72,100.81,0.00,66,0.00,26.3,41.9,27.9
2026-08-17 12:04:00,32.8,69,100.80,0.00,63,0.00,25.8,41.6,27.7
2026-08-17 12:14:00,33.4,65,100.81,0.00,85,0.00,25.4,41.8,27.6
2026-08-17 12:24:00,31.9,71,100.80,0.00,99,0.00,25.7,40.1,27.4
2026-08-17 12:34:00,30.8,75,100.79,0.00,102,0.00,25.6,38.3,27.0
2026-08-17 12:44:00,30.6,81,100.78,0.00,83,0.00,26.7,39.6,27.7
2026-08-17 12:54:00,31.6,70,100.79,0.00,80,0.00,25.2,38.9,26.9
2026-08-17 13:04:00,32.7,72,100.79,0.00,71,0.00,26.5,42.6,28.1
2026-08-17 13:14:00,32.5,68,100.78,0.00,78,0.00,25.6,40.8,27.4
2026-08-17 13:24:00,32.1,73,100.78,0.00,86,0.00,26.4,41.5,27.9
2026-08-17 13:34:00,31.6,76,100.77,0.00,72,0.00,26.6,41.1,27.9
2026-08-17 13:44:00,33.2,68,100.76,0.00,66,0.00,26.0,42.4,27.9
2026-08-17 13:54:00,33.9,62,100.76,0.00,80,0.00,25.0,41.9,27.5
2026-08-17 14:04:00,32.1,71,100.75,0.00,95,0.00,25.9,40.7,27.6
2026-08-17 14:14:00,31.1,77,100.75,0.00,102,0.00,26.4,39.8,27.6
2026-08-17 14:24:00,31.0,77,100.75,0.00,92,0.00,26.3,39.5,27.5
2026-08-17 14:34:00,32.0,72,100.74,0.00,80,0.00,26.1,40.8,27.6
2026-08-17 14:44:00,32.8,71,100.75,0.00,71,0.00,26.3,42.5,28.0
2026-08-17 14:54:00,32.8,64,100.75,0.00,84,0.00,24.5,39.7,26.9
2026-08-17 15:04:00,32.2,73,100.75,0.00,90,0.00,26.5,41.8,28.0
2026-08-17 15:14:00,31.2,73,100.76,0.00,84,0.00,25.5,38.8,27.0
2026-08-17 15:24:00,31.6,71,100.76,0.00,93,0.00,25.4,39.3,27.1
2026-08-17 15:34:00,31.5,76,100.77,0.00,94,0.00,26.5,40.7,27.8
2026-08-17 15:44:00,31.5,78,100.79,0.00,94,0.00,27.0,41.5,28.1
2026-08-17 15:54:00,31.5,79,100.79,0.00,104,0.00,27.2,41.8,28.3
2026-08-17 16:04:00,30.9,83,100.79,0.00,105,0.00,27.5,41.3,28.3
2026-08-17 16:50:00,31.0,83,100.79,0.00,107,0.00,27.6,41.6,28.4
2026-08-17 17:00:00,31.0,84,100.79,0.00,115,0.00,27.8,42.0,28.5
2026-08-17 17:10:00,30.6,85,100.80,0.00,114,0.00,27.6,40.9,28.3
2026-08-17 17:20:00,30.8,85,100.80,0.00,116,0.00,27.8,41.6,28.5
2026-08-17 17:30:00,30.7,87,100.80,0.00,118,0.00,28.1,42.0,28.7
2026-08-17 17:40:00,30.5,87,100.80,0.00,120,0.00,27.9,41.3,28.5
2026-08-17 17:50:00,30.4,87,100.79,0.00,123,0.00,27.8,40.9,28.4
2026-08-17 18:00:00,30.2,88,100.80,0.00,124,0.00,27.8,40.5,28.4
2026-08-17 18:10:00,30.0,89,100.80,0.00,129,0.00,27.8,40.1,28.3
2026-08-17 18:20:00,29.8,91,100.82,0.00,130,0.00,28.0,40.0,28.4
2026-08-17 18:30:00,29.7,91,100.83,0.00,134,0.00,27.9,39.6,28.3
2026-08-17 18:40:00,29.6,92,100.83,0.00,136,0.00,28.0,39.6,28.4
2026-08-17 18:50:00,29.4,94,100.84,0.00,136,0.00,28.1,39.4,28.5
2026-08-17 19:00:00,29.3,94,100.85,0.00,139,0.00,28.0,39.0,28.4
2026-08-17 19:10:00,29.2,94,100.87,0.00,140,0.00,27.9,38.6,28.3
2026-08-17 19:20:00,29.1,94,100.89,0.00,123,0.00,27.8,38.2,28.2
2026-08-17 19:30:00,29.1,94,100.89,0.00,134,0.00,27.8,38.2,28.2
2026-08-17 19:40:00,29.1,94,100.91,0.00,135,0.00,27.8,38.2,28.2
2026-08-17 19:50:00,29.0,95,100.92,0.00,142,0.00,27.9,38.1,28.2
2026-08-17 20:00:00,29.0,95,100.94,0.00,141,0.00,27.9,38.1,28.2
2026-08-17 20:10:00,29.0,94,100.94,0.00,140,0.00,27.7,37.9,28.1
2026-08-17 20:20:00,28.9,94,100.95,0.00,135,0.00,27.6,37.5,28.0
2026-08-17 20:30:00,28.8,95,100.96,0.00,136,0.00,27.7,37.4,28.0
2026-08-17 20:40:00,28.8,96,100.97,0.00,142,0.00,27.9,37.6,28.2
2026-08-17 20:50:00,28.7,97,100.98,0.00,144,0.00,28.0,37.5,28.2
2026-08-17 21:00:00,28.7,97,100.99,0.00,143,0.00,28.0,37.5,28.2
2026-08-17 21:10:00,28.7,97,101.01,0.00,144,0.00,28.0,37.5,28.2
2026-08-17 21:20:00,28.7,97,101.02,0.00,144,0.00,28.0,37.5,28.2
2026-08-17 21:30:00,28.7,97,101.01,0.00,144,0.00,28.0,37.5,28.2
2026-08-17 21:40:00,28.6,97,101.02,0.00,145,0.00,27.9,37.1,28.1
2026-08-17 21:50:00,28.6,97,101.03,0.00,141,0.00,27.9,37.1,28.1
2026-08-17 22:00:00,28.6,97,101.04,0.00,147,0.00,27.9,37.1,28.1
2026-08-17 22:10:00,28.6,97,101.02,0.00,145,0.00,27.9,37.1,28.1
2026-08-17 22:20:00,28.6,97,101.03,0.00,145,0.00,27.9,37.1,28.1
2026-08-17 22:30:00,28.6,97,101.03,0.00,148,0.00,27.9,37.1,28.1
2026-08-17 22:40:00,28.6,97,101.03,0.00,149,0.00,27.9,37.1,28.1
2026-08-17 22:50:00,28.6,97,101.04,0.00,147,0.00,27.9,37.1,28.1
2026-08-17 23:00:00,28.6,97,101.04,0.00,148,0.00,27.9,37.1,28.1
2026-08-17 23:10:00,28.5,97,101.04,0.00,147,0.00,27.8,36.7,28.0
2026-08-17 23:20:00,28.5,97,101.04,0.00,147,0.00,27.8,36.7,28.0
2026-08-17 23:30:00,28.7,97,101.04,0.00,148,0.00,28.0,37.5,28.2
2026-08-17 23:40:00,28.6,97,101.03,0.00,147,0.00,27.9,37.1,28.1
2026-08-17 23:50:00,28.5,97,101.03,0.00,148,0.00,27.8,36.7,28.0
2026-08-18 00:00:00,28.4,97,101.03,0.00,148,0.00,27.7,36.4,27.9
2026-08-18 00:10:00,28.4,97,101.03,0.00,147,0.00,27.7,36.4,27.9
2026-08-18 00:20:00,28.4,97,101.02,0.00,148,0.00,27.7,36.4,27.9
2026-08-18 00:30:00,28.4,97,101.02,0.00,149,0.00,27.7,36.4,27.9
2026-08-18 00:40:00,28.3,97,101.01,0.00,145,0.00,27.6,36.0,27.8
2026-08-18 00:50:00,28.4,97,101.01,0.00,147,0.00,27.7,36.4,27.9
2026-08-18 01:00:00,28.4,97,101.01,0.00,146,0.00,27.7,36.4,27.9
2026-08-18 01:10:00,28.4,97,101.01,0.00,149,0.00,27.7,36.4,27.9
2026-08-18 01:20:00,28.3,97,101.00,0.00,151,0.00,27.6,36.0,27.8
2026-08-18 01:30:00,28.3,98,101.01,0.00,149,0.00,27.8,36.2,27.9
2026-08-18 01:40:00,28.2,98,101.01,0.00,147,0.00,27.7,35.8,27.8
2026-08-18 01:50:00,28.3,98,101.00,0.00,149,0.00,27.8,36.2,27.9
2026-08-18 02:00:00,28.3,98,100.99,0.00,150,0.00,27.8,36.2,27.9
2026-08-18 02:10:00,28.3,98,101.00,0.00,148,0.00,27.8,36.2,27.9
2026-08-18 02:20:00,28.3,98,101.00,0.00,149,0.00,27.8,36.2,27.9
2026-08-18 02:30:00,28.4,98,101.00,0.00,150,0.00,27.9,36.6,28.0
2026-08-18 02:40:00,28.2,98,101.00,0.00,152,0.00,27.7,35.8,27.8
2026-08-18 02:50:00,28.2,98,101.00,0.00,150,0.00,27.7,35.8,27.8
2026-08-18 03:00:00,28.1,98,101.01,0.00,150,0.00,27.6,35.4,27.7
2026-08-18 03:10:00,28.2,98,101.01,0.00,150,0.00,27.7,35.8,27.8
2026-08-18 03:20:00,28.1,98,101.02,0.00,150,0.00,27.6,35.4,27.7
2026-08-18 03:30:00,28.1,98,101.03,0.00,149,0.00,27.6,35.4,27.7
2026-08-18 03:40:00,28.2,98,101.01,0.00,149,0.00,27.7,35.8,27.8
2026-08-18 03:50:00,28.1,98,101.02,0.00,151,0.00,27.6,35.4,27.7
2026-08-18 04:00:00,28.1,98,101.02,0.00,150,0.00,27.6,35.4,27.7
2026-08-18 04:10:00,28.1,98,101.01,0.00,149,0.00,27.6,35.4,27.7
2026-08-18 04:20:00,28.0,98,101.00,0.00,150,0.00,27.5,35.1,27.6
2026-08-18 04:30:00,28.1,98,101.01,0.00,150,0.00,27.6,35.4,27.7
2026-08-18 04:40:00,28.1,98,101.01,0.00,150,0.00,27.6,35.4,27.7
2026-08-18 04:50:00,28.0,98,101.02,0.00,149,0.00,27.5,35.1,27.6
2026-08-18 05:00:00,28.0,98,101.02,0.00,150,0.00,27.5,35.1,27.6
2026-08-18 05:10:00,28.0,98,101.02,0.00,149,0.00,27.5,35.1,27.6
2026-08-18 05:20:00,28.0,98,101.02,0.00,150,0.00,27.5,35.1,27.6
2026-08-18 05:30:00,28.0,98,101.03,0.00,149,0.00,27.5,35.1,27.6
2026-08-18 05:40:00,28.0,98,101.04,0.00,150,0.00,27.5,35.1,27.6
2026-08-18 05:50:00,28.0,98,101.05,0.00,149,0.00,27.5,35.1,27.6
2026-08-18 06:00:00,28.1,98,101.05,0.00,149,0.00,27.6,35.4,27.7
2026-08-18 06:10:00,28.2,98,101.06,0.00,148,0.00,27.7,35.8,27.8
2026-08-18 06:20:00,28.4,98,101.07,0.00,149,0.00,27.9,36.6,28.0
2026-08-18 06:30:00,28.3,98,101.07,0.00,146,0.00,27.8,36.2,27.9
2026-08-18 06:40:00,28.4,97,101.08,0.00,148,0.00,27.7,36.4,27.9
2026-08-18 06:50:00,28.5,97,101.08,0.00,148,0.00,27.8,36.7,28.0
2026-08-18 07:00:00,28.8,97,101.08,0.00,147,0.00,28.1,37.9,28.3
2026-08-18 07:10:00,28.9,97,101.08,0.00,145,0.00,28.2,38.3,28.4
2026-08-18 07:20:00,29.0,97,101.08,0.00,144,0.00,28.3,38.7,28.5
2026-08-18 07:30:00,29.2,97,101.09,0.00,154,0.00,28.5,39.5,28.7
2026-08-18 07:40:00,29.4,95,101.09,0.00,153,0.00,28.3,39.7,28.6
2026-08-18 07:50:00,29.4,95,101.10,0.00,149,0.00,28.3,39.7,28.6
2026-08-18 08:00:00,29.5,95,101.10,0.00,145,0.00,28.4,40.1,28.7
2026-08-18 08:10:00,29.7,92,101.10,0.00,147,0.00,28.1,39.9,28.5
2026-08-18 08:20:00,29.5,92,101.09,0.00,154,0.00,27.9,39.2,28.3
2026-08-18 08:30:00,29.4,95,101.09,0.00,155,0.00,28.3,39.7,28.6
2026-08-18 08:40:00,29.7,94,101.09,0.00,151,0.00,28.4,40.6,28.8
2026-08-18 08:50:00,29.6,92,101.10,0.00,151,0.00,28.0,39.6,28.4
2026-08-18 09:00:00,29.8,94,101.11,0.00,159,0.00,28.5,41.0,28.9
2026-08-18 09:10:00,30.1,90,101.10,0.00,157,0.00,28.1,40.8,28.6
2026-08-18 09:20:00,30.1,91,101.11,0.00,149,0.00,28.3,41.1,28.7
2026-08-18 09:30:00,30.2,91,101.11,0.00,153,0.00,28.4,41.5,28.8
2026-08-18 09:40:00,30.4,89,101.11,0.00,144,0.00,28.2,41.6,28.7
2026-08-18 09:50:00,30.5,88,101.11,0.00,141,0.00,28.1,41.6,28.7
2026-08-18 10:00:00,31.2,87,101.11,0.00,138,0.00,28.6,43.9,29.2
2026-08-18 10:10:00,30.9,85,101.11,0.00,134,0.00,27.9,42.0,28.6
2026-08-18 10:20:00,31.3,84,101.10,0.00,140,0.00,28.1,43.1,28.8
2026-08-18 10:30:00,31.0,85,101.10,0.00,137,0.00,28.0,42.4,28.7
2026-08-18 10:40:00,31.6,84,101.09,0.00,117,0.00,28.3,44.2,29.1
2026-08-18 10:50:00,32.0,84,101.09,0.00,114,0.00,28.7,45.7,29.5
2026-08-18 11:00:00,31.7,83,101.10,0.00,115,0.00,28.2,44.1,29.1
2026-08-18 11:10:00,31.7,83,101.10,0.00,101,0.00,28.2,44.1,29.1
2026-08-18 11:20:00,32.3,82,101.08,0.00,94,0.00,28.6,46.0,29.5
2026-08-18 11:30:00,32.5,78,101.08,0.00,103,0.00,27.9,44.9,29.1
2026-08-18 11:40:00,31.9,81,101.06,0.00,106,0.00,28.0,44.0,29.0
2026-08-18 11:50:00,31.6,83,101.07,0.00,113,0.00,28.1,43.8,29.0
2026-08-18 12:00:00,31.2,85,101.08,0.00,114,0.00,28.2,43.1,28.9
2026-08-18 12:10:00,31.0,85,101.08,0.00,102,0.00,28.0,42.4,28.7
2026-08-18 12:20:00,31.8,83,101.06,0.00,95,0.00,28.3,44.5,29.2
2026-08-18 12:30:00,32.4,80,101.06,0.00,94,0.00,28.1,45.0,29.1
2026-08-18 12:40:00,32.1,79,101.05,0.00,82,0.00,27.8,43.9,28.8
2026-08-18 12:50:00,33.5,72,101.04,0.00,83,0.00,27.3,45.1,28.9
2026-08-18 13:00:00,33.9,72,101.04,0.00,80,0.00,27.6,46.5,29.2
2026-08-18 13:10:00,34.0,72,101.02,0.00,80,0.00,27.7,46.8,29.3
2026-08-18 13:20:00,34.1,71,101.02,0.00,84,0.00,27.6,46.7,29.2
2026-08-18 13:30:00,33.5,77,101.03,0.00,93,0.00,28.4,47.6,29.7
2026-08-18 13:40:00,33.2,81,101.03,0.00,87,0.00,29.1,48.5,30.0
2026-08-18 13:50:00,33.5,77,101.02,0.00,91,0.00,28.4,47.6,29.7
2026-08-18 14:00:00,33.1,83,101.01,0.00,107,0.00,29.4,49.1,30.3
2026-08-18 14:10:00,32.5,84,101.00,0.00,110,0.00,29.2,47.7,30.0
2026-08-18 14:20:00,33.1,84,100.99,0.00,102,0.00,29.6,49.6,30.4
2026-08-18 14:30:00,32.4,84,101.00,0.00,120,0.00,29.1,47.3,29.9
2026-08-18 14:40:00,31.5,89,101.00,0.00,129,0.00,29.3,45.9,29.8
2026-08-18 14:50:00,31.4,91,101.00,0.00,125,0.00,29.6,46.4,30.0
2026-08-18 15:00:00,32.1,90,101.00,0.00,106,0.00,30.0,48.9,30.5
2026-08-18 15:10:00,33.1,85,101.00,0.00,108,0.00,29.8,50.1,30.6
2026-08-18 15:20:00,32.4,88,101.01,0.00,128,0.00,29.7,48.7,30.4
2026-08-18 15:30:00,31.5,90,101.02,0.00,137,0.00,29.5,46.4,29.9
2026-08-18 15:40:00,31.1,93,101.01,0.00,147,0.00,29.6,46.0,30.0
2026-08-18 15:50:00,30.7,94,101.01,0.00,146,0.00,29.4,44.7,29.8
2026-08-18 16:00:00,30.6,93,101.01,0.00,92,0.00,29.1,43.9,29.5
2026-08-18 16:10:00,30.8,93,101.02,0.00,114,0.00,29.3,44.7,29.7
2026-08-18 16:20:00,31.0,91,101.02,0.00,92,0.00,29.2,44.7,29.6
2026-08-18 16:30:00,31.2,91,101.01,0.00,90,0.00,29.4,45.5,29.8
2026-08-18 16:40:00,30.9,91,101.01,0.00,128,0.00,29.1,44.3,29.5
2026-08-18 16:50:00,31.2,90,101.02,0.00,114,0.00,29.2,45.1,29.7
2026-08-18 17:00:00,31.0,90,101.02,0.00,83,0.00,29.0,44.3,29.5
2026-08-18 17:10:00,31.0,91,101.02,0.00,118,0.00,29.2,44.7,29.6
2026-08-18 17:20:00,30.6,91,101.02,0.00,80,0.00,28.8,43.1,29.2
2026-08-18 17:30:00,30.5,91,101.03,0.00,109,0.00,28.7,42.7,29.1
2026-08-18 17:40:00,30.4,91,101.04,0.00,90,0.00,28.6,42.3,29.0
2026-08-18 17:50:00,30.5,93,101.04,0.00,115,0.00,29.0,43.4,29.4
2026-08-18 18:00:00,30.3,93,101.06,0.00,86,0.00,28.8,42.6,29.2
2026-08-18 18:10:00,30.2,91,101.06,0.00,116,0.00,28.4,41.5,28.8
2026-08-18 18:20:00,30.0,91,101.07,0.00,80,0.00,28.2,40.8,28.6
2026-08-18 18:30:00,30.0,93,101.07,0.00,119,0.00,28.6,41.4,28.9
2026-08-18 18:40:00,30.0,91,101.08,0.00,82,0.00,28.2,40.8,28.6
2026-08-18 18:50:00,29.9,92,101.09,0.00,97,0.00,28.3,40.7,28.7
2026-08-18 19:00:00,29.7,91,101.11,0.00,121,0.00,27.9,39.6,28.3
2026-08-18 19:10:00,29.7,91,101.12,0.00,110,0.00,27.9,39.6,28.3
2026-08-18 19:20:00,29.6,90,101.12,0.00,93,0.00,27.6,39.0,28.1
2026-08-18 19:30:00,29.6,90,101.13,0.00,97,0.00,27.6,39.0,28.1
2026-08-18 19:40:00,29.5,90,101.15,0.00,87,0.00,27.5,38.6,28.0
2026-08-18 19:50:00,29.5,90,101.16,0.00,86,0.00,27.5,38.6,28.0
2026-08-18 20:00:00,29.4,91,101.17,0.00,83,0.00,27.6,38.5,28.0
2026-08-18 20:10:00,29.4,92,101.19,0.00,139,0.00,27.8,38.8,28.2
2026-08-18 20:20:00,29.4,92,101.18,0.00,145,0.00,27.8,38.8,28.2
2026-08-18 20:30:00,29.3,94,101.21,0.00,146,0.00,28.0,39.0,28.4
2026-08-18 20:40:00,29.2,94,101.22,0.00,154,0.00,27.9,38.6,28.3
2026-08-18 20:50:00,29.2,95,101.22,0.00,154,0.00,28.1,38.9,28.4
2026-08-18 21:00:00,29.1,95,101.22,0.00,154,0.00,28.0,38.5,28.3
2026-08-18 21:10:00,29.1,96,101.22,0.00,158,0.00,28.2,38.8,28.5
2026-08-18 21:20:00,29.1,96,101.23,0.00,157,0.00,28.2,38.8,28.5
2026-08-18 21:30:00,29.2,96,101.24,0.00,158,0.00,28.3,39.2,28.6
2026-08-18 21:40:00,29.2,95,101.24,0.00,159,0.00,28.1,38.9,28.4
2026-08-18 21:50:00,29.2,96,101.24,0.00,159,0.00,28.3,39.2,28.6
2026-08-18 22:00:00,29.2,96,101.24,0.00,109,0.00,28.3,39.2,28.6
2026-08-18 22:10:00,29.2,96,101.26,0.00,107,0.00,28.3,39.2,28.6
2026-08-18 22:20:00,29.2,96,101.26,0.00,89,0.00,28.3,39.2,28.6
2026-08-18 22:30:00,29.4,96,101.27,0.00,77,0.00,28.5,40.0,28.8
2026-08-18 22:40:00,29.5,96,101.27,0.00,76,0.00,28.6,40.4,28.9
2026-08-18 22:50:00,29.5,97,101.26,0.00,75,0.00,28.8,40.7,29.0
2026-08-18 23:00:00,29.5,97,101.26,0.00,75,0.00,28.8,40.7,29.0
2026-08-18 23:10:00,29.5,97,101.25,0.00,76,0.00,28.8,40.7,29.0
2026-08-18 23:20:00,29.5,97,101.23,0.00,77,0.00,28.8,40.7,29.0
2026-08-18 23:30:00,29.5,97,101.23,0.00,78,0.00,28.8,40.7,29.0
2026-08-18 23:40:00,29.5,97,101.23,0.00,81,0.00,28.8,40.7,29.0
2026-08-18 23:50:00,29.4,97,101.23,0.00,82,0.00,28.7,40.3,28.9
2026-08-19 00:00:00,29.4,97,101.23,0.00,84,0.00,28.7,40.3,28.9
2026-08-19 00:10:00,29.4,97,101.21,0.00,85,0.00,28.7,40.3,28.9
2026-08-19 00:20:00,29.4,97,101.22,0.00,85,0.00,28.7,40.3,28.9
2026-08-19 00:30:00,29.4,97,101.21,0.00,86,0.00,28.7,40.3,28.9
2026-08-19 00:40:00,29.4,97,101.21,0.00,86,0.00,28.7,40.3,28.9
2026-08-19 00:50:00,29.4,97,101.21,0.00,87,0.00,28.7,40.3,28.9
2026-08-19 01:00:00,29.4,97,101.20,0.00,85,0.00,28.7,40.3,28.9
2026-08-19 01:10:00,29.4,97,101.19,0.00,83,0.00,28.7,40.3,28.9
2026-08-19 01:20:00,29.4,97,101.18,0.00,83,0.00,28.7,40.3,28.9
2026-08-19 01:30:00,29.4,97,101.17,0.00,81,0.00,28.7,40.3,28.9
2026-08-19 01:40:00,29.4,97,101.17,0.00,83,0.00,28.7,40.3,28.9
2026-08-19 01:50:00,29.3,97,101.17,0.00,83,0.00,28.6,39.9,28.8
2026-08-19 02:00:00,29.3,97,101.16,0.00,83,0.00,28.6,39.9,28.8
2026-08-19 02:10:00,29.3,97,101.15,0.00,82,0.00,28.6,39.9,28.8
2026-08-19 02:20:00,29.3,97,101.14,0.00,84,0.00,28.6,39.9,28.8
2026-08-19 02:30:00,29.3,97,101.14,0.00,84,0.00,28.6,39.9,28.8
2026-08-19 02:40:00,29.3,97,101.14,0.00,84,0.00,28.6,39.9,28.8
2026-08-19 02:50:00,29.3,97,101.15,0.00,83,0.00,28.6,39.9,28.8
2026-08-19 03:00:00,29.3,97,101.15,0.00,85,0.00,28.6,39.9,28.8
2026-08-19 03:10:00,29.3,98,101.16,0.00,84,0.00,28.8,40.2,28.9
2026-08-19 03:20:00,29.3,98,101.16,0.00,84,0.00,28.8,40.2,28.9
2026-08-19 03:30:00,29.3,98,101.15,0.00,84,0.00,28.8,40.2,28.9
2026-08-19 03:40:00,29.3,98,101.15,0.00,85,0.00,28.8,40.2,28.9
2026-08-19 03:50:00,29.2,98,101.15,0.00,85,0.00,28.7,39.8,28.8
2026-08-19 04:00:00,29.2,98,101.15,0.00,86,0.00,28.7,39.8,28.8
2026-08-19 04:10:00,29.2,98,101.15,0.00,85,0.00,28.7,39.8,28.8
2026-08-19 04:20:00,29.2,98,101.16,0.00,85,0.00,28.7,39.8,28.8
2026-08-19 04:30:00,29.2,98,101.16,0.00,85,0.00,28.7,39.8,28.8
2026-08-19 04:40:00,29.1,98,101.19,0.00,86,0.00,28.6,39.3,28.7
2026-08-19 04:50:00,29.1,98,101.19,0.00,86,0.00,28.6,39.3,28.7
2026-08-19 05:00:00,29.1,98,101.20,0.00,85,0.00,28.6,39.3,28.7
2026-08-19 05:10:00,29.1,98,101.22,0.00,87,0.00,28.6,39.3,28.7
2026-08-19 05:20:00,29.1,98,101.22,0.00,85,0.00,28.6,39.3,28.7
2026-08-19 05:30:00,29.1,98,101.22,0.00,86,0.00,28.6,39.3,28.7
2026-08-19 05:40:00,29.1,98,101.22,0.00,86,0.00,28.6,39.3,28.7
2026-08-19 05:50:00,29.1,98,101.23,0.00,86,0.00,28.6,39.3,28.7
2026-08-19 06:00:00,29.1,98,101.24,0.00,84,0.00,28.6,39.3,28.7
2026-08-19 06:10:00,29.2,98,101.24,0.00,85,0.00,28.7,39.8,28.8
2026-08-19 06:20:00,29.3,98,101.24,0.00,84,0.00,28.8,40.2,28.9
2026-08-19 06:30:00,29.4,97,101.25,0.00,84,0.00,28.7,40.3,28.9
2026-08-19 06:40:00,29.5,97,101.25,0.00,82,0.00,28.8,40.7,29.0
2026-08-19 06:50:00,29.6,97,101.25,0.00,82,0.00,28.9,41.1,29.1
2026-08-19 07:00:00,29.7,97,101.25,0.00,81,0.00,29.0,41.5,29.2
2026-08-19 07:10:00,30.0,96,100.73,0.00,81,0.00,29.1,42.4,29.4
2026-08-19 07:20:00,30.1,96,101.26,0.00,72,0.00,29.2,42.9,29.5
2026-08-19 07:30:00,30.2,96,101.26,0.00,98,0.00,29.3,43.3,29.6
2026-08-19 07:40:00,30.2,96,101.26,0.00,85,0.00,29.3,43.3,29.6
2026-08-19 07:50:00,30.3,96,101.27,0.00,89,0.00,29.4,43.7,29.7
2026-08-19 08:00:00,30.5,95,101.27,0.00,107,0.00,29.4,44.2,29.7
2026-08-19 08:10:00,30.3,91,101.28,0.00,113,0.00,28.5,41.9,28.9
2026-08-19 08:20:00,30.3,91,101.29,0.00,143,0.00,28.5,41.9,28.9
2026-08-19 08:30:00,30.2,93,101.29,0.00,135,0.00,28.8,42.2,29.1
2026-08-19 08:40:00,30.5,90,101.30,0.00,110,0.00,28.5,42.3,29.0
2026-08-19 08:50:00,30.4,88,101.30,0.00,116,0.00,28.0,41.2,28.6
2026-08-19 09:00:00,31.0,85,101.32,0.00,115,0.00,28.0,42.4,28.7
2026-08-19 09:10:00,31.4,85,101.31,0.00,109,0.00,28.4,43.8,29.1
2026-08-19 09:20:00,31.7,84,101.31,0.00,106,0.00,28.4,44.6,29.2
2026-08-19 09:30:00,31.7,84,101.30,0.00,108,0.00,28.4,44.6,29.2
2026-08-19 09:40:00,31.8,83,101.30,0.00,101,0.00,28.3,44.5,29.2
2026-08-19 09:50:00,31.8,79,101.29,0.00,98,0.00,27.5,42.9,28.5
2026-08-19 10:00:00,32.5,78,101.28,0.00,96,0.00,27.9,44.9,29.1
2026-08-19 10:10:00,32.9,77,101.29,0.00,91,0.00,27.9,45.4,29.1
2026-08-19 10:20:00,32.3,76,101.29,0.00,90,0.00,27.1,42.9,28.4
2026-08-19 10:30:00,32.8,73,101.28,0.00,76,0.00,26.8,43.3,28.4
2026-08-19 10:40:00,33.6,68,101.28,0.00,69,0.00,26.3,43.6,28.3
2026-08-19 10:50:00,34.1,66,101.28,0.00,69,0.00,26.3,44.3,28.4
2026-08-19 11:00:00,33.4,71,101.26,0.00,66,0.00,26.9,44.3,28.6
2026-08-19 11:10:00,33.8,68,101.25,0.00,70,0.00,26.5,44.2,28.5
2026-08-19 11:20:00,34.1,70,101.24,0.00,72,0.00,27.3,46.2,29.1
2026-08-19 11:30:00,33.2,71,101.24,0.00,62,0.00,26.7,43.7,28.4
2026-08-19 11:40:00,34.1,64,101.22,0.00,62,0.00,25.8,43.3,28.0
2026-08-19 11:50:00,33.8,63,101.22,0.00,64,0.00,25.2,42.1,27.6
2026-08-19 12:00:00,34.4,63,101.21,0.00,64,0.00,25.8,43.8,28.1
2026-08-19 12:10:00,33.9,67,101.20,0.00,64,0.00,26.4,44.1,28.4
2026-08-19 12:20:00,33.6,69,101.20,0.00,71,0.00,26.6,44.1,28.4
2026-08-19 12:30:00,33.2,70,101.19,0.00,65,0.00,26.5,43.3,28.2
2026-08-19 12:40:00,33.8,69,101.17,0.00,65,0.00,26.8,44.7,28.6
2026-08-19 12:50:00,34.3,67,101.17,0.00,62,0.00,26.8,45.3,28.7
2026-08-19 13:00:00,34.3,67,101.16,0.00,62,0.00,26.8,45.3,28.7
2026-08-19 13:10:00,34.2,67,101.17,0.00,63,0.00,26.7,45.0,28.7
2026-08-19 13:20:00,34.2,69,101.16,0.00,68,0.00,27.2,46.0,29.0
2026-08-19 13:30:00,34.1,70,101.15,0.00,67,0.00,27.3,46.2,29.1
2026-08-19 13:40:00,33.9,71,101.15,0.00,72,0.00,27.4,46.0,29.1
2026-08-19 13:50:00,33.0,75,101.14,0.00,74,0.00,27.5,44.8,28.9
2026-08-19 14:00:00,33.3,75,101.15,0.00,71,0.00,27.8,45.9,29.2
2026-08-19 14:10:00,33.8,72,101.14,0.00,71,0.00,27.5,46.1,29.1
2026-08-19 14:20:00,33.2,71,101.12,0.00,68,0.00,26.7,43.7,28.4
2026-08-19 14:30:00,33.8,68,101.12,0.00,73,0.00,26.5,44.2,28.5
2026-08-19 14:40:00,33.5,72,101.13,0.00,70,0.00,27.3,45.1,28.9
2026-08-19 14:50:00,33.0,70,101.12,0.00,69,0.00,26.3,42.7,28.1
2026-08-19 15:00:00,33.5,69,101.13,0.00,68,0.00,26.5,43.8,28.4
2026-08-19 15:10:00,33.4,69,101.12,0.00,67,0.00,26.4,43.5,28.3
2026-08-19 15:20:00,33.0,70,101.12,0.00,69,0.00,26.3,42.7,28.1
2026-08-19 15:30:00,32.7,70,101.12,0.00,68,0.00,26.2,42.1,27.9
2026-08-19 15:40:00,32.6,70,101.13,0.00,73,0.00,25.9,41.4,27.7
2026-08-19 15:50:00,32.3,72,101.14,0.00,78,0.00,26.4,41.7,27.9
2026-08-19 16:00:00,31.9,73,101.13,0.00,80,0.00,26.2,40.9,27.7
2026-08-19 16:10:00,31.8,73,101.13,0.00,75,0.00,26.1,40.6,27.6
2026-08-19 16:20:00,32.0,72,101.13,0.00,76,0.00,26.1,40.8,27.6
2026-08-19 16:30:00,31.8,72,101.13,0.00,80,0.00,25.9,40.2,27.4
2026-08-19 16:40:00,31.6,75,101.15,0.00,83,0.00,26.4,40.7,27.7
2026-08-19 16:50:00,31.2,77,101.15,0.00,84,0.00,26.5,40.2,27.7
2026-08-19 17:00:00,31.3,77,101.16,0.00,82,0.00,26.5,40.5,27.8
2026-08-19 17:10:00,31.1,75,101.17,0.00,86,0.00,25.9,39.2,27.3
2026-08-19 17:20:00,31.1,78,101.18,0.00,87,0.00,26.6,40.2,27.7
2026-08-19 17:30:00,30.8,79,101.18,0.00,87,0.00,26.5,39.6,27.6
2026-08-19 17:40:00,30.8,77,101.19,0.00,85,0.00,26.1,38.9,27.3
2026-08-19 17:50:00,30.6,79,101.20,0.00,89,0.00,26.3,38.9,27.4
2026-08-19 18:00:00,30.6,79,101.20,0.00,96,0.00,26.3,38.9,27.4
2026-08-19 18:10:00,30.3,83,101.20,0.00,98,0.00,26.9,39.3,27.7
2026-08-19 18:20:00,30.2,84,101.20,0.00,98,0.00,27.0,39.2,27.8
2026-08-19 18:30:00,30.1,84,101.20,0.00,98,0.00,26.9,38.9,27.7
2026-08-19 18:40:00,30.1,85,101.20,0.00,103,0.00,27.1,39.2,27.8
2026-08-19 18:50:00,29.9,86,101.22,0.00,98,0.00,27.1,38.8,27.8
2026-08-19 19:00:00,29.8,84,101.23,0.00,107,0.00,26.6,37.9,27.4
2026-08-19 19:10:00,29.7,86,101.23,0.00,115,0.00,26.9,38.2,27.6
2026-08-19 19:20:00,29.7,90,101.24,0.00,120,0.00,27.7,39.3,28.2
2026-08-19 19:30:00,29.7,91,101.24,0.00,120,0.00,27.9,39.6,28.3
2026-08-19 19:40:00,29.6,91,101.25,0.00,127,0.00,27.8,39.3,28.2
2026-08-19 19:50:00,29.6,91,101.25,0.00,120,0.00,27.8,39.3,28.2
2026-08-19 20:00:00,29.6,91,101.26,0.00,112,0.00,27.8,39.3,28.2
2026-08-19 20:10:00,29.5,86,101.28,0.00,121,0.00,26.7,37.5,27.4
2026-08-19 20:20:00,29.5,89,101.28,0.00,121,0.00,27.3,38.3,27.8
2026-08-19 20:30:00,29.5,90,101.28,0.00,130,0.00,27.5,38.6,28.0
2026-08-19 20:40:00,29.4,92,101.29,0.00,137,0.00,27.8,38.8,28.2
2026-08-19 20:50:00,29.4,94,101.30,0.00,137,0.00,28.1,39.4,28.5
2026-08-19 21:00:00,29.4,94,101.30,0.00,136,0.00,28.1,39.4,28.5
2026-08-19 21:10:00,29.5,95,101.30,0.00,136,0.00,28.4,40.1,28.7
2026-08-19 21:20:00,29.5,95,101.30,0.00,135,0.00,28.4,40.1,28.7
2026-08-19 21:30:00,29.5,95,101.29,0.00,134,0.00,28.4,40.1,28.7
2026-08-19 21:40:00,29.5,95,101.29,0.00,135,0.00,28.4,40.1,28.7
2026-08-19 21:50:00,29.5,95,101.29,0.00,134,0.00,28.4,40.1,28.7
2026-08-19 22:00:00,29.5,95,101.28,0.00,135,0.00,28.4,40.1,28.7
2026-08-19 22:10:00,29.5,95,101.26,0.00,136,0.00,28.4,40.1,28.7
2026-08-19 22:20:00,29.5,95,101.26,0.00,140,0.00,28.4,40.1,28.7
2026-08-19 22:30:00,29.4,95,101.25,0.00,143,0.00,28.3,39.7,28.6
2026-08-19 22:40:00,29.4,96,101.24,0.00,144,0.00,28.5,40.0,28.8
2026-08-19 22:50:00,29.3,96,101.23,0.00,147,0.00,28.4,39.6,28.7
2026-08-19 23:00:00,29.3,96,101.23,0.00,146,0.00,28.4,39.6,28.7
2026-08-19 23:10:00,29.4,97,101.22,0.00,148,0.00,28.7,40.3,28.9
2026-08-19 23:20:00,29.4,97,101.22,0.00,154,0.00,28.7,40.3,28.9
2026-08-19 23:30:00,29.4,97,101.22,0.00,158,0.00,28.7,40.3,28.9
2026-08-19 23:40:00,29.3,97,101.21,0.00,160,0.00,28.6,39.9,28.8
2026-08-19 23:50:00,29.3,97,101.20,0.00,159,0.00,28.6,39.9,28.8
2026-08-20 00:00:00,29.2,97,101.20,0.00,159,0.00,28.5,39.5,28.7
2026-08-20 00:10:00,29.3,97,101.21,0.00,159,0.00,28.6,39.9,28.8
2026-08-20 00:20:00,29.3,97,101.18,0.00,159,0.00,28.6,39.9,28.8
2026-08-20 00:30:00,29.3,97,101.18,0.00,160,0.00,28.6,39.9,28.8
2026-08-20 00:40:00,29.3,97,101.18,0.00,160,0.00,28.6,39.9,28.8
2026-08-20 00:50:00,29.3,97,101.17,0.00,164,0.00,28.6,39.9,28.8
2026-08-20 01:00:00,29.2,98,101.15,0.00,166,0.00,28.7,39.8,28.8
2026-08-20 01:10:00,29.2,98,101.14,0.00,165,0.00,28.7,39.8,28.8
2026-08-20 01:20:00,29.2,98,101.14,0.00,166,0.00,28.7,39.8,28.8
2026-08-20 01:30:00,29.2,98,101.13,0.00,169,0.00,28.7,39.8,28.8
2026-08-20 01:40:00,29.1,98,101.14,0.00,168,0.00,28.6,39.3,28.7
2026-08-20 01:50:00,29.1,98,101.12,0.00,167,0.00,28.6,39.3,28.7
2026-08-20 02:00:00,29.1,98,101.12,0.00,167,0.00,28.6,39.3,28.7
2026-08-20 02:10:00,29.1,98,101.11,0.00,165,0.00,28.6,39.3,28.7
2026-08-20 02:20:00,29.1,98,101.10,0.00,167,0.00,28.6,39.3,28.7
2026-08-20 02:30:00,29.1,98,101.10,0.00,164,0.00,28.6,39.3,28.7
2026-08-20 02:40:00,29.1,98,101.11,0.00,166,0.00,28.6,39.3,28.7
2026-08-20 02:50:00,29.1,98,101.11,0.00,167,0.00,28.6,39.3,28.7
2026-08-20 03:00:00,29.1,98,101.10,0.00,167,0.00,28.6,39.3,28.7
2026-08-20 03:10:00,29.1,98,101.10,0.00,169,0.00,28.6,39.3,28.7
2026-08-20 03:20:00,29.0,98,101.10,0.00,168,0.00,28.5,38.9,28.6
2026-08-20 03:30:00,29.1,98,101.10,0.00,169,0.00,28.6,39.3,28.7
2026-08-20 03:40:00,29.1,98,101.10,0.00,170,0.00,28.6,39.3,28.7
2026-08-20 03:50:00,29.0,98,101.09,0.00,169,0.00,28.5,38.9,28.6
2026-08-20 04:00:00,29.0,98,101.09,0.00,168,0.00,28.5,38.9,28.6
2026-08-20 04:10:00,29.0,98,101.10,0.00,171,0.00,28.5,38.9,28.6
2026-08-20 04:20:00,29.0,98,101.10,0.00,169,0.00,28.5,38.9,28.6
2026-08-20 04:30:00,29.0,98,101.10,0.00,170,0.00,28.5,38.9,28.6
2026-08-20 04:40:00,29.1,98,101.09,0.00,170,0.00,28.6,39.3,28.7
2026-08-20 04:50:00,29.0,98,101.11,0.00,170,0.00,28.5,38.9,28.6
2026-08-20 05:00:00,29.0,98,101.11,0.00,168,0.00,28.5,38.9,28.6
2026-08-20 05:10:00,29.0,98,101.11,0.00,169,0.00,28.5,38.9,28.6
2026-08-20 05:20:00,29.1,98,101.11,0.00,168,0.00,28.6,39.3,28.7
2026-08-20 05:30:00,29.1,98,101.11,0.00,167,0.00,28.6,39.3,28.7
2026-08-20 05:40:00,29.2,98,101.12,0.00,168,0.00,28.7,39.8,28.8
2026-08-20 05:50:00,29.1,98,101.14,0.00,168,0.00,28.6,39.3,28.7
2026-08-20 06:00:00,29.2,98,101.13,0.00,168,0.00,28.7,39.8,28.8
2026-08-20 06:10:00,29.3,98,101.14,0.00,169,0.00,28.8,40.2,28.9
2026-08-20 06:20:00,29.3,98,101.14,0.00,169,0.00,28.8,40.2,28.9
2026-08-20 06:30:00,29.5,98,101.15,0.00,168,0.00,29.0,41.0,29.1
2026-08-20 06:40:00,29.6,98,101.16,0.00,169,0.00,29.1,41.4,29.2
2026-08-20 06:50:00,29.5,98,101.15,0.00,169,0.00,29.0,41.0,29.1
2026-08-20 07:00:00,29.5,98,101.15,0.00,168,0.00,29.0,41.0,29.1
2026-08-20 07:10:00,29.4,98,101.15,0.00,167,0.00,28.9,40.6,29.0
2026-08-20 07:20:00,29.6,98,101.16,0.00,164,0.00,29.1,41.4,29.2
2026-08-20 07:30:00,29.9,97,101.16,0.00,164,0.00,29.2,42.4,29.4
2026-08-20 07:40:00,30.0,96,101.16,0.00,163,0.00,29.1,42.4,29.4
2026-08-20 07:50:00,30.2,96,101.15,0.00,160,0.00,29.3,43.3,29.6
2026-08-20 08:00:00,30.3,96,101.16,0.00,156,0.00,29.4,43.7,29.7
2026-08-20 08:10:00,30.6,95,101.16,0.00,154,0.00,29.5,44.6,29.8
2026-08-20 08:20:00,30.6,95,101.15,0.00,156,0.00,29.5,44.6,29.8
2026-08-20 08:30:00,30.2,95,101.15,0.00,154,0.00,29.1,42.9,29.4
2026-08-20 08:40:00,30.1,95,101.15,0.00,73,0.00,29.0,42.5,29.3
2026-08-20 08:50:00,30.0,95,101.15,0.00,75,0.00,28.9,42.1,29.2
2026-08-20 09:00:00,29.9,96,101.15,0.00,74,0.00,29.0,42.0,29.3
2026-08-20 09:10:00,30.2,96,101.16,0.00,196,0.00,29.3,43.3,29.6
2026-08-20 09:20:00,30.2,96,101.15,0.00,101,0.00,29.3,43.3,29.6
2026-08-20 09:30:00,30.6,95,101.14,0.00,166,0.00,29.5,44.6,29.8
2026-08-20 09:40:00,30.9,95,101.14,0.00,116,0.00,29.8,45.9,30.1
2026-08-20 09:50:00,31.7,91,101.13,0.00,155,0.00,29.9,47.7,30.3
2026-08-20 10:00:00,31.1,93,101.12,0.00,113,0.00,29.6,46.0,30.0
2026-08-20 10:10:00,31.1,93,101.10,0.00,154,0.00,29.6,46.0,30.0
2026-08-20 10:20:00,31.5,91,101.09,0.00,97,0.00,29.7,46.8,30.1
2026-08-20 10:30:00,31.3,90,101.08,0.00,101,0.00,29.3,45.5,29.7
2026-08-20 10:40:00,31.1,90,101.07,0.00,150,0.00,29.1,44.7,29.6
2026-08-20 10:50:00,31.5,91,101.05,0.00,145,0.00,29.7,46.8,30.1
2026-08-20 11:00:00,31.3,91,101.05,0.00,145,0.00,29.5,46.0,29.9
2026-08-20 11:10:00,31.5,93,101.05,0.00,151,0.00,30.0,47.7,30.4
2026-08-20 11:20:00,30.9,93,101.05,0.00,145,0.00,29.4,45.1,29.8
2026-08-20 11:30:00,31.5,91,101.04,0.00,104,0.00,29.7,46.8,30.1
2026-08-20 15:38:00,29.6,97,100.88,0.00,162,0.00,28.9,38.7,29.1
2026-08-20 15:48:00,29.5,98,100.87,0.00,167,0.00,29.0,38.7,29.1
2026-08-20 15:58:00,29.4,98,100.87,0.00,171,0.00,28.9,38.5,29.0
2026-08-20 16:08:00,29.4,98,100.87,0.00,135,0.00,28.9,38.5,29.0
2026-08-20 16:18:00,29.3,100,100.87,0.00,138,0.00,29.1,38.6,29.2
2026-08-20 16:28:00,29.4,98,100.86,0.00,144,0.00,28.9,38.5,29.0
2026-08-20 16:38:00,29.5,98,100.85,0.00,147,0.00,29.0,38.7,29.1
2026-08-20 16:48:00,29.5,100,100.85,0.00,165,0.00,29.3,39.0,29.4
2026-08-20 16:58:00,29.5,98,100.85,0.00,166,0.00,29.0,38.7,29.1
2026-08-20 17:08:00,29.6,98,100.86,0.00,161,0.00,29.1,38.9,29.2
2026-08-20 17:18:00,29.6,98,100.85,0.00,163,0.00,29.1,38.9,29.2
2026-08-20 17:28:00,29.6,98,100.86,0.00,174,0.00,29.1,38.9,29.2
2026-08-20 17:38:00,29.5,97,100.87,0.00,177,0.00,28.8,38.6,29.0
2026-08-20 17:48:00,29.1,100,100.89,0.00,171,0.00,28.9,38.3,29.0
2026-08-20 17:58:00,29.0,98,100.88,0.00,165,0.00,28.5,37.8,28.6
2026-08-20 18:08:00,29.1,98,100.88,0.00,165,0.00,28.6,38.0,28.7
2026-08-20 18:18:00,29.1,98,100.90,0.00,167,0.00,28.6,38.0,28.7
2026-08-20 18:28:00,29.1,98,100.89,0.00,166,0.00,28.6,38.0,28.7
2026-08-20 18:38:00,29.1,98,100.87,0.00,165,0.00,28.6,38.0,28.7
2026-08-20 18:48:00,29.0,98,100.86,0.00,167,0.00,28.5,37.8,28.6
2026-08-20 18:58:00,29.1,98,100.90,0.00,166,0.00,28.6,38.0,28.7
2026-08-20 19:08:00,29.1,98,100.88,0.00,166,0.00,28.6,38.0,28.7
2026-08-20 19:18:00,29.1,100,100.87,0.00,165,0.00,28.9,38.3,29.0
2026-08-20 19:28:00,28.9,100,100.88,0.00,163,0.00,28.7,37.9,28.8
2026-08-20 19:38:00,28.9,100,100.90,0.00,169,0.00,28.7,37.9,28.8
2026-08-20 19:48:00,28.8,100,100.92,0.00,170,0.00,28.6,37.7,28.7
2026-08-20 19:58:00,28.8,100,100.93,0.00,169,0.00,28.6,37.7,28.7
2026-08-20 20:08:00,28.8,100,100.94,0.00,166,0.00,28.6,37.7,28.7
2026-08-20 20:18:00,28.8,98,100.94,0.00,161,0.00,28.3,37.5,28.4
2026-08-20 20:28:00,29.0,97,100.94,0.00,164,0.00,28.3,37.7,28.5
2026-08-20 20:38:00,28.9,98,100.96,0.00,165,0.00,28.4,37.6,28.5
2026-08-20 20:48:00,29.0,100,100.98,0.00,169,0.00,28.8,38.1,28.9
2026-08-20 20:58:00,28.9,100,100.98,0.00,167,0.00,28.7,37.9,28.8
2026-08-20 21:08:00,28.9,100,100.99,0.00,165,0.00,28.7,37.9,28.8
2026-08-20 21:18:00,29.0,98,100.99,0.00,166,0.00,28.5,37.8,28.6
2026-08-20 21:28:00,29.0,100,100.97,0.00,167,0.00,28.8,38.1,28.9
2026-08-20 21:38:00,29.0,100,100.96,0.00,165,0.00,28.8,38.1,28.9
2026-08-20 21:48:00,29.0,100,100.96,0.00,166,0.00,28.8,38.1,28.9
2026-08-20 21:58:00,28.9,100,100.94,0.00,166,0.00,28.7,37.9,28.8
2026-08-20 22:08:00,28.9,100,100.94,0.00,165,0.00,28.7,37.9,28.8
2026-08-20 22:18:00,28.9,100,100.93,0.00,154,0.00,28.7,37.9,28.8
2026-08-20 22:28:00,28.6,98,100.93,0.00,108,0.00,28.1,37.1,28.2
2026-08-20 22:38:00,28.7,98,100.93,0.00,172,0.00,28.2,37.3,28.3
2026-08-20 22:48:00,28.8,100,100.92,0.00,171,0.00,28.6,37.7,28.7
2026-08-20 22:58:00,28.9,100,100.91,0.00,172,0.00,28.7,37.9,28.8
2026-08-20 23:08:00,29.0,100,100.91,0.00,171,0.00,28.8,38.1,28.9
2026-08-20 23:18:00,29.0,100,100.91,0.00,171,0.00,28.8,38.1,28.9
2026-08-20 23:28:00,29.0,100,100.91,0.00,172,0.00,28.8,38.1,28.9
2026-08-20 23:38:00,29.1,100,100.91,0.00,172,0.00,28.9,38.3,29.0
2026-08-20 23:48:00,29.0,100,100.91,0.00,172,0.00,28.8,38.1,28.9
2026-08-20 23:58:00,29.0,100,100.89,0.00,172,0.00,28.8,38.1,28.9
2026-08-21 00:08:00,29.0,100,100.89,0.00,171,0.00,28.8,38.1,28.9
2026-08-21 00:18:00,29.0,100,100.87,0.00,173,0.00,28.8,38.1,28.9
2026-08-21 00:28:00,29.0,100,100.87,0.00,171,0.00,28.8,38.1,28.9
2026-08-21 00:38:00,28.9,100,100.86,0.00,171,0.00,28.7,37.9,28.8
2026-08-21 00:48:00,29.0,100,100.85,0.00,171,0.00,28.8,38.1,28.9
2026-08-21 00:58:00,29.0,100,100.84,0.00,172,0.00,28.8,38.1,28.9
2026-08-21 01:08:00,29.0,100,100.83,0.00,172,0.00,28.8,38.1,28.9
2026-08-21 01:18:00,28.9,100,100.82,0.00,172,0.00,28.7,37.9,28.8
2026-08-21 01:28:00,28.9,100,100.81,0.00,173,0.00,28.7,37.9,28.8
2026-08-21 01:38:00,28.8,100,100.80,0.00,173,0.00,28.6,37.7,28.7
2026-08-21 01:48:00,28.8,100,100.80,0.00,172,0.00,28.6,37.7,28.7
2026-08-21 01:58:00,28.8,100,100.80,0.00,173,0.00,28.6,37.7,28.7
2026-08-21 02:08:00,28.8,100,100.80,0.00,173,0.00,28.6,37.7,28.7
2026-08-21 02:18:00,28.8,100,100.80,0.00,171,0.00,28.6,37.7,28.7
2026-08-21 02:28:00,28.8,100,100.81,0.00,172,0.00,28.6,37.7,28.7
2026-08-21 02:38:00,28.8,100,100.81,0.00,172,0.00,28.6,37.7,28.7
2026-08-21 02:48:00,28.8,100,100.81,0.00,172,0.00,28.6,37.7,28.7
2026-08-21 02:58:00,28.8,100,100.81,0.00,171,0.00,28.6,37.7,28.7
2026-08-21 03:08:00,28.8,100,100.81,0.00,172,0.00,28.6,37.7,28.7
2026-08-21 03:18:00,28.8,100,100.82,0.00,172,0.00,28.6,37.7,28.7
2026-08-21 03:28:00,28.8,100,100.80,0.00,173,0.00,28.6,37.7,28.7
2026-08-21 03:38:00,28.8,100,100.78,0.00,171,0.00,28.6,37.7,28.7
2026-08-21 12:36:00,32.3,82,100.68,0.00,87,0.00,28.6,41.2,29.5
2026-08-21 12:46:00,32.0,84,100.68,0.00,97,0.00,28.7,41.0,29.5
2026-08-21 12:56:00,32.5,84,100.66,0.00,103,0.00,29.0,41.7,29.8
2026-08-21 13:06:00,32.5,84,100.67,0.00,104,0.00,29.2,41.9,30.0
2026-08-21 13:16:00,32.1,85,100.66,0.00,110,0.00,29.0,41.3,29.8
2026-08-21 13:26:00,32.4,86,100.65,0.00,106,0.00,29.3,41.9,30.1
2026-08-21 13:36:00,32.4,86,100.64,0.00,117,0.00,29.3,41.9,30.1
2026-08-21 13:46:00,32.0,85,100.63,0.00,118,0.00,28.9,41.2,29.7
2026-08-21 13:56:00,32.3,86,100.62,0.00,104,0.00,29.2,41.7,30.0
2026-08-21 14:06:00,32.6,84,100.61,0.00,96,0.00,29.3,42.1,30.1
2026-08-21 14:16:00,32.6,86,100.60,0.00,98,0.00,29.5,42.2,30.3
2026-08-21 14:26:00,32.8,85,100.59,0.00,95,0.00,29.5,42.4,30.3
2026-08-21 14:36:00,32.0,87,100.59,0.00,101,0.00,29.4,41.5,30.0
2026-08-21 14:46:00,31.3,90,100.60,0.00,111,0.00,29.3,40.7,29.7
2026-08-21 14:56:00,31.2,91,100.59,0.00,111,0.00,29.4,40.7,29.8
2026-08-21 15:06:00,31.1,93,100.57,0.00,144,0.00,29.6,40.8,30.0
2026-08-21 15:16:00,31.9,90,100.56,0.00,117,0.00,29.9,41.8,30.3
2026-08-21 15:26:00,30.8,91,100.56,0.00,152,0.00,29.0,40.0,29.4
2026-08-21 15:36:00,30.9,91,100.57,0.00,149,0.00,29.1,40.2,29.5
2026-08-21 15:46:00,31.1,91,100.58,0.00,146,0.00,29.3,40.5,29.7
2026-08-21 15:56:00,31.1,93,100.57,0.00,150,0.00,29.6,40.8,30.0
2026-08-21 16:06:00,31.0,93,100.58,0.00,155,0.00,29.5,40.6,29.9
2026-08-21 16:16:00,31.1,91,100.58,0.00,150,0.00,29.3,40.5,29.7
2026-08-21 16:26:00,31.2,90,100.58,0.00,156,0.00,29.2,40.5,29.7
2026-08-21 16:36:00,31.1,93,100.58,0.00,159,0.00,29.6,40.8,30.0
2026-08-21 16:46:00,30.6,93,100.58,0.00,166,0.00,29.1,39.9,29.5
2026-08-21 16:56:00,30.6,93,100.58,0.00,160,0.00,29.1,39.9,29.5
2026-08-21 17:06:00,30.6,93,100.59,0.00,155,0.00,29.1,39.9,29.5
2026-08-21 17:16:00,30.7,91,100.58,0.00,155,0.00,28.9,39.8,29.3
2026-08-21 17:26:00,30.7,91,100.58,0.00,130,0.00,28.9,39.8,29.3
2026-08-21 17:36:00,30.6,91,100.56,0.00,154,0.00,28.8,39.6,29.2
2026-08-21 17:46:00,30.3,93,100.55,0.00,158,0.00,28.9,39.4,29.2
2026-08-21 17:56:00,30.1,93,100.56,0.00,131,0.00,28.7,39.0,29.0
2026-08-21 18:06:00,30.0,91,100.57,0.00,122,0.00,28.2,38.6,28.6
2026-08-21 18:16:00,29.9,91,100.57,0.00,123,0.00,28.1,38.4,28.5
2026-08-21 18:26:00,29.8,94,100.58,0.00,114,0.00,28.5,38.7,28.9
2026-08-21 18:36:00,29.9,95,100.58,0.00,114,0.00,28.8,39.0,29.1
2026-08-21 18:46:00,29.8,94,100.57,0.00,116,0.00,28.5,38.7,28.9
2026-08-21 18:56:00,29.9,94,100.56,0.00,124,0.00,28.6,38.8,29.0
2026-08-21 19:06:00,29.8,95,100.55,0.00,125,0.00,28.7,38.8,29.0
2026-08-21 19:16:00,29.8,95,100.55,0.00,124,0.00,28.7,38.8,29.0
2026-08-21 19:26:00,29.7,96,100.56,0.00,125,0.00,28.8,38.8,29.1
2026-08-21 19:36:00,29.6,95,100.58,0.00,117,0.00,28.5,38.5,28.8
2026-08-21 19:46:00,29.5,95,100.59,0.00,134,0.00,28.4,38.3,28.7
2026-08-21 19:56:00,29.3,98,100.60,0.00,165,0.00,28.8,38.3,28.9
2026-08-21 20:06:00,29.2,98,100.60,0.00,133,0.00,28.7,38.2,28.8
2026-08-21 20:16:00,29.2,95,100.61,0.00,163,0.00,28.1,37.8,28.4
2026-08-21 20:26:00,29.2,97,100.60,0.00,112,0.00,28.5,38.0,28.7
2026-08-21 20:36:00,29.3,97,100.58,0.00,110,0.00,28.6,38.2,28.8
2026-08-21 20:46:00,29.1,97,100.58,0.00,165,0.00,28.4,37.9,28.6
2026-08-21 21:23:00,29.1,98,100.58,0.00,172,0.16,28.6,38.0,28.7
2026-08-21 21:33:00,29.1,98,100.57,0.00,172,0.00,28.6,38.0,28.7
2026-08-21 21:43:00,29.0,98,100.56,0.00,91,0.00,28.5,37.8,28.6
2026-08-21 21:53:00,29.1,98,100.59,0.00,90,0.00,28.6,38.0,28.7
2026-08-21 22:03:00,29.1,98,100.58,0.00,89,0.00,28.6,38.0,28.7
2026-08-21 22:13:00,29.1,98,100.59,0.00,86,0.00,28.6,38.0,28.7
2026-08-21 22:23:00,29.1,97,100.59,0.00,169,0.00,28.4,37.9,28.6
2026-08-21 22:33:00,29.2,97,100.60,0.00,170,0.00,28.5,38.0,28.7
2026-08-21 22:43:00,29.1,97,100.60,0.00,174,0.00,28.4,37.9,28.6
2026-08-21 22:53:00,29.1,97,100.59,0.00,173,0.00,28.4,37.9,28.6
2026-08-21 23:03:00,29.1,97,100.58,0.00,172,0.00,28.4,37.9,28.6
2026-08-21 23:13:00,29.0,97,100.58,0.00,171,0.00,28.3,37.7,28.5
2026-08-21 23:23:00,29.0,97,100.58,0.00,171,0.00,28.3,37.7,28.5
2026-08-21 23:33:00,29.0,98,100.58,0.00,170,0.00,28.5,37.8,28.6
2026-08-21 23:43:00,29.0,98,100.57,0.00,173,0.10,28.5,37.8,28.6
2026-08-21 23:53:00,29.0,98,100.58,0.00,174,0.24,28.5,37.8,28.6
2026-08-22 00:03:00,28.9,98,100.56,0.00,172,0.00,28.4,37.6,28.5
2026-08-22 00:13:00,28.9,100,100.55,0.00,173,0.00,28.7,37.9,28.8
2026-08-22 00:23:00,28.9,100,100.55,0.00,172,0.00,28.7,37.9,28.8
2026-08-22 00:33:00,28.8,98,100.52,0.00,172,0.00,28.3,37.5,28.4
2026-08-22 00:43:00,28.8,98,100.54,0.00,171,0.11,28.3,37.5,28.4
2026-08-22 00:53:00,28.8,98,100.52,0.00,170,0.00,28.3,37.5,28.4
2026-08-22 01:03:00,28.8,100,100.52,0.00,171,0.00,28.6,37.7,28.7
2026-08-22 01:13:00,28.8,100,100.52,0.00,170,0.00,28.6,37.7,28.7
2026-08-22 01:23:00,28.8,100,100.52,0.00,172,0.00,28.6,37.7,28.7
2026-08-22 01:33:00,28.8,100,100.53,0.00,173,0.00,28.6,37.7,28.7
2026-08-22 01:43:00,28.8,100,100.53,0.00,171,0.00,28.6,37.7,28.7
2026-08-22 01:53:00,28.8,100,100.52,0.00,171,0.00,28.6,37.7,28.7
2026-08-22 02:03:00,28.8,100,100.51,0.00,171,0.00,28.6,37.7,28.7
2026-08-22 02:13:00,28.7,100,100.49,0.00,171,0.00,28.5,37.6,28.6
2026-08-22 02:23:00,28.7,100,100.50,0.00,172,0.00,28.5,37.6,28.6
2026-08-22 02:33:00,28.7,100,100.51,0.00,171,0.00,28.5,37.6,28.6
2026-08-22 02:43:00,28.7,100,100.51,0.00,171,0.00,28.5,37.6,28.6
2026-08-22 02:53:00,28.7,100,100.51,0.00,171,0.00,28.5,37.6,28.6
2026-08-22 03:03:00,28.6,100,100.51,0.00,169,0.00,28.4,37.4,28.5
2026-08-22 03:13:00,28.7,100,100.51,0.00,169,0.00,28.5,37.6,28.6
2026-08-22 03:23:00,28.8,100,100.51,0.00,169,0.00,28.6,37.7,28.7
2026-08-22 03:33:00,28.8,100,100.50,0.00,169,0.00,28.6,37.7,28.7
2026-08-22 03:43:00,28.8,100,100.49,0.00,169,0.00,28.6,37.7,28.7
2026-08-22 03:53:00,28.7,100,100.48,0.00,169,0.00,28.5,37.6,28.6
2026-08-22 04:03:00,28.8,100,100.48,0.00,169,0.00,28.6,37.7,28.7
2026-08-22 04:13:00,28.8,100,100.49,0.00,169,0.00,28.6,37.7,28.7
2026-08-22 04:23:00,28.8,100,100.50,0.00,169,0.00,28.6,37.7,28.7
2026-08-22 04:33:00,28.8,100,100.49,0.00,173,0.00,28.6,37.7,28.7
2026-08-22 04:43:00,28.6,100,100.50,0.00,174,0.00,28.4,37.4,28.5
2026-08-22 04:53:00,28.6,100,100.49,0.00,173,0.00,28.4,37.4,28.5
2026-08-22 05:03:00,28.6,100,100.51,0.00,172,0.00,28.4,37.4,28.5
2026-08-22 05:13:00,28.6,100,100.52,0.00,171,0.00,28.4,37.4,28.5
2026-08-22 05:23:00,28.6,100,100.52,0.00,170,0.00,28.4,37.4,28.5
2026-08-22 05:33:00,28.7,100,100.53,0.00,169,0.00,28.5,37.6,28.6
2026-08-22 05:43:00,28.7,100,100.53,0.00,170,0.00,28.5,37.6,28.6
2026-08-22 05:53:00,28.8,100,100.55,0.00,170,0.00,28.6,37.7,28.7
2026-08-22 06:03:00,28.8,100,100.57,0.00,170,0.00,28.6,37.7,28.7
2026-08-22 06:13:00,28.9,100,100.57,0.00,171,0.00,28.7,37.9,28.8
2026-08-22 06:23:00,29.0,100,100.56,0.00,168,0.00,28.8,38.1,28.9
2026-08-22 06:33:00,29.1,98,100.56,0.00,169,0.00,28.6,38.0,28.7
2026-08-22 06:43:00,29.3,98,100.57,0.00,166,0.11,28.8,38.3,28.9
2026-08-22 06:53:00,29.5,98,100.58,0.00,165,0.00,29.0,38.7,29.1
2026-08-22 07:03:00,29.5,98,100.59,0.00,170,0.00,29.0,38.7,29.1
2026-08-22 07:13:00,29.3,98,100.59,0.00,172,0.00,28.8,38.3,28.9
2026-08-22 07:23:00,29.1,98,100.59,0.00,172,1.74,28.6,38.0,28.7
2026-08-22 07:33:00,29.1,100,100.60,0.00,172,0.34,28.9,38.3,29.0
2026-08-22 07:43:00,29.6,98,100.60,0.00,168,0.15,29.1,38.9,29.2
2026-08-22 07:53:00,30.0,97,100.60,0.00,165,0.00,29.3,39.4,29.5
2026-08-22 08:03:00,30.1,96,100.59,0.00,165,0.00,29.2,39.5,29.5
2026-08-22 08:13:00,30.1,96,100.59,0.00,156,0.15,29.2,39.5,29.5
2026-08-22 08:23:00,30.5,96,100.58,0.00,114,0.00,29.6,40.2,29.9
2026-08-22 08:33:00,30.5,96,100.57,0.00,109,0.00,29.6,40.2,29.9
2026-08-22 08:43:00,30.3,96,100.56,0.00,120,0.44,29.4,39.8,29.7
2026-08-22 08:53:00,31.4,95,100.57,0.00,124,0.18,30.3,41.6,30.6
2026-08-22 09:03:00,32.4,94,100.57,0.00,127,0.00,30.9,43.2,31.3
2026-08-22 09:13:00,31.8,93,100.56,0.00,118,0.00,30.3,42.1,30.7
2026-08-22 09:23:00,32.0,93,100.56,0.00,114,0.00,30.5,42.4,30.9
2026-08-22 09:33:00,32.3,92,100.58,0.00,117,0.00,30.4,42.7,30.9
2026-08-22 09:43:00,33.0,89,100.58,0.00,115,0.14,30.5,43.4,31.1
2026-08-22 09:53:00,32.1,91,100.60,0.00,114,0.00,30.2,42.3,30.7
2026-08-22 10:03:00,31.9,93,100.60,0.00,123,0.00,30.4,42.2,30.8
2026-08-22 10:13:00,32.3,92,100.59,0.00,121,0.00,30.4,42.7,30.9
2026-08-22 10:23:00,32.0,93,100.58,0.00,103,0.00,30.5,42.4,30.9
2026-08-22 10:33:00,31.9,91,100.57,0.00,104,0.00,30.0,41.9,30.5
2026-08-22 10:43:00,31.2,94,100.59,0.00,124,0.00,29.9,41.1,30.3
2026-08-22 10:53:00,31.4,94,100.59,0.00,122,0.00,30.1,41.5,30.4
2026-08-22 11:03:00,31.9,93,100.58,0.00,104,0.00,30.4,42.2,30.8
2026-08-22 11:13:00,30.6,96,100.57,0.00,113,0.00,29.7,40.4,30.0
2026-08-22 11:23:00,30.1,96,100.54,0.00,156,0.00,29.2,39.5,29.5
2026-08-22 11:33:00,30.1,96,100.54,0.00,173,0.00,29.2,39.5,29.5
2026-08-22 11:43:00,30.5,96,100.55,0.00,171,0.00,29.6,40.2,29.9
2026-08-22 11:53:00,30.5,96,100.54,0.00,172,0.00,29.6,40.2,29.9
2026-08-22 12:03:00,30.5,96,100.53,0.00,173,0.00,29.6,40.2,29.9
2026-08-22 12:13:00,31.1,94,100.52,0.00,169,0.21,29.8,41.0,30.2
2026-08-22 12:23:00,30.4,95,100.52,0.00,175,0.00,29.3,39.9,29.6
2026-08-22 12:33:00,30.5,95,100.52,0.00,169,0.00,29.4,40.0,29.7
2026-08-22 12:43:00,31.4,94,100.50,0.00,166,0.22,30.1,41.5,30.4
2026-08-22 12:53:00,30.7,94,100.50,0.00,171,0.00,29.4,40.2,29.8
2026-08-22 13:03:00,30.3,96,100.51,0.00,173,0.16,29.4,39.8,29.7
2026-08-22 13:13:00,31.1,96,100.50,0.00,168,0.42,30.2,41.3,30.4
2026-08-22 13:23:00,31.7,94,100.50,0.00,168,0.68,30.4,42.0,30.7
2026-08-22 13:33:00,31.2,95,100.50,0.00,127,0.00,30.1,41.3,30.4
2026-08-22 13:43:00,32.0,94,100.48,0.00,123,0.10,30.7,42.6,31.0
2026-08-22 13:53:00,30.9,95,100.48,0.00,115,0.00,29.8,40.8,30.1
2026-08-22 14:03:00,31.2,94,100.47,0.00,109,0.00,29.9,41.1,30.3
2026-08-22 14:13:00,32.8,92,100.45,0.00,114,0.53,30.9,43.6,31.4
2026-08-22 14:23:00,31.3,94,100.45,0.00,113,0.00,30.0,41.3,30.3
2026-08-22 14:33:00,31.5,94,100.44,0.00,112,0.00,30.2,41.7,30.5
2026-08-22 14:43:00,31.5,94,100.44,0.00,115,0.00,30.2,41.7,30.5
2026-08-22 14:53:00,31.2,93,100.43,0.00,116,0.00,29.7,41.0,30.1
2026-08-22 15:03:00,31.5,93,100.45,0.00,114,0.25,30.0,41.5,30.4
2026-08-22 15:13:00,31.8,91,100.43,0.00,108,0.21,30.0,41.8,30.4
2026-08-22 15:23:00,32.0,90,100.43,0.00,112,0.00,30.0,42.0,30.4
2026-08-22 15:33:00,31.5,93,100.44,0.00,110,0.00,30.0,41.5,30.4
2026-08-22 15:43:00,31.2,93,100.44,0.00,110,0.00,29.7,41.0,30.1
2026-08-22 15:53:00,31.4,93,100.42,0.00,91,0.00,29.9,41.3,30.3
2026-08-22 16:03:00,30.9,94,100.42,0.00,98,0.00,29.6,40.6,30.0
2026-08-22 16:13:00,30.9,94,100.42,0.00,98,0.00,29.6,40.6,30.0
2026-08-22 16:23:00,31.0,94,100.43,0.00,102,0.00,29.7,40.8,30.1
2026-08-22 16:33:00,31.0,93,100.44,0.00,103,0.00,29.5,40.6,29.9
2026-08-22 16:43:00,30.7,93,100.45,0.00,97,0.00,29.2,40.1,29.6
2026-08-22 16:53:00,30.9,94,100.46,0.00,102,0.00,29.6,40.6,30.0
2026-08-22 17:03:00,30.7,94,100.47,0.00,102,0.00,29.4,40.2,29.8
2026-08-22 17:13:00,30.7,94,100.50,0.00,102,0.00,29.4,40.2,29.8
2026-08-22 17:23:00,30.2,95,100.50,0.00,163,0.00,29.1,39.5,29.4
2026-08-22 17:33:00,30.1,95,100.51,0.00,165,0.00,29.0,39.3,29.3
2026-08-22 17:43:00,30.0,95,100.52,0.00,167,0.00,28.9,39.2,29.2
2026-08-22 17:53:00,29.7,97,100.52,0.00,163,0.00,29.0,38.9,29.2
2026-08-22 18:03:00,29.7,96,100.51,0.00,93,0.00,28.8,38.8,29.1
2026-08-22 18:13:00,29.6,98,100.51,0.00,93,0.00,29.1,38.9,29.2
2026-08-22 18:23:00,29.5,98,100.51,0.00,84,0.00,29.0,38.7,29.1
2026-08-22 18:33:00,29.5,97,100.53,0.00,94,0.00,28.8,38.6,29.0
2026-08-22 18:43:00,29.6,97,100.52,0.00,103,0.00,28.9,38.7,29.1
2026-08-22 18:53:00,29.6,96,100.55,0.00,106,0.00,28.7,38.6,29.0
2026-08-22 19:03:00,29.6,97,100.56,0.00,104,0.00,28.9,38.7,29.1
2026-08-22 19:13:00,29.5,97,100.59,0.00,103,0.00,28.8,38.6,29.0
2026-08-22 19:23:00,29.5,97,100.61,0.00,107,0.00,28.8,38.6,29.0
2026-08-22 19:33:00,29.5,97,100.64,0.00,108,0.00,28.8,38.6,29.0
2026-08-22 19:43:00,29.5,97,100.65,0.00,106,0.00,28.8,38.6,29.0
2026-08-22 19:53:00,29.5,97,100.68,0.00,104,0.00,28.8,38.6,29.0
2026-08-22 20:03:00,29.4,97,100.68,0.00,108,0.00,28.7,38.4,28.9
2026-08-22 20:13:00,29.4,97,100.69,0.00,106,0.00,28.7,38.4,28.9
2026-08-22 20:23:00,29.5,97,100.71,0.00,106,0.00,28.8,38.6,29.0
2026-08-22 20:33:00,29.4,97,100.72,0.00,109,0.00,28.7,38.4,28.9
2026-08-22 20:43:00,29.5,97,100.72,0.00,94,0.00,28.8,38.6,29.0
2026-08-22 20:53:00,29.5,97,100.73,0.00,98,0.00,28.8,38.6,29.0
2026-08-22 21:03:00,29.4,97,100.72,0.00,108,0.00,28.7,38.4,28.9
2026-08-22 21:13:00,29.3,97,100.71,0.00,109,0.00,28.6,38.2,28.8
2026-08-22 21:23:00,29.2,97,100.71,0.00,111,0.00,28.5,38.0,28.7
2026-08-22 21:33:00,29.2,97,100.69,0.00,109,0.00,28.5,38.0,28.7
2026-08-22 21:43:00,29.2,97,100.70,0.00,111,0.00,28.5,38.0,28.7
2026-08-22 21:53:00,29.2,97,100.70,0.00,105,0.00,28.5,38.0,28.7
2026-08-22 22:03:00,29.2,97,100.70,0.00,108,0.00,28.5,38.0,28.7
2026-08-22 22:13:00,29.2,97,100.70,0.00,107,0.00,28.5,38.0,28.7
2026-08-22 22:23:00,29.2,97,100.69,0.00,107,0.00,28.5,38.0,28.7
2026-08-22 22:33:00,29.2,97,100.69,0.00,104,0.00,28.5,38.0,28.7
2026-08-22 22:43:00,29.2,97,100.68,0.00,103,0.00,28.5,38.0,28.7
2026-08-22 22:53:00,29.1,97,100.67,0.00,101,0.00,28.4,37.9,28.6
2026-08-22 23:03:00,29.2,97,100.66,0.00,100,0.00,28.5,38.0,28.7
2026-08-22 23:13:00,29.0,97,100.65,0.00,98,0.00,28.3,37.7,28.5
2026-08-22 23:23:00,29.0,97,100.63,0.00,98,0.00,28.3,37.7,28.5
2026-08-22 23:33:00,29.0,97,100.62,0.00,97,0.00,28.3,37.7,28.5
2026-08-22 23:43:00,28.9,97,100.61,0.00,97,0.00,28.2,37.5,28.4
2026-08-22 23:53:00,28.9,97,100.60,0.00,97,0.00,28.2,37.5,28.4
2026-08-23 00:03:00,29.0,97,100.60,0.00,97,0.00,28.3,37.7,28.5
2026-08-23 00:13:00,29.0,97,100.60,0.00,99,0.00,28.3,37.7,28.5
2026-08-23 00:23:00,28.8,98,100.59,0.00,102,0.00,28.3,37.5,28.4
2026-08-23 00:33:00,28.8,98,100.58,0.00,102,0.00,28.3,37.5,28.4
2026-08-23 00:43:00,28.8,98,100.58,0.00,101,0.00,28.3,37.5,28.4
2026-08-23 00:53:00,28.8,98,100.57,0.00,97,0.00,28.3,37.5,28.4
2026-08-23 01:03:00,28.8,98,100.55,0.00,97,0.00,28.3,37.5,28.4
2026-08-23 01:13:00,28.8,98,100.54,0.00,93,0.00,28.3,37.5,28.4
2026-08-23 01:23:00,28.8,98,100.54,0.00,91,0.00,28.3,37.5,28.4
2026-08-23 01:33:00,28.7,98,100.54,0.00,88,0.00,28.2,37.3,28.3
2026-08-23 01:43:00,28.6,100,100.53,0.00,84,0.00,28.4,37.4,28.5
2026-08-23 01:53:00,28.6,100,100.52,0.00,87,0.00,28.4,37.4,28.5
2026-08-23 02:03:00,28.6,100,100.52,0.00,86,0.00,28.4,37.4,28.5
2026-08-23 02:13:00,28.6,100,100.50,0.00,85,0.00,28.4,37.4,28.5
2026-08-23 02:23:00,28.5,100,100.50,0.00,86,0.00,28.3,37.2,28.4
2026-08-23 02:33:00,28.5,100,100.51,0.00,86,0.00,28.3,37.2,28.4
2026-08-23 02:43:00,28.5,100,100.50,0.00,85,0.00,28.3,37.2,28.4
2026-08-23 02:53:00,28.6,100,100.49,0.00,83,0.00,28.4,37.4,28.5
2026-08-23 03:03:00,28.5,100,100.49,0.00,82,0.00,28.3,37.2,28.4
2026-08-23 03:13:00,28.5,100,100.49,0.00,81,0.00,28.3,37.2,28.4
2026-08-23 03:23:00,28.5,100,100.50,0.00,81,0.00,28.3,37.2,28.4
2026-08-23 03:33:00,28.5,100,100.51,0.00,81,0.00,28.3,37.2,28.4
2026-08-23 03:43:00,28.6,100,100.50,0.00,81,0.00,28.4,37.4,28.5
2026-08-23 03:53:00,28.5,100,100.52,0.00,81,0.00,28.3,37.2,28.4
2026-08-23 04:03:00,28.6,100,100.54,0.00,81,0.87,28.4,37.4,28.5
2026-08-23 04:13:00,28.6,100,100.54,0.00,80,1.35,28.4,37.4,28.5
2026-08-23 04:23:00,28.5,100,100.55,0.00,79,0.00,28.3,37.2,28.4
2026-08-23 04:33:00,28.5,100,100.57,0.00,79,0.00,28.3,37.2,28.4
2026-08-23 04:43:00,28.5,100,100.58,0.00,78,0.00,28.3,37.2,28.4
2026-08-23 04:53:00,28.5,100,100.60,0.00,80,0.16,28.3,37.2,28.4
2026-08-23 05:03:00,28.5,100,100.61,0.00,80,0.00,28.3,37.2,28.4
2026-08-23 05:13:00,28.5,100,100.63,0.00,81,0.10,28.3,37.2,28.4
2026-08-23 05:23:00,28.5,100,100.64,0.00,81,0.00,28.3,37.2,28.4
2026-08-23 05:33:00,28.5,100,100.65,0.00,85,0.00,28.3,37.2,28.4
2026-08-23 05:43:00,28.6,100,100.67,0.00,86,0.00,28.4,37.4,28.5
2026-08-23 05:53:00,28.7,100,100.68,0.00,85,0.13,28.5,37.6,28.6
2026-08-23 06:03:00,28.8,100,100.70,0.00,86,0.10,28.6,37.7,28.7
2026-08-23 06:13:00,28.8,100,100.71,0.00,86,0.27,28.6,37.7,28.7
2026-08-23 06:23:00,28.8,100,100.73,0.00,87,0.00,28.6,37.7,28.7
2026-08-23 06:33:00,29.0,98,100.74,0.00,89,0.00,28.5,37.8,28.6
2026-08-23 06:43:00,29.0,98,100.74,0.00,88,0.00,28.5,37.8,28.6
2026-08-23 06:53:00,29.0,98,100.77,0.00,87,0.12,28.5,37.8,28.6
2026-08-23 07:03:00,28.9,98,100.77,0.00,87,0.00,28.4,37.6,28.5
2026-08-23 07:13:00,28.9,98,100.78,0.00,90,0.17,28.4,37.6,28.5
2026-08-23 07:23:00,29.3,98,100.76,0.00,91,0.12,28.8,38.3,28.9
2026-08-23 07:33:00,29.5,97,100.78,0.00,94,0.00,28.8,38.6,29.0
2026-08-23 07:43:00,29.7,97,100.79,0.00,95,0.00,29.0,38.9,29.2
2026-08-23 07:53:00,29.6,97,100.80,0.00,95,0.00,28.9,38.7,29.1
2026-08-23 08:03:00,29.6,97,100.83,0.00,94,0.00,28.9,38.7,29.1
2026-08-23 08:13:00,29.5,97,100.83,0.00,96,0.26,28.8,38.6,29.0
2026-08-23 08:23:00,29.7,97,100.84,0.00,96,0.14,29.0,38.9,29.2
2026-08-23 08:33:00,29.7,97,100.85,0.00,97,0.34,29.0,38.9,29.2
2026-08-23 08:43:00,30.4,96,100.85,0.00,94,0.00,29.5,40.0,29.8
2026-08-23 08:53:00,31.2,94,100.84,0.00,98,0.25,29.9,41.1,30.3
2026-08-23 09:03:00,31.5,91,100.84,0.00,93,0.00,29.7,41.2,30.1
2026-08-23 09:13:00,30.9,91,100.85,0.00,92,0.00,29.1,40.2,29.5
2026-08-23 09:23:00,31.1,89,100.83,0.00,92,0.31,28.9,40.2,29.4
2026-08-23 09:33:00,31.1,89,100.84,0.00,92,0.27,28.9,40.2,29.4
2026-08-23 09:43:00,30.4,94,100.85,0.00,83,0.00,29.1,39.7,29.5
2026-08-23 09:53:00,29.8,96,100.86,0.00,81,0.00,28.9,38.9,29.2
2026-08-23 10:03:00,29.6,96,100.88,0.00,81,0.00,28.7,38.6,29.0
2026-08-23 10:13:00,29.6,96,100.87,0.00,85,0.13,28.7,38.6,29.0
2026-08-23 10:23:00,29.9,96,100.85,0.00,89,0.00,29.0,39.1,29.3
2026-08-23 10:33:00,29.3,97,100.87,0.00,97,0.34,28.6,38.2,28.8
2026-08-23 10:43:00,30.9,95,100.87,0.00,141,0.00,29.8,40.8,30.1
2026-08-23 10:53:00,31.0,95,100.87,0.00,132,0.16,29.9,40.9,30.2
2026-08-23 11:03:00,30.5,95,100.86,0.00,93,0.00,29.4,40.0,29.7
2026-08-23 11:13:00,30.5,94,100.85,0.00,99,0.00,29.2,39.9,29.6
2026-08-23 11:23:00,30.8,93,100.85,0.00,103,0.00,29.3,40.3,29.7
2026-08-23 11:33:00,31.1,91,100.84,0.00,104,0.00,29.3,40.5,29.7
2026-08-23 11:43:00,31.3,90,100.84,0.00,106,0.00,29.3,40.7,29.7
2026-08-23 11:53:00,31.3,90,100.84,0.00,103,0.12,29.3,40.7,29.7
2026-08-23 12:03:00,30.6,93,100.84,0.00,104,0.00,29.1,39.9,29.5
2026-08-23 12:13:00,31.9,91,100.84,0.00,105,0.10,30.0,41.9,30.5
2026-08-23 12:23:00,30.8,94,100.84,0.00,108,0.00,29.5,40.4,29.9
2026-08-23 12:33:00,32.5,88,100.82,0.00,104,0.32,30.0,42.5,30.6
2026-08-23 12:43:00,30.6,93,100.83,0.00,107,0.00,29.1,39.9,29.5
2026-08-23 12:53:00,30.5,96,100.84,0.00,118,0.45,29.6,40.2,29.9
2026-08-23 13:03:00,31.5,94,100.82,0.00,132,0.19,30.2,41.7,30.5
2026-08-23 13:13:00,31.8,91,100.80,0.00,130,0.00,30.0,41.8,30.4
2026-08-23 13:23:00,31.6,89,100.80,0.00,123,0.00,29.4,41.1,29.9
2026-08-23 13:33:00,31.4,91,100.80,0.00,123,0.00,29.6,41.0,30.0
2026-08-23 13:43:00,30.8,93,100.80,0.00,130,0.00,29.3,40.3,29.7
2026-08-23 13:53:00,30.6,93,100.79,0.00,122,0.00,29.1,39.9,29.5
2026-08-23 14:03:00,30.6,94,100.79,0.00,112,0.00,29.3,40.1,29.7
2026-08-23 14:13:00,30.7,93,100.79,0.00,111,0.00,29.2,40.1,29.6
2026-08-23 14:23:00,30.3,94,100.78,0.00,114,0.00,29.0,39.5,29.4
2026-08-23 14:33:00,30.5,93,100.77,0.00,118,0.17,29.0,39.7,29.4
2026-08-23 14:43:00,31.2,91,100.76,0.00,117,0.13,29.4,40.7,29.8
2026-08-23 14:53:00,30.2,94,100.76,0.00,121,0.00,28.9,39.4,29.3
2026-08-23 15:03:00,29.7,97,100.76,0.00,127,0.00,29.0,38.9,29.2
2026-08-23 15:13:00,29.5,97,100.77,0.00,132,0.22,28.8,38.6,29.0
2026-08-23 15:23:00,29.4,97,100.77,0.00,134,0.00,28.7,38.4,28.9
2026-08-23 15:33:00,29.6,98,100.76,0.00,133,0.14,29.1,38.9,29.2
2026-08-23 15:43:00,29.8,97,100.76,0.00,132,0.00,29.1,39.1,29.3
2026-08-23 15:53:00,29.9,97,100.76,0.00,130,0.00,29.2,39.3,29.4
2026-08-23 16:03:00,29.9,97,100.76,0.00,129,0.00,29.2,39.3,29.4
2026-08-23 16:13:00,30.0,95,100.76,0.00,130,0.00,28.9,39.2,29.2
2026-08-23 16:23:00,29.8,97,100.75,0.00,134,0.00,29.1,39.1,29.3
2026-08-23 16:33:00,29.9,95,100.74,0.00,133,0.00,28.8,39.0,29.1
2026-08-23 16:43:00,29.9,96,100.76,0.00,132,0.15,29.0,39.1,29.3
2026-08-23 16:53:00,30.0,95,100.75,0.00,133,0.00,28.9,39.2,29.2
2026-08-23 17:03:00,29.9,96,100.76,0.00,133,0.00,29.0,39.1,29.3
2026-08-23 17:13:00,29.9,96,100.77,0.00,135,0.00,29.0,39.1,29.3
2026-08-23 17:23:00,29.8,96,100.78,0.00,134,0.00,28.9,38.9,29.2
2026-08-23 17:33:00,29.9,96,100.79,0.00,118,0.00,29.0,39.1,29.3
2026-08-23 17:43:00,29.8,97,100.79,0.00,125,0.00,29.1,39.1,29.3
2026-08-23 17:53:00,29.5,97,100.80,0.00,135,0.00,28.8,38.6,29.0
2026-08-23 18:03:00,29.4,97,100.81,0.00,137,0.27,28.7,38.4,28.9
2026-08-23 18:13:00,29.4,97,100.83,0.00,138,0.00,28.7,38.4,28.9
2026-08-23 18:23:00,29.4,97,100.83,0.00,137,0.14,28.7,38.4,28.9
2026-08-23 18:33:00,29.4,97,100.83,0.00,140,0.00,28.7,38.4,28.9
2026-08-23 18:43:00,29.4,97,100.83,0.00,139,0.00,28.7,38.4,28.9
2026-08-23 18:53:00,29.3,97,100.84,0.00,142,0.00,28.6,38.2,28.8
2026-08-23 19:03:00,29.3,97,100.85,0.00,134,0.00,28.6,38.2,28.8
2026-08-23 19:13:00,29.3,97,100.86,0.00,136,0.12,28.6,38.2,28.8
2026-08-23 19:23:00,29.3,97,100.87,0.00,135,0.00,28.6,38.2,28.8
2026-08-23 19:33:00,29.3,97,100.88,0.00,137,0.16,28.6,38.2,28.8
2026-08-23 19:43:00,29.2,97,100.90,0.00,133,0.00,28.5,38.0,28.7
2026-08-23 19:53:00,29.3,97,100.92,0.00,135,0.00,28.6,38.2,28.8
2026-08-23 20:03:00,29.3,97,100.94,0.00,133,0.16,28.6,38.2,28.8
2026-08-23 20:13:00,29.3,97,100.94,0.00,136,0.00,28.6,38.2,28.8
2026-08-23 20:23:00,29.2,97,100.95,0.00,136,0.00,28.5,38.0,28.7
2026-08-23 20:33:00,29.2,97,100.96,0.00,137,0.16,28.5,38.0,28.7
2026-08-23 20:43:00,29.1,97,100.96,0.00,138,0.00,28.4,37.9,28.6
2026-08-23 20:53:00,29.1,97,100.98,0.00,140,0.00,28.4,37.9,28.6
2026-08-23 21:03:00,29.1,97,100.98,0.00,139,0.12,28.4,37.9,28.6
2026-08-23 21:13:00,29.2,97,101.00,0.00,139,0.00,28.5,38.0,28.7
2026-08-23 21:23:00,29.2,97,101.00,0.00,138,0.16,28.5,38.0,28.7
2026-08-23 21:33:00,29.3,97,101.01,0.00,130,0.00,28.6,38.2,28.8
2026-08-23 21:43:00,29.3,97,101.02,0.00,125,0.20,28.6,38.2,28.8
2026-08-23 21:53:00,29.3,97,101.02,0.00,123,0.00,28.6,38.2,28.8
2026-08-23 22:03:00,29.3,97,101.00,0.00,120,0.00,28.6,38.2,28.8
2026-08-23 22:13:00,29.3,97,101.00,0.00,118,0.17,28.6,38.2,28.8
2026-08-23 22:23:00,29.3,97,101.01,0.00,119,0.00,28.6,38.2,28.8
2026-08-23 22:33:00,29.2,97,101.02,0.00,121,0.00,28.5,38.0,28.7
2026-08-23 22:43:00,29.2,97,101.02,0.00,117,0.00,28.5,38.0,28.7
2026-08-23 22:53:00,29.2,97,101.02,0.00,117,0.17,28.5,38.0,28.7
2026-08-23 23:03:00,29.2,97,101.03,0.00,117,0.00,28.5,38.0,28.7
2026-08-23 23:13:00,29.1,97,101.02,0.00,117,0.00,28.4,37.9,28.6
2026-08-23 23:23:00,29.1,97,101.03,0.00,117,0.00,28.4,37.9,28.6
2026-08-23 23:33:00,29.2,97,101.05,0.00,117,0.00,28.5,38.0,28.7
2026-08-23 23:43:00,29.1,97,101.04,0.00,118,0.20,28.4,37.9,28.6
2026-08-23 23:53:00,29.1,97,101.04,0.00,120,0.16,28.4,37.9,28.6
2026-08-24 00:03:00,29.1,98,101.05,0.00,120,0.00,28.6,38.0,28.7
2026-08-24 00:13:00,29.1,98,101.03,0.00,114,0.00,28.6,38.0,28.7
2026-08-24 00:23:00,29.1,98,101.03,0.00,121,0.00,28.6,38.0,28.7
2026-08-24 00:33:00,29.1,98,101.02,0.00,125,0.00,28.6,38.0,28.7
2026-08-24 00:43:00,29.1,98,101.02,0.00,124,0.00,28.6,38.0,28.7
2026-08-24 00:53:00,29.1,98,101.02,0.00,124,0.00,28.6,38.0,28.7
2026-08-24 01:03:00,29.1,98,101.01,0.00,125,0.00,28.6,38.0,28.7
2026-08-24 01:13:00,29.0,98,101.00,0.00,123,0.00,28.5,37.8,28.6
2026-08-24 01:23:00,28.9,98,100.99,0.00,125,0.00,28.4,37.6,28.5
2026-08-24 01:33:00,28.8,98,100.99,0.00,125,0.00,28.3,37.5,28.4
2026-08-24 01:43:00,28.7,98,100.99,0.00,125,0.00,28.2,37.3,28.3
2026-08-24 01:53:00,28.7,98,100.98,0.00,127,0.00,28.2,37.3,28.3
2026-08-24 02:03:00,28.7,97,100.97,0.00,127,0.00,28.0,37.2,28.2
2026-08-24 02:13:00,28.7,97,100.97,0.00,127,0.00,28.0,37.2,28.2
2026-08-24 02:23:00,28.7,97,100.96,0.00,128,0.00,28.0,37.2,28.2
2026-08-24 02:33:00,28.7,97,100.96,0.00,127,0.11,28.0,37.2,28.2
2026-08-24 02:43:00,28.7,97,100.95,0.00,124,0.20,28.0,37.2,28.2
2026-08-24 02:53:00,28.7,97,100.96,0.00,125,0.00,28.0,37.2,28.2
2026-08-24 03:03:00,28.7,97,100.94,0.00,126,0.00,28.0,37.2,28.2
2026-08-24 03:13:00,28.7,97,100.94,0.00,126,0.00,28.0,37.2,28.2
2026-08-24 03:23:00,28.7,97,100.95,0.00,125,0.00,28.0,37.2,28.2
2026-08-24 03:33:00,28.6,97,100.95,0.00,126,0.00,27.9,37.0,28.1
2026-08-24 03:43:00,28.7,97,100.95,0.00,125,0.19,28.0,37.2,28.2
2026-08-24 03:53:00,28.7,97,100.96,0.00,121,0.00,28.0,37.2,28.2
2026-08-24 04:03:00,28.6,97,100.95,0.00,122,0.00,27.9,37.0,28.1
2026-08-24 04:13:00,28.7,97,100.95,0.00,121,0.00,28.0,37.2,28.2
2026-08-24 04:23:00,28.7,97,100.95,0.00,120,0.00,28.0,37.2,28.2
2026-08-24 04:33:00,28.7,97,100.95,0.00,120,0.24,28.0,37.2,28.2
2026-08-24 04:43:00,28.7,97,100.96,0.00,120,0.00,28.0,37.2,28.2
2026-08-24 04:53:00,28.7,97,100.97,0.00,120,0.00,28.0,37.2,28.2
2026-08-24 05:03:00,28.7,97,100.96,0.00,121,0.00,28.0,37.2,28.2
2026-08-24 05:13:00,28.8,97,100.96,0.00,118,0.15,28.1,37.3,28.3
2026-08-24 05:23:00,28.7,97,100.97,0.00,118,0.00,28.0,37.2,28.2
2026-08-24 05:33:00,28.7,97,100.97,0.00,118,0.26,28.0,37.2,28.2
2026-08-24 05:43:00,28.7,97,100.99,0.00,118,0.00,28.0,37.2,28.2
2026-08-24 05:53:00,28.7,97,101.00,0.00,119,0.00,28.0,37.2,28.2
2026-08-24 06:03:00,28.8,97,101.01,0.00,116,0.00,28.1,37.3,28.3
2026-08-24 06:13:00,28.8,97,101.01,0.00,118,0.13,28.1,37.3,28.3
2026-08-24 06:23:00,28.8,97,101.03,0.00,113,0.00,28.1,37.3,28.3
2026-08-24 06:33:00,29.0,97,101.04,0.00,115,0.00,28.3,37.7,28.5
2026-08-24 06:43:00,29.1,96,101.05,0.00,118,0.17,28.2,37.7,28.5
2026-08-24 06:53:00,29.3,96,101.06,0.00,118,0.11,28.4,38.1,28.7
2026-08-24 07:03:00,29.4,96,101.06,0.00,126,0.19,28.5,38.2,28.8
2026-08-24 07:13:00,29.3,96,101.07,0.00,129,0.00,28.4,38.1,28.7
2026-08-24 07:23:00,29.3,96,101.07,0.00,129,0.00,28.4,38.1,28.7
2026-08-24 07:33:00,29.5,96,101.07,0.00,132,0.00,28.6,38.4,28.9
2026-08-24 07:43:00,29.6,95,101.07,0.00,134,0.00,28.5,38.5,28.8
2026-08-24 07:53:00,29.7,95,101.06,0.00,139,0.00,28.6,38.6,28.9
2026-08-24 08:03:00,29.7,94,101.08,0.00,142,0.20,28.4,38.5,28.8
2026-08-24 08:13:00,30.3,90,101.09,0.00,135,0.19,28.3,39.0,28.8
2026-08-24 08:23:00,30.5,88,101.10,0.00,133,0.00,28.1,39.0,28.7
2026-08-24 08:33:00,30.4,89,101.11,0.00,130,0.00,28.2,39.0,28.7
2026-08-24 08:43:00,30.9,88,101.10,0.00,123,0.00,28.5,39.7,29.1
2026-08-24 08:53:00,31.2,85,101.11,0.00,121,0.00,28.2,39.8,28.9
2026-08-24 09:03:00,31.4,84,101.12,0.00,142,0.00,28.2,40.0,28.9
2026-08-24 09:13:00,31.2,87,101.11,0.00,127,0.00,28.6,40.1,29.2
2026-08-24 09:23:00,31.5,84,101.12,0.00,117,0.00,28.3,40.2,29.0
2026-08-24 09:33:00,31.7,82,101.11,0.00,100,0.00,28.0,40.2,28.9
2026-08-24 09:43:00,31.8,81,101.12,0.00,100,0.00,27.9,40.2,28.9
2026-08-24 09:53:00,32.1,79,101.11,0.00,102,0.00,27.8,40.4,28.8
2026-08-24 10:03:00,31.9,82,101.12,0.00,97,0.00,28.2,40.5,29.1
2026-08-24 10:13:00,32.4,78,101.11,0.00,96,0.00,27.8,40.8,29.0
2026-08-24 10:23:00,32.6,74,101.10,0.00,98,0.00,26.9,40.3,28.3
2026-08-24 10:33:00,32.9,74,101.10,0.00,94,0.00,27.2,40.8,28.6
2026-08-24 10:43:00,32.9,79,101.11,0.00,95,0.00,28.3,41.6,29.4
2026-08-24 10:53:00,32.6,78,101.11,0.00,88,0.00,27.8,40.9,29.0
2026-08-24 11:03:00,33.0,75,101.10,0.00,86,0.00,27.5,41.1,28.9
2026-08-24 11:13:00,32.7,74,101.07,0.00,88,0.00,27.0,40.4,28.4
2026-08-24 11:23:00,33.5,73,101.07,0.00,86,1.10,27.5,41.6,29.0
2026-08-24 11:33:00,33.4,73,101.07,0.00,81,0.24,27.4,41.4,28.9
2026-08-24 11:43:00,33.7,70,101.06,0.00,75,0.00,27.0,41.4,28.7
2026-08-24 11:53:00,33.4,72,101.07,0.00,72,0.24,27.2,41.3,28.8
2026-08-24 12:03:00,33.7,71,101.05,0.00,73,0.00,27.2,41.6,28.9
2026-08-24 12:13:00,33.3,72,101.03,0.00,73,0.00,27.1,41.1,28.7
2026-08-24 12:23:00,33.0,73,101.03,0.00,79,0.00,27.0,40.8,28.6
2026-08-24 12:33:00,33.1,73,101.02,0.00,78,0.24,27.1,40.9,28.6
2026-08-24 12:43:00,33.6,72,101.02,0.00,71,0.42,27.4,41.6,28.9
2026-08-24 12:53:00,33.9,72,101.01,0.00,69,0.18,27.6,42.1,29.2
2026-08-24 13:03:00,34.2,70,101.00,0.00,66,0.20,27.4,42.3,29.2
2026-08-24 13:13:00,34.6,70,101.00,0.00,65,0.00,27.8,42.9,29.5
2026-08-24 13:23:00,34.4,70,100.99,0.00,65,0.00,27.6,42.6,29.4
2026-08-24 13:33:00,34.3,71,100.98,0.00,66,0.00,27.8,42.6,29.4
2026-08-24 13:43:00,34.1,73,100.98,0.00,71,0.00,28.1,42.6,29.6
2026-08-24 13:53:00,33.6,77,100.98,0.00,71,0.00,28.5,42.5,29.8
2026-08-24 14:03:00,33.9,75,100.95,0.00,66,0.00,28.4,42.6,29.7
2026-08-24 14:13:00,33.4,72,100.95,0.00,66,0.20,27.2,41.3,28.8
2026-08-24 14:23:00,33.8,73,100.94,0.00,68,0.00,27.8,42.1,29.3
2026-08-24 14:33:00,33.1,70,100.94,0.00,68,0.00,26.4,40.4,28.2
2026-08-24 14:43:00,33.7,71,100.94,0.00,68,0.00,27.2,41.6,28.9
2026-08-24 14:53:00,33.3,73,100.93,0.00,66,0.00,27.3,41.3,28.8
2026-08-24 15:03:00,33.4,71,100.93,0.00,66,0.00,26.9,41.1,28.6
2026-08-24 15:13:00,33.1,70,100.92,0.00,66,0.00,26.4,40.4,28.2
2026-08-24 15:23:00,32.4,74,100.91,0.00,68,0.00,26.7,39.9,28.2
2026-08-24 15:33:00,32.6,74,100.91,0.00,68,0.00,26.9,40.3,28.3
2026-08-24 15:43:00,32.5,76,100.91,0.00,70,0.00,27.5,40.6,28.7
2026-08-24 15:53:00,32.3,76,100.93,0.00,71,0.00,27.3,40.3,28.5
2026-08-24 16:03:00,31.8,79,100.92,0.00,72,0.00,27.5,39.9,28.5
2026-08-24 16:13:00,32.1,81,100.93,0.00,73,0.00,28.2,40.7,29.1
2026-08-24 16:23:00,32.0,81,100.93,0.00,73,0.00,28.1,40.5,29.0
2026-08-24 16:33:00,31.9,82,100.93,0.00,75,0.00,28.2,40.5,29.1
2026-08-24 16:43:00,31.8,81,100.94,0.00,76,0.00,27.9,40.2,28.9
2026-08-24 16:53:00,31.8,84,100.95,0.00,78,0.00,28.5,40.7,29.3
2026-08-24 17:03:00,31.6,85,100.96,0.00,79,0.00,28.6,40.5,29.3
2026-08-24 17:13:00,31.2,85,100.97,0.00,78,0.00,28.2,39.8,28.9
2026-08-24 17:23:00,31.1,87,100.97,0.00,79,0.00,28.5,39.9,29.1
2026-08-24 17:33:00,30.8,87,100.98,0.00,79,0.00,28.2,39.4,28.8
2026-08-24 17:43:00,30.8,87,100.97,0.00,78,0.00,28.2,39.4,28.8
2026-08-24 17:53:00,29.8,94,100.71,0.00,146,0.00,28.5,38.7,28.9
2026-08-24 18:03:00,29.7,94,100.71,0.00,167,0.00,28.4,38.5,28.8
2026-08-24 18:13:00,29.6,94,100.72,0.00,128,0.00,28.3,38.3,28.7
2026-08-24 18:23:00,29.9,94,100.73,0.00,107,0.00,28.6,38.8,29.0
2026-08-24 18:33:00,30.0,93,100.74,0.00,105,0.00,28.6,38.9,28.9
2026-08-24 18:43:00,30.0,93,100.75,0.00,108,0.00,28.6,38.9,28.9
2026-08-24 18:53:00,30.1,93,100.74,0.00,109,0.00,28.7,39.0,29.0
2026-08-24 19:03:00,30.1,93,100.76,0.00,104,0.00,28.7,39.0,29.0
2026-08-24 19:13:00,30.1,93,100.77,0.00,101,0.00,28.7,39.0,29.0
2026-08-24 19:23:00,29.9,94,100.64,0.00,172,0.00,28.6,38.8,29.0
2026-08-24 19:33:00,31.2,87,100.58,0.00,167,0.00,28.6,40.1,29.2
2026-08-24 19:43:00,31.7,84,100.59,0.00,159,0.29,28.4,40.5,29.2
2026-08-24 19:53:00,31.4,84,100.58,0.00,162,0.10,28.2,40.0,28.9
2026-08-24 20:03:00,31.6,85,100.59,0.00,162,0.00,28.6,40.5,29.3
2026-08-24 20:13:00,32.8,83,100.59,0.00,154,0.13,29.1,42.1,30.0
2026-08-24 20:23:00,32.0,83,100.56,0.00,154,0.21,28.5,40.9,29.4
2026-08-24 20:33:00,29.4,95,101.16,0.00,123,0.00,28.3,38.1,28.6
2026-08-24 20:43:00,29.3,95,101.17,0.00,139,0.00,28.2,37.9,28.5
2026-08-24 20:53:00,29.3,96,101.18,0.00,123,0.00,28.4,38.1,28.7
2026-08-24 21:03:00,29.4,96,101.17,0.00,124,0.00,28.5,38.2,28.8
2026-08-24 21:13:00,29.5,96,101.19,0.00,122,0.00,28.6,38.4,28.9
2026-08-24 21:23:00,29.6,96,101.19,0.00,119,0.00,28.7,38.6,29.0
2026-08-24 21:33:00,29.6,96,101.19,0.00,120,0.00,28.7,38.6,29.0
2026-08-24 21:43:00,29.6,96,101.19,0.00,118,0.00,28.7,38.6,29.0
2026-08-24 21:53:00,29.6,96,101.19,0.00,116,0.00,28.7,38.6,29.0
2026-08-24 22:03:00,29.6,97,101.19,0.00,121,0.00,28.9,38.7,29.1
2026-08-24 22:13:00,29.6,97,101.19,0.00,123,0.00,28.9,38.7,29.1
2026-08-24 22:23:00,29.5,97,101.19,0.00,115,0.00,28.8,38.6,29.0
2026-08-24 22:33:00,29.4,97,101.19,0.00,115,0.00,28.7,38.4,28.9
2026-08-24 22:43:00,29.4,97,101.20,0.00,124,0.00,28.7,38.4,28.9
2026-08-24 22:53:00,29.3,97,101.20,0.00,127,0.00,28.6,38.2,28.8
2026-08-24 23:03:00,29.3,97,101.19,0.00,128,0.00,28.6,38.2,28.8
2026-08-24 23:13:00,29.3,97,101.20,0.00,126,0.00,28.6,38.2,28.8
2026-08-24 23:23:00,29.3,97,101.20,0.00,127,0.00,28.6,38.2,28.8
2026-08-24 23:33:00,29.2,97,101.20,0.00,133,0.00,28.5,38.0,28.7
2026-08-24 23:43:00,29.2,97,101.18,0.00,133,0.00,28.5,38.0,28.7
2026-08-24 23:53:00,29.1,97,101.18,0.00,133,0.00,28.4,37.9,28.6
2026-08-25 00:03:00,29.1,97,101.17,0.00,130,0.00,28.4,37.9,28.6
2026-08-25 00:13:00,29.1,97,101.16,0.00,123,0.00,28.4,37.9,28.6
2026-08-25 00:23:00,29.1,97,101.16,0.00,125,0.00,28.4,37.9,28.6
2026-08-25 00:33:00,29.0,97,101.15,0.00,130,0.00,28.3,37.7,28.5
2026-08-25 00:43:00,29.0,96,101.13,0.00,131,0.00,28.1,37.6,28.4
2026-08-25 00:53:00,29.0,96,101.11,0.00,129,0.00,28.1,37.6,28.4
2026-08-25 01:03:00,28.9,96,101.09,0.00,126,0.00,28.0,37.4,28.3
2026-08-25 01:13:00,28.9,96,101.08,0.00,129,0.00,28.0,37.4,28.3
2026-08-25 01:23:00,28.9,96,101.07,0.00,128,0.00,28.0,37.4,28.3
2026-08-25 01:33:00,28.8,96,101.06,0.00,130,0.00,27.9,37.2,28.2
2026-08-25 01:43:00,28.8,96,101.05,0.00,152,0.00,27.9,37.2,28.2
2026-08-25 01:53:00,28.8,96,101.05,0.00,152,0.00,27.9,37.2,28.2
2026-08-25 02:03:00,28.8,96,101.06,0.00,152,0.00,27.9,37.2,28.2
2026-08-25 02:13:00,28.7,97,101.06,0.00,152,0.00,28.0,37.2,28.2
2026-08-25 02:23:00,28.7,97,101.08,0.00,152,0.00,28.0,37.2,28.2
2026-08-25 02:33:00,28.8,97,101.06,0.00,150,0.00,28.1,37.3,28.3
2026-08-25 02:43:00,28.8,97,101.07,0.00,153,0.00,28.1,37.3,28.3
2026-08-25 02:53:00,28.8,97,101.07,0.00,152,0.00,28.1,37.3,28.3
2026-08-25 03:03:00,28.8,97,101.06,0.00,151,0.00,28.1,37.3,28.3
2026-08-25 03:13:00,28.8,97,101.05,0.00,151,0.00,28.1,37.3,28.3
2026-08-25 03:23:00,28.8,97,101.05,0.00,152,0.00,28.1,37.3,28.3
2026-08-25 03:33:00,28.8,97,101.06,0.00,152,0.00,28.1,37.3,28.3
2026-08-25 03:43:00,28.7,97,101.05,0.00,153,0.00,28.0,37.2,28.2
2026-08-25 03:53:00,28.7,97,101.06,0.00,153,0.00,28.0,37.2,28.2
2026-08-25 04:03:00,28.7,97,101.06,0.00,155,0.00,28.0,37.2,28.2
2026-08-25 04:13:00,28.6,97,101.04,0.00,152,0.00,27.9,37.0,28.1
2026-08-25 04:23:00,28.6,97,101.04,0.00,153,0.00,27.9,37.0,28.1
2026-08-25 04:33:00,28.7,97,101.04,0.00,154,0.00,28.0,37.2,28.2
2026-08-25 04:43:00,28.6,97,101.05,0.00,155,0.00,27.9,37.0,28.1
2026-08-25 04:53:00,28.5,97,101.06,0.00,155,0.00,27.8,36.8,28.0
2026-08-25 05:03:00,28.5,97,101.07,0.00,155,0.00,27.8,36.8,28.0
2026-08-25 05:13:00,28.5,97,101.06,0.00,155,0.00,27.8,36.8,28.0
2026-08-25 05:23:00,28.5,97,101.08,0.00,155,0.00,27.8,36.8,28.0
2026-08-25 05:33:00,28.6,97,101.09,0.00,156,0.00,27.9,37.0,28.1
2026-08-25 05:43:00,28.6,97,101.11,0.00,157,0.00,27.9,37.0,28.1
2026-08-25 05:53:00,28.6,97,101.12,0.00,158,0.11,27.9,37.0,28.1
2026-08-25 06:03:00,28.7,97,101.12,0.00,156,0.00,28.0,37.2,28.2
2026-08-25 06:13:00,28.8,97,101.13,0.00,155,0.12,28.1,37.3,28.3
2026-08-25 06:23:00,29.0,97,101.12,0.00,155,0.14,28.3,37.7,28.5
2026-08-25 06:33:00,29.2,97,101.13,0.00,152,0.00,28.5,38.0,28.7
2026-08-25 06:43:00,29.5,97,101.13,0.00,123,0.14,28.8,38.6,29.0
2026-08-25 06:53:00,29.5,96,101.13,0.00,127,0.00,28.6,38.4,28.9
2026-08-25 07:03:00,29.6,96,101.14,0.00,133,0.19,28.7,38.6,29.0
2026-08-25 07:13:00,29.8,95,101.13,0.00,132,0.17,28.7,38.8,29.0
2026-08-25 07:23:00,29.9,95,101.15,0.00,131,0.17,28.8,39.0,29.1
2026-08-25 07:33:00,30.2,93,101.16,0.00,129,0.00,28.8,39.2,29.1
2026-08-25 07:43:00,30.3,90,101.15,0.00,105,0.00,28.3,39.0,28.8
2026-08-25 07:53:00,30.6,89,101.16,0.00,113,0.00,28.4,39.3,28.9
2026-08-25 08:03:00,31.2,87,101.17,0.00,109,0.00,28.6,40.1,29.2
2026-08-25 08:13:00,31.2,85,101.18,0.00,106,0.00,28.2,39.8,28.9
2026-08-25 08:23:00,31.1,84,101.19,0.00,108,0.00,27.9,39.5,28.6
2026-08-25 08:33:00,30.4,87,101.18,0.00,141,0.00,27.8,38.7,28.4
2026-08-25 08:43:00,29.9,90,101.18,0.00,146,0.00,27.9,38.3,28.4
2026-08-25 08:53:00,30.1,89,101.20,0.00,149,0.00,27.9,38.5,28.4
2026-08-25 09:03:00,30.1,90,101.21,0.00,134,0.00,28.1,38.6,28.6
2026-08-25 09:13:00,29.9,90,101.20,0.00,129,0.00,27.9,38.3,28.4
2026-08-25 09:23:00,29.7,92,101.22,0.00,152,0.00,28.1,38.2,28.5
2026-08-25 09:33:00,29.5,94,101.22,0.00,120,0.00,28.2,38.1,28.6
2026-08-25 09:43:00,29.2,94,101.21,0.00,153,0.00,27.9,37.6,28.3
2026-08-25 09:53:00,29.9,92,101.19,0.00,125,0.00,28.3,38.6,28.7
2026-08-25 10:03:00,32.0,84,101.19,0.00,123,0.22,28.7,41.0,29.5
2026-08-25 10:13:00,31.2,83,101.19,0.00,131,0.00,27.8,39.5,28.6
2026-08-25 10:23:00,31.1,85,101.17,0.00,116,0.00,28.1,39.6,28.8
2026-08-25 10:33:00,31.2,82,101.16,0.00,107,0.20,27.5,39.3,28.4
2026-08-25 10:43:00,32.1,73,101.15,0.00,109,0.13,26.4,39.5,27.9
2026-08-25 10:53:00,32.5,76,101.14,0.00,95,0.34,27.3,40.4,28.6
2026-08-25 11:03:00,32.0,72,101.13,0.00,108,0.00,26.1,39.1,27.6
2026-08-25 11:13:00,31.8,77,101.12,0.00,107,0.00,27.0,39.6,28.2
2026-08-25 11:23:00,31.6,78,101.12,0.00,105,0.00,27.1,39.4,28.2
2026-08-25 11:33:00,31.5,78,101.10,0.00,99,0.00,27.0,39.2,28.1
2026-08-25 11:43:00,32.4,76,101.08,0.00,93,0.36,27.2,40.3,28.5
2026-08-25 11:53:00,33.0,73,101.06,0.00,86,1.30,27.0,40.8,28.6
2026-08-25 12:03:00,32.5,70,101.06,0.00,83,0.55,26.1,39.6,27.8
2026-08-25 12:13:00,32.7,72,101.06,0.00,85,0.00,26.7,40.3,28.3
2026-08-25 12:23:00,32.9,71,101.05,0.00,76,1.38,26.4,40.3,28.1
2026-08-25 12:33:00,33.3,68,101.04,0.00,69,0.21,26.1,40.4,28.0
2026-08-25 12:43:00,33.2,68,101.01,0.00,68,0.11,26.0,40.3,27.9
2026-08-25 12:53:00,33.3,70,101.02,0.00,68,0.00,26.6,40.8,28.3
2026-08-25 13:03:00,33.4,69,101.01,0.00,69,0.87,26.4,40.8,28.3
2026-08-25 13:13:00,33.2,70,101.02,0.00,69,0.00,26.5,40.6,28.2
2026-08-25 13:23:00,32.9,72,101.01,0.00,68,0.00,26.7,40.4,28.3
2026-08-25 13:33:00,33.2,71,101.00,0.00,69,0.00,26.7,40.8,28.4
2026-08-25 13:43:00,32.6,74,101.01,0.00,72,0.00,26.9,40.3,28.3
2026-08-25 13:53:00,32.4,74,101.01,0.00,70,0.40,26.7,39.9,28.2
2026-08-25 14:03:00,32.9,72,101.01,0.00,66,0.20,26.7,40.4,28.3
2026-08-25 14:13:00,32.9,71,101.00,0.00,64,0.00,26.4,40.3,28.1
2026-08-25 14:23:00,33.1,65,100.99,0.00,66,0.00,25.1,39.6,27.3
2026-08-25 14:33:00,32.8,70,100.98,0.00,66,0.00,26.1,40.0,27.9
2026-08-25 14:43:00,33.1,68,100.98,0.00,68,0.00,25.9,40.1,27.8
2026-08-25 14:53:00,32.3,70,100.98,0.00,72,0.00,25.9,39.3,27.6
2026-08-25 15:03:00,32.3,72,100.99,0.00,69,0.00,26.4,39.6,27.9
2026-08-25 15:13:00,32.5,70,100.98,0.00,70,0.00,25.8,39.5,27.6
2026-08-25 15:23:00,32.3,72,100.98,0.00,73,0.00,26.1,39.5,27.7
2026-08-25 15:33:00,31.8,72,100.98,0.00,73,0.00,25.9,38.8,27.4
2026-08-25 15:43:00,31.8,71,100.96,0.00,70,0.00,25.6,38.7,27.3
2026-08-25 15:53:00,31.9,71,100.95,0.00,71,0.00,25.7,38.8,27.4
2026-08-25 16:03:00,31.2,72,100.96,0.00,69,0.00,25.3,37.8,26.9
2026-08-25 16:13:00,30.8,77,100.96,0.00,76,0.00,26.1,37.9,27.3
2026-08-25 16:23:00,31.0,79,100.95,0.00,76,0.00,26.7,38.6,27.8
2026-08-25 16:33:00,30.9,78,100.95,0.00,80,0.00,26.4,38.2,27.5
2026-08-25 16:43:00,30.8,78,100.95,0.00,76,0.00,26.3,38.1,27.4
2026-08-25 16:53:00,30.8,79,100.95,0.00,76,0.00,26.5,38.2,27.6
2026-08-25 17:03:00,30.6,78,100.96,0.00,75,0.00,26.1,37.8,27.2
2026-08-25 17:13:00,30.4,83,100.97,0.00,76,0.00,27.0,38.1,27.8
2026-08-25 17:23:00,30.3,82,100.98,0.00,76,0.00,26.7,37.8,27.6
2026-08-25 17:33:00,30.1,84,101.00,0.00,87,0.00,26.9,37.8,27.7
2026-08-25 17:43:00,30.0,84,101.01,0.00,83,0.00,26.8,37.6,27.6
2026-08-25 17:53:00,30.0,85,101.01,0.00,78,0.00,27.0,37.8,27.7
2026-08-25 18:03:00,29.8,90,101.02,0.00,96,0.00,27.8,38.1,28.3
2026-08-25 18:13:00,29.7,91,101.02,0.00,100,0.13,27.9,38.1,28.3
2026-08-25 18:23:00,29.7,92,101.04,0.00,105,0.00,28.1,38.2,28.5
2026-08-25 18:33:00,29.7,92,101.05,0.00,106,0.00,28.1,38.2,28.5
2026-08-25 18:43:00,29.5,94,101.06,0.00,116,0.00,28.2,38.1,28.6
2026-08-25 18:53:00,29.4,94,101.06,0.00,98,0.00,28.1,38.0,28.5
2026-08-25 19:03:00,29.4,92,101.07,0.00,90,0.00,27.8,37.7,28.2
2026-08-25 19:13:00,29.4,91,101.08,0.00,91,0.00,27.6,37.6,28.0
2026-08-25 19:23:00,29.3,94,101.10,0.00,92,0.00,28.0,37.8,28.4
2026-08-25 19:33:00,29.4,94,101.12,0.00,91,0.00,28.1,38.0,28.5
2026-08-25 19:43:00,29.3,95,101.15,0.00,87,0.00,28.2,37.9,28.5
2026-08-25 19:53:00,29.3,95,101.15,0.00,95,0.00,28.2,37.9,28.5
2026-08-25 20:03:00,29.3,95,101.15,0.00,136,0.00,28.2,37.9,28.5
2026-08-25 20:13:00,29.3,95,101.16,0.00,140,0.00,28.2,37.9,28.5
2026-08-25 20:23:00,29.2,96,101.15,0.00,137,0.00,28.3,37.9,28.6
2026-08-25 20:33:00,29.2,96,101.14,0.00,145,0.00,28.3,37.9,28.6
2026-08-25 20:43:00,29.2,96,101.11,0.00,140,0.00,28.3,37.9,28.6
2026-08-25 20:53:00,29.2,96,101.11,0.00,144,0.00,28.3,37.9,28.6
2026-08-25 21:03:00,29.1,97,101.11,0.00,142,0.00,28.4,37.9,28.6
2026-08-25 21:13:00,29.3,97,101.12,0.00,135,0.00,28.6,38.2,28.8
2026-08-25 21:23:00,29.2,97,101.11,0.00,134,0.00,28.5,38.0,28.7
2026-08-25 21:33:00,29.2,97,101.11,0.00,138,0.00,28.5,38.0,28.7
2026-08-25 21:43:00,29.2,97,101.10,0.00,127,0.00,28.5,38.0,28.7
2026-08-25 21:53:00,29.2,97,101.07,0.00,141,0.00,28.5,38.0,28.7
2026-08-25 22:03:00,29.1,97,101.07,0.00,147,0.00,28.4,37.9,28.6
2026-08-25 22:13:00,29.1,97,101.05,0.00,150,0.00,28.4,37.9,28.6
2026-08-25 22:23:00,29.1,97,101.06,0.00,149,0.00,28.4,37.9,28.6
2026-08-25 22:33:00,29.2,97,101.05,0.00,148,0.00,28.5,38.0,28.7
2026-08-25 22:43:00,29.2,97,101.03,0.00,149,0.00,28.5,38.0,28.7
2026-08-25 22:53:00,29.2,97,101.01,0.00,149,0.00,28.5,38.0,28.7
2026-08-25 23:03:00,29.2,97,101.00,0.00,149,0.00,28.5,38.0,28.7
2026-08-25 23:13:00,29.1,97,101.01,0.00,151,0.00,28.4,37.9,28.6
2026-08-25 23:23:00,29.0,97,101.01,0.00,153,0.00,28.3,37.7,28.5
2026-08-25 23:33:00,29.0,97,101.01,0.00,154,0.00,28.3,37.7,28.5
2026-08-25 23:43:00,28.9,97,100.98,0.00,156,0.00,28.2,37.5,28.4
2026-08-25 23:53:00,28.9,97,100.98,0.00,157,0.00,28.2,37.5,28.4
2026-08-26 00:03:00,28.8,97,100.99,0.00,155,0.00,28.1,37.3,28.3
2026-08-26 00:13:00,28.8,97,100.97,0.00,155,0.00,28.1,37.3,28.3
2026-08-26 00:23:00,28.8,97,100.97,0.00,155,0.00,28.1,37.3,28.3
2026-08-26 00:33:00,28.8,97,100.96,0.00,155,0.00,28.1,37.3,28.3
2026-08-26 00:43:00,28.8,97,100.94,0.00,155,0.00,28.1,37.3,28.3
2026-08-26 00:53:00,28.8,97,100.94,0.00,154,0.00,28.1,37.3,28.3
2026-08-26 01:03:00,28.7,97,100.92,0.00,154,0.00,28.0,37.2,28.2
2026-08-26 01:13:00,28.7,97,100.92,0.00,155,0.00,28.0,37.2,28.2
2026-08-26 01:23:00,28.7,97,100.91,0.00,154,0.00,28.0,37.2,28.2
2026-08-26 01:33:00,28.7,97,100.89,0.00,153,0.00,28.0,37.2,28.2
2026-08-26 01:43:00,28.7,97,100.89,0.00,152,0.00,28.0,37.2,28.2
2026-08-26 01:53:00,28.7,97,100.89,0.00,152,0.00,28.0,37.2,28.2
2026-08-26 02:03:00,28.8,97,100.88,0.00,153,0.00,28.1,37.3,28.3
2026-08-26 02:13:00,28.7,97,100.86,0.00,153,0.00,28.0,37.2,28.2
2026-08-26 02:23:00,28.7,97,100.86,0.00,153,0.00,28.0,37.2,28.2
2026-08-26 02:33:00,28.7,97,100.85,0.00,153,0.00,28.0,37.2,28.2
2026-08-26 02:43:00,28.7,97,100.85,0.00,152,0.00,28.0,37.2,28.2
2026-08-26 02:53:00,28.7,97,100.87,0.00,153,0.00,28.0,37.2,28.2
2026-08-26 03:03:00,28.7,97,100.87,0.00,153,0.00,28.0,37.2,28.2
2026-08-26 03:13:00,28.7,97,100.86,0.00,155,0.00,28.0,37.2,28.2
2026-08-26 03:23:00,28.7,97,100.85,0.00,154,0.00,28.0,37.2,28.2
2026-08-26 03:33:00,28.7,97,100.84,0.00,155,0.00,28.0,37.2,28.2
2026-08-26 03:43:00,28.6,98,100.83,0.00,155,0.00,28.1,37.1,28.2
2026-08-26 03:53:00,28.7,98,100.83,0.00,157,0.00,28.2,37.3,28.3
2026-08-26 04:03:00,28.6,98,100.84,0.00,155,0.00,28.1,37.1,28.2
2026-08-26 04:13:00,28.6,98,100.83,0.00,156,0.00,28.1,37.1,28.2
2026-08-26 04:23:00,28.6,98,100.85,0.00,158,0.00,28.1,37.1,28.2
2026-08-26 04:33:00,28.5,98,100.85,0.00,157,0.00,28.0,37.0,28.1
2026-08-26 04:43:00,28.5,98,100.84,0.00,157,0.00,28.0,37.0,28.1
2026-08-26 04:53:00,28.6,98,100.85,0.00,155,0.00,28.1,37.1,28.2
2026-08-26 05:03:00,28.6,98,100.84,0.00,155,0.00,28.1,37.1,28.2
2026-08-26 05:13:00,28.7,98,100.84,0.00,156,0.00,28.2,37.3,28.3
2026-08-26 05:23:00,28.7,97,100.84,0.00,154,0.00,28.0,37.2,28.2
2026-08-26 05:33:00,28.8,97,100.84,0.00,154,0.13,28.1,37.3,28.3
2026-08-26 05:43:00,28.9,97,100.85,0.00,154,0.15,28.2,37.5,28.4
2026-08-26 05:53:00,29.0,97,100.85,0.00,154,0.13,28.3,37.7,28.5
2026-08-26 06:03:00,29.0,97,100.88,0.00,151,0.12,28.3,37.7,28.5
2026-08-26 06:13:00,29.2,97,100.89,0.00,150,0.13,28.5,38.0,28.7
2026-08-26 06:23:00,29.4,97,100.89,0.00,146,0.17,28.7,38.4,28.9
2026-08-26 06:33:00,29.7,96,100.88,0.00,140,0.26,28.8,38.8,29.1
2026-08-26 06:43:00,30.0,94,100.88,0.00,140,0.00,28.7,39.0,29.1
2026-08-26 06:53:00,29.9,95,100.89,0.00,138,0.00,28.8,39.0,29.1
2026-08-26 07:03:00,30.0,94,100.90,0.00,137,0.00,28.7,39.0,29.1
2026-08-26 07:13:00,30.3,94,100.91,0.00,134,0.00,29.0,39.5,29.4
2026-08-26 07:23:00,30.6,93,100.89,0.00,126,0.27,29.1,39.9,29.5
2026-08-26 07:33:00,30.9,91,100.90,0.00,117,0.24,29.1,40.2,29.5
2026-08-26 07:43:00,31.5,89,100.90,0.00,154,0.00,29.3,40.9,29.8
2026-08-26 07:53:00,30.4,91,100.91,0.00,159,0.00,28.6,39.3,29.0
2026-08-26 08:03:00,30.1,93,100.91,0.00,164,0.00,28.7,39.0,29.0
2026-08-26 08:13:00,30.3,91,100.92,0.00,144,0.11,28.5,39.1,28.9
2026-08-26 08:23:00,31.1,88,100.92,0.00,146,0.00,28.7,40.1,29.3
2026-08-26 08:33:00,30.9,89,100.92,0.00,142,0.00,28.7,39.9,29.2
2026-08-26 08:43:00,30.8,88,100.92,0.00,136,0.00,28.4,39.5,29.0
2026-08-26 08:53:00,31.5,85,100.91,0.00,122,0.34,28.5,40.3,29.2
2026-08-26 09:03:00,32.0,83,100.91,0.00,120,0.14,28.5,40.9,29.4
2026-08-26 09:13:00,32.6,84,100.90,0.00,127,0.00,29.1,41.9,29.9
2026-08-26 09:23:00,32.0,84,100.88,0.00,122,0.00,28.7,41.0,29.5
2026-08-26 09:33:00,32.0,82,100.88,0.00,107,0.00,28.3,40.7,29.2
2026-08-26 09:43:00,33.2,79,100.88,0.00,115,0.00,28.6,42.1,29.7
2026-08-26 09:53:00,32.5,80,100.88,0.00,99,0.00,28.2,41.1,29.2
2026-08-26 10:03:00,33.5,75,100.87,0.00,124,0.00,28.0,42.0,29.4
2026-08-26 10:13:00,31.9,83,100.86,0.00,120,0.00,28.4,40.7,29.3
2026-08-26 10:23:00,32.1,83,100.86,0.00,131,0.00,28.6,41.0,29.5
2026-08-26 10:33:00,31.9,85,100.83,0.00,122,0.00,28.9,41.0,29.6
2026-08-26 10:43:00,32.0,85,100.84,0.00,109,0.00,28.9,41.2,29.7
2026-08-26 10:53:00,32.8,80,100.83,0.00,111,0.00,28.4,41.6,29.5
2026-08-26 11:03:00,33.3,77,100.82,0.00,112,0.00,28.3,42.0,29.5
2026-08-26 11:13:00,31.9,78,100.79,0.00,95,0.00,27.4,39.9,28.5
2026-08-26 11:23:00,32.3,78,100.79,0.00,90,0.00,27.5,40.4,28.7
2026-08-26 11:33:00,32.1,75,100.79,0.00,90,0.00,26.9,39.8,28.2
2026-08-26 11:43:00,31.9,76,100.79,0.00,99,0.00,26.9,39.6,28.2
2026-08-26 11:53:00,31.9,81,100.78,0.00,95,0.00,28.0,40.4,29.0
2026-08-26 12:03:00,32.4,78,100.76,0.00,85,0.00,27.8,40.8,29.0
2026-08-26 12:13:00,33.1,76,100.75,0.00,82,0.00,27.8,41.4,29.1
2026-08-26 12:23:00,32.9,80,100.73,0.00,81,0.31,28.5,41.8,29.6
2026-08-26 12:33:00,33.2,78,100.72,0.00,78,0.18,28.4,42.0,29.6
2026-08-26 12:43:00,33.0,79,100.69,0.00,76,0.13,28.4,41.8,29.5
2026-08-26 12:53:00,33.5,76,100.67,0.00,70,0.00,28.2,42.1,29.5
2026-08-26 13:03:00,34.1,75,100.66,0.00,67,0.31,28.6,43.0,29.9
2026-08-26 13:13:00,34.3,72,100.64,0.00,65,0.47,28.0,42.8,29.6
2026-08-26 13:23:00,34.3,72,100.63,0.00,63,0.34,28.0,42.8,29.6
2026-08-26 13:33:00,34.5,71,100.63,0.00,62,0.14,28.0,42.9,29.6
2026-08-26 13:43:00,34.8,70,100.62,0.00,62,0.00,28.0,43.3,29.7
2026-08-26 13:53:00,34.8,70,100.61,0.00,61,0.00,28.0,43.3,29.7
2026-08-26 14:03:00,34.8,70,100.62,0.00,52,0.00,28.0,43.3,29.7
2026-08-26 14:13:00,34.7,69,100.61,0.00,52,0.00,27.7,42.9,29.5
2026-08-26 14:23:00,34.5,68,100.61,0.00,52,0.00,27.2,42.4,29.1
2026-08-26 14:33:00,34.5,69,100.61,0.00,52,0.00,27.5,42.6,29.3
2026-08-26 14:43:00,34.4,70,100.60,0.00,52,0.00,27.6,42.6,29.4
2026-08-26 14:53:00,34.2,68,100.62,0.00,52,0.00,26.9,41.9,28.8
2026-08-26 15:03:00,34.2,69,100.61,0.00,52,0.00,27.2,42.1,29.0
2026-08-26 15:13:00,33.7,68,100.59,0.00,52,0.00,26.5,41.1,28.4
2026-08-26 15:23:00,33.5,70,100.59,0.00,52,0.00,26.8,41.1,28.5
2026-08-26 15:33:00,33.2,70,100.59,0.00,51,0.00,26.5,40.6,28.2
2026-08-26 15:43:00,33.2,68,100.58,0.00,53,0.00,26.0,40.3,27.9
2026-08-26 15:53:00,32.0,77,100.58,0.00,52,0.00,27.2,39.9,28.4
2026-08-26 16:03:00,31.7,79,100.57,0.00,53,0.00,27.4,39.7,28.4
2026-08-26 16:13:00,31.5,81,100.57,0.00,67,0.00,27.6,39.7,28.6
2026-08-26 16:23:00,31.5,82,100.57,0.00,67,0.00,27.8,39.8,28.7
2026-08-26 16:33:00,31.4,75,100.56,0.00,73,0.00,26.2,38.6,27.5
2026-08-26 16:43:00,31.1,78,100.56,0.00,64,0.00,26.6,38.6,27.7
2026-08-26 16:53:00,31.0,76,100.57,0.00,66,0.00,26.0,38.1,27.3
2026-08-26 17:03:00,30.4,79,100.58,0.00,79,0.00,26.1,37.6,27.2
2026-08-26 17:13:00,30.1,78,100.59,0.00,80,0.00,25.6,36.9,26.8
2026-08-26 17:23:00,30.0,77,100.59,0.00,73,0.00,25.3,36.6,26.5
2026-08-26 17:33:00,30.2,82,100.60,0.00,71,0.00,26.6,37.7,27.5
2026-08-26 17:43:00,30.4,82,100.60,0.00,70,0.00,26.8,38.0,27.7
2026-08-26 17:53:00,30.3,83,100.62,0.00,71,0.00,26.9,38.0,27.7
2026-08-26 18:03:00,30.4,85,100.61,0.00,77,0.00,27.4,38.4,28.1
2026-08-26 18:13:00,30.3,87,100.63,0.00,78,0.00,27.7,38.5,28.3
2026-08-26 18:23:00,29.9,88,100.64,0.00,98,0.00,27.5,38.0,28.1
2026-08-26 18:33:00,29.5,92,100.64,0.00,126,0.00,27.9,37.9,28.3
2026-08-26 18:43:00,29.6,91,100.65,0.00,93,0.00,27.8,37.9,28.2
2026-08-26 18:53:00,29.3,90,100.65,0.00,124,0.00,27.3,37.3,27.8
2026-08-26 19:03:00,29.8,90,100.67,0.00,116,0.00,27.8,38.1,28.3
2026-08-26 19:13:00,29.8,92,100.68,0.00,118,0.00,28.2,38.4,28.6
2026-08-26 19:23:00,29.9,92,100.68,0.00,92,0.00,28.3,38.6,28.7
2026-08-26 19:33:00,30.1,91,100.70,0.00,95,0.00,28.3,38.8,28.7
2026-08-26 19:43:00,30.2,91,100.71,0.00,94,0.00,28.4,38.9,28.8
2026-08-26 19:53:00,30.3,91,100.71,0.00,91,0.00,28.5,39.1,28.9
2026-08-26 20:03:00,30.0,90,100.71,0.00,136,0.00,28.0,38.5,28.5
2026-08-27 13:13:00,34.5,71,100.52,0.00,74,0.00,28.0,42.9,29.6
2026-08-27 13:23:00,32.5,68,100.53,0.00,65,0.00,25.6,39.3,27.4
2026-08-27 13:33:00,32.8,67,100.51,0.00,54,0.00,25.3,39.5,27.4
2026-08-27 13:43:00,34.8,68,100.50,0.00,55,0.00,27.5,42.9,29.4
2026-08-27 13:53:00,33.1,63,100.49,0.00,57,0.00,24.6,39.3,27.0
2026-08-27 14:03:00,35.0,66,100.48,0.00,57,0.00,27.2,42.9,29.2
2026-08-27 14:13:00,33.5,63,100.48,0.00,58,0.00,24.9,39.9,27.3
2026-08-27 14:23:00,32.5,66,100.48,0.00,56,0.00,25.1,39.0,27.1
2026-08-27 14:33:00,32.3,66,100.47,0.00,57,0.00,24.9,38.7,26.9
2026-08-27 14:43:00,32.4,68,100.45,0.00,58,0.00,25.2,39.0,27.2
2026-08-27 14:53:00,32.6,66,100.44,0.00,58,0.00,25.2,39.1,27.2
2026-08-27 15:03:00,32.2,68,100.44,0.00,56,0.00,25.3,38.8,27.2
2026-08-27 15:13:00,34.9,69,100.44,0.00,54,0.00,27.8,43.3,29.6
2026-08-27 15:23:00,32.2,67,100.44,0.00,52,0.00,25.0,38.7,27.0
2026-08-27 15:33:00,32.4,68,100.42,0.00,53,0.00,25.5,39.1,27.3
2026-08-27 15:43:00,32.2,69,100.41,0.00,53,0.00,25.5,39.0,27.3
2026-08-27 15:53:00,34.5,70,100.40,0.00,54,0.00,27.7,42.8,29.4
2026-08-27 16:03:00,34.4,72,100.41,0.00,54,0.00,28.1,43.0,29.7
2026-08-27 16:13:00,34.2,71,100.40,0.00,54,0.00,27.7,42.4,29.3
2026-08-27 16:23:00,33.7,73,100.39,0.00,55,0.00,27.7,42.0,29.2
2026-08-27 16:33:00,33.7,75,100.40,0.00,56,0.00,28.2,42.3,29.5
2026-08-27 16:43:00,33.4,73,100.42,0.00,57,0.00,27.4,41.4,28.9
2026-08-27 16:53:00,32.0,83,100.41,0.00,62,0.00,28.5,40.9,29.4
2026-08-27 17:03:00,32.4,82,100.42,0.00,84,0.00,28.7,41.4,29.6
2026-08-27 17:13:00,31.9,84,100.43,0.00,99,0.00,28.6,40.8,29.4
2026-08-27 17:23:00,31.8,85,100.44,0.00,103,0.00,28.8,40.8,29.5
2026-08-27 17:33:00,31.4,87,100.42,0.00,98,0.00,28.8,40.4,29.4
2026-08-27 17:43:00,31.5,87,100.42,0.00,68,0.00,28.9,40.6,29.5
2026-08-27 17:53:00,31.6,87,100.41,0.00,103,0.00,29.0,40.8,29.6
2026-08-27 18:03:00,31.0,87,100.41,0.00,110,0.00,28.4,39.7,29.0
2026-08-27 18:13:00,30.6,87,100.40,0.00,96,0.00,28.0,39.1,28.6
2026-08-27 18:23:00,30.6,87,100.40,0.00,89,0.00,28.0,39.1,28.6
2026-08-27 18:33:00,30.5,84,100.40,0.00,89,0.00,27.3,38.5,28.1
2026-08-27 18:43:00,30.6,83,100.41,0.00,90,0.00,27.2,38.5,28.0
2026-08-27 18:53:00,30.5,81,100.41,0.00,103,0.00,26.7,38.0,27.6
2026-08-27 19:03:00,30.0,89,100.41,0.00,89,0.00,27.8,38.3,28.3
2026-08-27 19:13:00,30.2,90,100.42,0.00,86,0.00,28.2,38.8,28.7
2026-08-27 19:23:00,30.4,90,100.44,0.00,84,0.00,28.4,39.1,28.9
2026-08-27 19:33:00,30.5,90,100.45,0.00,85,0.00,28.5,39.3,29.0
2026-08-27 19:43:00,30.5,90,100.46,0.00,96,0.00,28.5,39.3,29.0
2026-08-27 19:53:00,30.5,90,100.48,0.00,98,0.00,28.5,39.3,29.0
2026-08-27 20:03:00,30.2,89,100.50,0.00,91,0.00,28.0,38.7,28.5
2026-08-27 20:13:00,30.1,85,100.50,0.00,90,0.00,27.1,37.9,27.8
2026-08-27 20:23:00,30.0,84,100.49,0.00,93,0.00,26.8,37.6,27.6
2026-08-27 20:33:00,30.0,87,100.51,0.00,98,0.00,27.4,38.0,28.0
2026-08-27 20:43:00,29.8,91,100.50,0.00,112,0.00,28.0,38.3,28.4
2026-08-27 20:53:00,29.7,88,100.52,0.00,97,0.00,27.3,37.7,27.9
2026-08-27 21:03:00,29.6,90,100.52,0.00,84,0.00,27.6,37.8,28.1
2026-08-27 21:13:00,29.7,92,100.53,0.00,86,0.00,28.1,38.2,28.5
2026-08-27 21:23:00,29.6,90,100.52,0.00,94,0.00,27.6,37.8,28.1
2026-08-27 21:33:00,29.6,94,100.53,0.00,95,0.00,28.3,38.3,28.7
2026-08-27 21:43:00,29.7,95,100.52,0.00,156,0.00,28.6,38.6,28.9
2026-08-27 21:53:00,29.7,95,100.51,0.00,157,0.00,28.6,38.6,28.9
2026-08-27 22:03:00,29.8,95,100.53,0.00,153,0.00,28.7,38.8,29.0
2026-08-27 22:13:00,29.8,95,100.54,0.00,156,0.00,28.7,38.8,29.0
2026-08-27 22:23:00,29.8,96,100.55,0.00,159,0.00,28.9,38.9,29.2
2026-08-27 22:33:00,29.7,88,100.55,0.00,117,0.00,27.3,37.7,27.9
2026-08-27 22:43:00,29.7,92,100.54,0.00,119,0.00,28.1,38.2,28.5
2026-08-27 22:53:00,29.8,95,100.54,0.00,110,0.00,28.7,38.8,29.0
2026-08-27 23:03:00,29.7,96,100.54,0.00,116,0.00,28.8,38.8,29.1
2026-08-27 23:13:00,29.7,95,100.54,0.00,118,0.00,28.6,38.6,28.9
2026-08-27 23:23:00,29.6,97,100.54,0.00,103,0.00,28.9,38.7,29.1
2026-08-27 23:33:00,29.5,97,100.53,0.00,96,0.00,28.8,38.6,29.0
2026-08-27 23:43:00,29.5,97,100.54,0.00,93,0.00,28.8,38.6,29.0
2026-08-27 23:53:00,29.5,97,100.53,0.00,96,0.00,28.8,38.6,29.0
2026-08-28 00:03:00,29.5,97,100.51,0.00,98,0.00,28.8,38.6,29.0
2026-08-28 00:13:00,29.5,97,100.51,0.00,99,0.00,28.8,38.6,29.0
2026-08-28 00:23:00,29.5,97,100.51,0.00,98,0.00,28.8,38.6,29.0
2026-08-28 00:33:00,29.5,97,100.51,0.00,99,0.00,28.8,38.6,29.0
2026-08-28 00:43:00,29.5,97,100.51,0.00,98,0.00,28.8,38.6,29.0
2026-08-28 00:53:00,29.5,97,100.52,0.00,96,0.00,28.8,38.6,29.0
2026-08-28 01:03:00,29.5,97,100.51,0.00,94,0.00,28.8,38.6,29.0
2026-08-28 01:13:00,29.5,97,100.51,0.00,92,0.00,28.8,38.6,29.0
2026-08-28 01:23:00,29.5,97,100.51,0.00,95,0.00,28.8,38.6,29.0
2026-08-28 01:33:00,29.5,97,100.51,0.00,95,0.00,28.8,38.6,29.0
2026-08-28 01:43:00,29.5,97,100.51,0.00,96,0.00,28.8,38.6,29.0
2026-08-28 01:53:00,29.5,97,100.50,0.00,96,0.00,28.8,38.6,29.0
2026-08-28 02:03:00,29.5,97,100.48,0.00,94,0.00,28.8,38.6,29.0
2026-08-28 02:13:00,29.5,97,100.47,0.00,92,0.00,28.8,38.6,29.0
2026-08-28 02:23:00,29.5,97,100.46,0.00,91,0.00,28.8,38.6,29.0
2026-08-28 02:33:00,29.5,97,100.45,0.00,91,0.00,28.8,38.6,29.0
2026-08-28 02:43:00,29.5,96,100.44,0.00,92,0.00,28.6,38.4,28.9
2026-08-28 02:53:00,29.5,97,100.44,0.00,92,0.00,28.8,38.6,29.0
2026-08-28 03:03:00,29.5,97,100.42,0.00,92,0.00,28.8,38.6,29.0
2026-08-28 03:13:00,29.5,97,100.42,0.00,93,0.00,28.8,38.6,29.0
2026-08-28 03:23:00,29.5,97,100.43,0.00,92,0.00,28.8,38.6,29.0
2026-08-28 03:33:00,29.4,97,100.43,0.00,92,0.00,28.7,38.4,28.9
2026-08-28 03:43:00,29.4,97,100.44,0.00,91,0.00,28.7,38.4,28.9
2026-08-28 03:53:00,29.4,97,100.44,0.00,100,0.00,28.7,38.4,28.9
2026-08-28 04:03:00,29.3,98,100.43,0.00,100,0.00,28.8,38.3,28.9
2026-08-28 04:13:00,29.0,98,100.43,0.00,102,0.00,28.5,37.8,28.6
2026-08-28 04:23:00,29.0,98,100.47,0.00,165,0.00,28.5,37.8,28.6
2026-08-28 04:33:00,28.8,100,100.43,0.00,167,0.00,28.6,37.7,28.7
2026-08-28 04:43:00,28.6,100,100.43,0.00,166,0.00,28.4,37.4,28.5
2026-08-28 04:53:00,28.6,98,100.42,0.00,166,0.00,28.1,37.1,28.2
2026-08-28 05:03:00,28.7,98,100.42,0.00,168,0.00,28.2,37.3,28.3
2026-08-28 05:13:00,28.7,98,100.42,0.00,166,0.00,28.2,37.3,28.3
2026-08-28 05:23:00,28.7,98,100.41,0.00,167,0.00,28.2,37.3,28.3
2026-08-28 05:33:00,28.8,98,100.41,0.00,167,0.00,28.3,37.5,28.4
2026-08-28 05:43:00,28.7,100,100.41,0.00,168,0.00,28.5,37.6,28.6
2026-08-28 05:53:00,28.8,100,100.41,0.00,167,0.00,28.6,37.7,28.7
2026-08-28 06:03:00,28.8,98,100.42,0.00,167,0.00,28.3,37.5,28.4
2026-08-28 06:13:00,28.8,98,100.43,0.00,168,0.00,28.3,37.5,28.4
2026-08-28 06:23:00,28.8,98,100.44,0.00,167,0.00,28.3,37.5,28.4
2026-08-28 06:33:00,28.7,98,100.45,0.00,166,0.00,28.2,37.3,28.3
2026-08-28 06:43:00,28.8,98,100.47,0.00,165,0.00,28.3,37.5,28.4
2026-08-28 06:53:00,28.8,97,100.47,0.00,163,0.00,28.1,37.3,28.3
2026-08-28 07:03:00,29.0,97,100.48,0.00,161,0.00,28.3,37.7,28.5
2026-08-28 07:13:00,29.1,97,100.49,0.00,161,0.00,28.4,37.9,28.6
2026-08-28 07:23:00,29.3,97,100.50,0.00,159,0.00,28.6,38.2,28.8
2026-08-28 07:33:00,29.3,97,100.49,0.00,160,0.00,28.6,38.2,28.8
2026-08-28 07:43:00,29.4,97,100.49,0.00,161,0.00,28.7,38.4,28.9
2026-08-28 07:53:00,29.5,97,100.49,0.00,160,0.00,28.8,38.6,29.0
2026-08-28 08:03:00,29.7,97,100.49,0.00,158,0.00,29.0,38.9,29.2
2026-08-28 08:13:00,29.6,97,100.51,0.00,161,0.00,28.9,38.7,29.1
2026-08-28 08:23:00,29.7,97,100.51,0.00,158,0.00,29.0,38.9,29.2
2026-08-28 08:33:00,30.1,96,100.51,0.00,156,0.00,29.2,39.5,29.5
2026-08-28 08:43:00,30.1,96,100.51,0.00,160,0.00,29.2,39.5,29.5
2026-08-28 08:53:00,30.0,96,100.52,0.00,159,0.00,29.1,39.3,29.4
2026-08-28 09:03:00,29.9,97,100.53,0.00,170,0.00,29.2,39.3,29.4
2026-08-28 09:13:00,30.1,96,100.54,0.00,170,0.00,29.2,39.5,29.5
2026-08-28 09:23:00,30.5,94,100.55,0.00,167,0.00,29.2,39.9,29.6
2026-08-28 09:33:00,29.7,97,100.58,0.00,172,0.00,29.0,38.9,29.2
2026-08-28 09:43:00,29.5,97,100.58,0.00,155,0.00,28.8,38.6,29.0
2026-08-28 09:53:00,29.3,97,100.58,0.00,159,0.00,28.6,38.2,28.8
2026-08-28 10:03:00,29.5,97,100.59,0.00,165,0.00,28.8,38.6,29.0
2026-08-28 10:13:00,29.9,97,100.59,0.00,172,0.00,29.2,39.3,29.4
2026-08-28 10:23:00,30.5,95,100.58,0.00,166,0.00,29.4,40.0,29.7
2026-08-28 10:33:00,30.1,96,100.58,0.00,173,0.00,29.2,39.5,29.5
2026-08-28 10:43:00,29.9,96,100.58,0.00,172,0.00,29.0,39.1,29.3
2026-08-28 10:53:00,30.1,95,100.60,0.00,172,0.00,29.0,39.3,29.3
2026-08-28 11:03:00,30.1,95,100.59,0.00,171,0.00,29.0,39.3,29.3
2026-08-28 11:13:00,30.1,95,100.59,0.00,172,0.00,29.0,39.3,29.3
2026-08-28 11:23:00,30.3,95,100.59,0.00,171,0.00,29.2,39.7,29.5
2026-08-28 11:33:00,30.1,95,100.58,0.00,171,0.00,29.0,39.3,29.3
2026-08-28 11:43:00,30.2,94,100.59,0.00,172,0.00,28.9,39.4,29.3
2026-08-28 11:53:00,29.9,97,100.59,0.00,171,0.00,29.2,39.3,29.4
2026-08-28 12:03:00,29.8,97,100.58,0.00,172,0.00,29.1,39.1,29.3
2026-08-28 12:13:00,29.1,97,100.60,0.00,173,0.00,28.4,37.9,28.6
2026-08-28 12:23:00,28.8,98,100.60,0.00,177,0.00,28.3,37.5,28.4
2026-08-28 12:33:00,28.2,100,100.62,0.00,166,0.00,28.0,36.7,28.1
2026-08-28 12:43:00,28.4,100,100.61,0.00,168,0.00,28.2,37.0,28.3
2026-08-28 12:53:00,28.3,100,100.60,0.00,173,0.00,28.1,36.9,28.2
2026-08-28 13:03:00,28.7,98,100.60,0.00,168,0.00,28.2,37.3,28.3
2026-08-28 13:13:00,28.6,98,100.60,0.00,167,0.00,28.1,37.1,28.2
2026-08-28 13:23:00,31.3,93,100.61,0.00,156,0.00,29.8,41.2,30.2
2026-08-28 13:33:00,31.4,91,100.60,0.00,145,0.00,29.6,41.0,30.0
2026-08-28 13:43:00,31.1,91,100.59,0.00,143,0.00,29.3,40.5,29.7
2026-08-28 13:53:00,31.4,90,100.57,0.00,133,0.00,29.4,40.9,29.8
2026-08-28 14:03:00,32.1,87,100.54,0.00,120,0.00,29.5,41.7,30.1
2026-08-28 14:13:00,31.8,88,100.54,0.00,113,0.00,29.4,41.3,29.9
2026-08-28 14:23:00,32.6,86,100.52,0.00,109,0.00,29.5,42.2,30.3
2026-08-28 14:33:00,33.1,84,100.51,0.00,101,0.00,29.6,42.8,30.4
2026-08-28 14:43:00,33.5,82,100.50,0.00,88,0.00,29.6,43.1,30.5
2026-08-28 14:53:00,33.3,83,100.48,0.00,82,0.00,29.6,43.0,30.5
2026-08-28 15:03:00,32.5,86,100.48,0.00,87,0.00,29.4,42.1,30.2
2026-08-28 15:13:00,32.5,84,100.47,0.00,77,0.00,29.2,41.9,30.0
2026-08-28 15:23:00,32.8,84,100.46,0.00,89,0.00,29.3,42.3,30.1
2026-08-28 15:33:00,33.0,82,100.45,0.00,86,0.00,29.1,42.3,30.0
2026-08-28 15:43:00,32.8,85,100.45,0.00,78,0.00,29.5,42.4,30.3
2026-08-28 15:53:00,32.7,84,100.43,0.00,88,0.00,29.4,42.2,30.2
2026-08-28 16:03:00,32.4,86,100.43,0.00,91,0.00,29.3,41.9,30.1
2026-08-28 16:13:00,32.5,84,100.43,0.00,89,0.00,29.2,41.9,30.0
2026-08-28 16:23:00,32.5,86,100.43,0.00,90,0.00,29.4,42.1,30.2
2026-08-28 16:33:00,32.2,85,100.43,0.00,92,0.00,29.1,41.5,29.9
2026-08-28 16:43:00,32.0,88,100.44,0.00,97,0.00,29.6,41.6,30.1
2026-08-28 16:53:00,31.8,89,100.47,0.00,99,0.00,29.6,41.4,30.1
2026-08-28 17:03:00,31.8,89,100.48,0.00,97,0.00,29.6,41.4,30.1
2026-08-28 17:13:00,31.8,89,100.49,0.00,97,0.00,29.6,41.4,30.1
2026-08-28 17:23:00,31.8,89,100.49,0.00,96,0.00,29.6,41.4,30.1
2026-08-28 17:33:00,31.8,89,100.50,0.00,108,0.00,29.6,41.4,30.1
2026-08-28 17:43:00,31.5,90,100.50,0.00,109,0.00,29.5,41.1,29.9
2026-08-28 17:53:00,31.3,90,100.50,0.00,111,0.00,29.3,40.7,29.7
2026-08-28 18:03:00,31.2,90,100.50,0.00,117,0.00,29.2,40.5,29.7
2026-08-28 18:13:00,30.7,93,100.50,0.00,112,0.00,29.2,40.1,29.6
2026-08-28 18:23:00,30.7,94,100.51,0.00,117,0.00,29.4,40.2,29.8
2026-08-28 18:33:00,30.7,94,100.52,0.00,112,0.00,29.4,40.2,29.8
2026-08-28 18:43:00,30.4,94,100.52,0.00,112,0.00,29.1,39.7,29.5
2026-08-28 18:53:00,30.3,95,100.53,0.00,108,0.00,29.2,39.7,29.5
2026-08-28 19:03:00,30.2,95,100.53,0.00,114,0.00,29.1,39.5,29.4
2026-08-28 19:13:00,30.0,94,100.55,0.00,136,0.00,28.7,39.0,29.1
2026-08-28 19:23:00,29.8,97,100.56,0.00,144,0.00,29.1,39.1,29.3
2026-08-28 19:33:00,29.7,97,100.57,0.00,148,0.00,29.0,38.9,29.2
2026-08-28 19:43:00,29.6,96,100.57,0.00,150,0.00,28.7,38.6,29.0
2026-08-28 19:53:00,29.7,97,100.58,0.00,153,0.00,29.0,38.9,29.2
2026-08-28 20:03:00,29.6,97,100.59,0.00,156,0.00,28.9,38.7,29.1
2026-08-28 20:13:00,29.5,97,100.61,0.00,155,0.00,28.8,38.6,29.0
2026-08-28 20:23:00,29.5,97,100.63,0.00,156,0.00,28.8,38.6,29.0
2026-08-28 20:33:00,29.5,97,100.62,0.00,160,0.00,28.8,38.6,29.0
2026-08-28 20:43:00,29.4,97,100.64,0.00,165,0.00,28.7,38.4,28.9
2026-08-28 20:53:00,29.3,97,100.65,0.00,156,0.00,28.6,38.2,28.8
2026-08-28 21:03:00,29.4,97,100.66,0.00,162,0.00,28.7,38.4,28.9
2026-08-28 21:13:00,29.3,97,100.68,0.00,159,0.00,28.6,38.2,28.8
2026-08-28 21:23:00,29.4,97,100.70,0.00,160,0.00,28.7,38.4,28.9
2026-08-28 21:33:00,29.3,97,100.70,0.00,167,0.00,28.6,38.2,28.8
2026-08-28 21:43:00,29.3,97,100.70,0.00,161,0.00,28.6,38.2,28.8
2026-08-28 21:53:00,29.3,97,100.70,0.00,161,0.00,28.6,38.2,28.8
2026-08-28 22:03:00,29.3,97,100.71,0.00,160,0.00,28.6,38.2,28.8
2026-08-28 22:13:00,29.3,97,100.72,0.00,165,0.00,28.6,38.2,28.8
2026-08-28 22:23:00,29.2,97,100.71,0.00,167,0.00,28.5,38.0,28.7
2026-08-28 22:33:00,29.1,97,100.72,0.00,169,0.00,28.4,37.9,28.6
2026-08-28 22:43:00,29.2,97,100.72,0.00,162,0.00,28.5,38.0,28.7
2026-08-28 22:53:00,29.1,97,100.72,0.00,159,0.00,28.4,37.9,28.6
2026-08-28 23:03:00,29.1,97,100.72,0.00,161,0.00,28.4,37.9,28.6
2026-08-28 23:13:00,29.1,97,100.73,0.00,161,0.00,28.4,37.9,28.6
2026-08-28 23:23:00,29.1,97,100.74,0.00,161,0.00,28.4,37.9,28.6
2026-08-28 23:33:00,29.1,97,100.75,0.00,162,0.00,28.4,37.9,28.6
2026-08-28 23:43:00,29.2,97,100.74,0.00,161,0.00,28.5,38.0,28.7
2026-08-28 23:53:00,29.2,97,100.74,0.00,161,0.00,28.5,38.0,28.7
2026-08-29 00:03:00,29.2,97,100.74,0.00,162,0.00,28.5,38.0,28.7
2026-08-29 00:13:00,29.2,97,100.74,0.00,163,0.00,28.5,38.0,28.7
2026-08-29 00:23:00,29.2,97,100.74,0.00,162,0.00,28.5,38.0,28.7
2026-08-29 00:33:00,29.2,97,100.73,0.00,162,0.00,28.5,38.0,28.7
2026-08-29 00:43:00,29.2,97,100.73,0.00,162,0.00,28.5,38.0,28.7
2026-08-29 00:53:00,29.2,97,100.73,0.00,163,0.00,28.5,38.0,28.7
2026-08-29 01:03:00,29.1,98,100.72,0.00,167,0.00,28.6,38.0,28.7
2026-08-29 01:13:00,29.0,98,100.71,0.00,166,0.00,28.5,37.8,28.6
2026-08-29 01:23:00,29.0,98,100.71,0.00,163,0.00,28.5,37.8,28.6
2026-08-29 01:33:00,29.0,98,100.71,0.00,164,0.00,28.5,37.8,28.6
2026-08-29 01:43:00,29.0,98,100.71,0.00,164,0.00,28.5,37.8,28.6
2026-08-29 01:53:00,29.0,98,100.71,0.00,163,0.00,28.5,37.8,28.6
2026-08-29 02:03:00,29.1,98,100.70,0.00,163,0.00,28.6,38.0,28.7
2026-08-29 02:13:00,29.1,98,100.69,0.00,165,0.00,28.6,38.0,28.7
2026-08-29 02:23:00,29.0,100,100.69,0.00,165,0.00,28.8,38.1,28.9
2026-08-29 02:33:00,29.0,100,100.69,0.00,165,0.00,28.8,38.1,28.9
2026-08-29 02:43:00,29.0,100,100.68,0.00,165,0.00,28.8,38.1,28.9
2026-08-29 02:53:00,29.0,100,100.68,0.00,164,0.00,28.8,38.1,28.9
2026-08-29 03:03:00,29.0,98,100.68,0.00,165,0.00,28.5,37.8,28.6
2026-08-29 03:13:00,29.0,100,100.68,0.00,166,0.00,28.8,38.1,28.9
2026-08-29 03:23:00,29.0,100,100.68,0.00,165,0.00,28.8,38.1,28.9
2026-08-29 03:33:00,29.0,98,100.69,0.00,165,0.00,28.5,37.8,28.6
2026-08-29 03:43:00,29.0,98,100.68,0.00,166,0.00,28.5,37.8,28.6
2026-08-29 03:53:00,29.0,98,100.68,0.00,165,0.00,28.5,37.8,28.6
2026-08-29 04:03:00,29.0,98,100.68,0.00,164,0.00,28.5,37.8,28.6
2026-08-29 04:13:00,29.0,98,100.67,0.00,164,0.00,28.5,37.8,28.6
2026-08-29 04:23:00,29.0,98,100.67,0.00,165,0.00,28.5,37.8,28.6
2026-08-29 04:33:00,29.0,98,100.66,0.00,166,0.00,28.5,37.8,28.6
2026-08-29 04:43:00,29.0,98,100.67,0.00,166,0.00,28.5,37.8,28.6
2026-08-29 04:53:00,28.9,98,100.67,0.00,167,0.00,28.4,37.6,28.5
2026-08-29 05:03:00,28.8,100,100.66,0.00,166,0.00,28.6,37.7,28.7
2026-08-29 05:13:00,28.8,100,100.66,0.00,167,0.00,28.6,37.7,28.7
2026-08-29 05:23:00,28.8,100,100.66,0.00,169,0.00,28.6,37.7,28.7
2026-08-29 05:33:00,28.7,100,100.66,0.00,172,0.00,28.5,37.6,28.6
2026-08-29 05:43:00,28.6,100,100.66,0.00,171,0.00,28.4,37.4,28.5
2026-08-29 05:53:00,28.6,100,100.67,0.00,169,0.00,28.4,37.4,28.5
2026-08-29 06:03:00,28.5,100,100.66,0.00,171,0.00,28.3,37.2,28.4
2026-08-29 06:13:00,28.5,100,100.65,0.00,171,0.00,28.3,37.2,28.4
2026-08-29 06:23:00,28.4,100,100.65,0.00,171,0.00,28.2,37.0,28.3
2026-08-29 06:33:00,28.4,100,100.65,0.00,170,0.00,28.2,37.0,28.3
2026-08-29 06:43:00,28.5,100,100.65,0.00,171,0.00,28.3,37.2,28.4
2026-08-29 06:53:00,28.5,100,100.65,0.00,168,0.00,28.3,37.2,28.4
2026-08-29 07:03:00,28.6,98,100.66,0.00,167,0.00,28.1,37.1,28.2
2026-08-29 07:13:00,28.7,98,100.67,0.00,166,0.00,28.2,37.3,28.3
2026-08-29 07:23:00,28.8,98,100.66,0.00,165,0.00,28.3,37.5,28.4
2026-08-29 07:33:00,29.0,98,100.67,0.00,164,0.00,28.5,37.8,28.6
2026-08-29 07:43:00,29.2,98,100.68,0.00,164,0.00,28.7,38.2,28.8
2026-08-29 07:53:00,29.3,98,100.69,0.00,162,0.00,28.8,38.3,28.9
2026-08-29 08:03:00,29.7,97,100.69,0.00,162,0.00,29.0,38.9,29.2
2026-08-29 08:13:00,29.6,97,100.70,0.00,161,0.00,28.9,38.7,29.1
2026-08-29 08:23:00,29.7,97,100.69,0.00,160,0.00,29.0,38.9,29.2
2026-08-29 08:33:00,29.9,97,100.69,0.00,158,0.00,29.2,39.3,29.4
2026-08-29 08:43:00,30.2,95,100.68,0.00,151,0.00,29.1,39.5,29.4
2026-08-29 08:53:00,31.0,93,100.68,0.00,146,0.00,29.5,40.6,29.9
2026-08-29 09:03:00,31.5,91,100.69,0.00,140,0.00,29.7,41.2,30.1
2026-08-29 09:13:00,31.6,90,100.70,0.00,137,0.00,29.6,41.2,30.0
2026-08-29 09:23:00,32.3,90,100.69,0.00,131,0.00,30.1,42.3,30.6
2026-08-29 09:33:00,32.4,88,100.71,0.00,134,0.00,30.0,42.4,30.5
2026-08-29 09:43:00,32.8,88,100.72,0.00,131,0.00,30.1,42.9,30.8
2026-08-29 09:53:00,32.1,89,100.72,0.00,130,0.00,29.9,42.0,30.4
2026-08-29 10:03:00,31.9,90,100.72,0.00,117,0.00,29.9,41.8,30.3
2026-08-29 10:13:00,32.8,86,100.74,0.00,112,0.00,29.7,42.6,30.4
2026-08-29 10:23:00,33.4,82,100.74,0.00,104,0.00,29.5,43.0,30.4
2026-08-29 10:33:00,30.5,91,100.74,0.00,127,0.00,28.7,39.5,29.1
2026-08-29 10:43:00,30.6,93,100.75,0.00,139,0.00,29.1,39.9,29.5
2026-08-29 10:53:00,31.7,90,100.75,0.00,137,0.00,29.7,41.4,30.1
2026-08-29 11:03:00,31.4,91,100.73,0.00,141,0.00,29.6,41.0,30.0
2026-08-29 11:13:00,31.8,90,100.72,0.00,136,0.00,29.8,41.6,30.2
2026-08-29 11:23:00,30.9,93,100.72,0.00,114,0.00,29.4,40.5,29.8
2026-08-29 11:33:00,30.6,94,100.72,0.00,153,0.00,29.3,40.1,29.7
2026-08-29 11:43:00,32.3,88,100.71,0.00,137,0.00,29.9,42.2,30.4
2026-08-29 11:53:00,32.3,88,100.70,0.00,107,0.00,29.7,42.0,30.3
2026-08-29 12:03:00,32.3,88,100.70,0.00,101,0.00,29.7,42.0,30.3
2026-08-29 12:13:00,32.4,88,100.69,0.00,98,0.00,29.7,42.2,30.4
2026-08-29 12:23:00,31.9,88,100.68,0.00,110,0.00,29.5,41.5,30.0
2026-08-29 12:33:00,32.0,89,100.67,0.00,108,0.00,29.8,41.8,30.3
2026-08-29 12:43:00,33.3,82,100.66,0.00,85,0.00,29.4,42.8,30.3
2026-08-29 12:53:00,32.9,84,100.65,0.00,87,0.00,29.4,42.4,30.2
2026-08-29 13:03:00,34.6,76,100.64,0.00,78,0.00,29.3,44.0,30.6
2026-08-29 13:13:00,33.9,77,100.62,0.00,72,0.00,28.8,43.0,30.1
2026-08-29 13:23:00,33.7,77,100.60,0.00,63,0.00,28.6,42.6,29.9
2026-08-29 13:33:00,32.2,70,100.60,0.00,66,0.19,25.8,39.1,27.5
2026-08-29 13:43:00,32.5,68,100.59,0.00,61,0.14,25.6,39.3,27.4
2026-08-29 13:53:00,33.0,67,100.59,0.00,55,0.00,25.5,39.8,27.6
2026-08-29 14:03:00,33.2,64,100.57,0.00,56,0.00,24.9,39.6,27.2
2026-08-29 14:13:00,32.5,68,100.57,0.00,58,0.00,25.6,39.3,27.4
2026-08-29 14:23:00,34.2,71,100.57,0.00,56,0.00,27.7,42.4,29.3
2026-08-29 14:33:00,32.5,68,100.56,0.00,59,0.00,25.6,39.3,27.4
2026-08-29 14:43:00,34.1,73,100.56,0.00,58,0.00,28.1,42.6,29.6
2026-08-29 14:53:00,33.9,76,100.55,0.00,61,0.00,28.6,42.8,29.9
2026-08-29 15:03:00,32.5,70,100.55,0.00,58,0.00,25.8,39.5,27.6
2026-08-29 15:13:00,33.8,75,100.54,0.00,60,0.00,28.3,42.5,29.6
2026-08-29 15:23:00,34.4,73,100.53,0.00,51,0.00,28.4,43.1,29.9
2026-08-29 15:33:00,33.5,78,100.52,0.00,62,0.00,28.7,42.5,29.8
2026-08-29 15:43:00,33.7,79,100.53,0.00,63,0.00,29.1,43.0,30.2
2026-08-29 15:53:00,33.5,78,100.52,0.00,66,0.00,28.7,42.5,29.8
2026-08-29 16:03:00,33.2,81,100.53,0.00,68,0.00,29.1,42.5,30.0
2026-08-29 16:13:00,33.4,79,100.53,0.00,69,0.00,28.8,42.5,29.9
2026-08-29 16:23:00,33.1,84,100.53,0.00,73,0.00,29.6,42.8,30.4
2026-08-29 16:33:00,32.3,88,100.53,0.00,76,0.00,29.7,42.0,30.3
2026-08-29 16:43:00,33.0,84,100.53,0.00,75,0.00,29.5,42.6,30.3
2026-08-29 16:53:00,32.1,85,100.54,0.00,80,0.00,29.0,41.3,29.8
2026-08-29 17:03:00,32.3,86,100.55,0.00,71,0.00,29.2,41.7,30.0
2026-08-29 17:13:00,32.0,87,100.55,0.00,71,0.00,29.4,41.5,30.0
2026-08-29 17:23:00,32.0,87,100.55,0.00,74,0.00,29.4,41.5,30.0
2026-08-29 17:33:00,31.7,88,100.56,0.00,73,0.00,29.3,41.1,29.8
2026-08-29 17:43:00,31.5,88,100.56,0.00,79,0.00,29.1,40.8,29.6
2026-08-29 17:53:00,31.2,90,100.57,0.00,80,0.00,29.2,40.5,29.7
2026-08-29 18:03:00,31.1,90,100.57,0.00,78,0.00,29.1,40.4,29.6
2026-08-29 18:13:00,30.9,91,100.58,0.00,85,0.00,29.1,40.2,29.5
2026-08-29 18:23:00,30.7,93,100.58,0.00,100,0.00,29.2,40.1,29.6
2026-08-29 18:33:00,30.6,94,100.59,0.00,101,0.00,29.3,40.1,29.7
2026-08-29 18:43:00,30.6,94,100.58,0.00,82,0.00,29.3,40.1,29.7
2026-08-29 18:53:00,30.3,94,100.61,0.00,101,0.00,29.0,39.5,29.4
2026-08-29 19:03:00,30.3,93,100.61,0.00,100,0.00,28.9,39.4,29.2
2026-08-29 19:13:00,30.2,94,100.61,0.00,100,0.00,28.9,39.4,29.3
2026-08-29 19:23:00,30.1,93,100.62,0.00,82,0.00,28.7,39.0,29.0
2026-08-29 19:33:00,30.2,93,100.64,0.00,81,0.00,28.8,39.2,29.1
2026-08-29 19:43:00,30.0,94,100.65,0.00,101,0.00,28.7,39.0,29.1
2026-08-29 19:53:00,30.0,94,100.65,0.00,92,0.00,28.7,39.0,29.1
2026-08-29 20:03:00,29.9,96,100.67,0.00,107,0.00,29.0,39.1,29.3
2026-08-29 20:13:00,29.6,97,100.67,0.00,124,0.00,28.9,38.7,29.1
2026-08-29 20:23:00,29.6,97,100.69,0.00,125,0.00,28.9,38.7,29.1
2026-08-29 20:33:00,29.6,97,100.70,0.00,129,0.00,28.9,38.7,29.1
2026-08-29 20:43:00,29.6,97,100.71,0.00,129,0.00,28.9,38.7,29.1
2026-08-29 20:53:00,29.6,97,100.71,0.00,121,0.00,28.9,38.7,29.1
2026-08-29 21:03:00,29.5,97,100.72,0.00,137,0.00,28.8,38.6,29.0
2026-08-29 21:13:00,29.5,97,100.74,0.00,139,0.00,28.8,38.6,29.0
2026-08-29 21:23:00,29.5,97,100.74,0.00,140,0.00,28.8,38.6,29.0
2026-08-29 21:33:00,29.5,97,100.75,0.00,135,0.00,28.8,38.6,29.0
2026-08-29 21:43:00,29.5,97,100.75,0.00,114,0.00,28.8,38.6,29.0
2026-08-29 21:53:00,29.5,97,100.75,0.00,134,0.00,28.8,38.6,29.0
2026-08-29 22:03:00,29.5,97,100.76,0.00,134,0.00,28.8,38.6,29.0
2026-08-29 22:13:00,29.4,97,100.77,0.00,121,0.00,28.7,38.4,28.9
2026-08-29 22:23:00,29.5,97,100.78,0.00,119,0.00,28.8,38.6,29.0
2026-08-29 22:33:00,29.5,97,100.78,0.00,129,0.00,28.8,38.6,29.0
2026-08-29 22:43:00,29.5,97,100.78,0.00,118,0.00,28.8,38.6,29.0
2026-08-29 22:53:00,29.4,97,100.78,0.00,125,0.00,28.7,38.4,28.9
2026-08-29 23:03:00,29.4,97,100.77,0.00,129,0.00,28.7,38.4,28.9
2026-08-29 23:13:00,29.3,97,100.76,0.00,137,0.00,28.6,38.2,28.8
2026-08-29 23:23:00,29.3,97,100.76,0.00,146,0.00,28.6,38.2,28.8
2026-08-29 23:33:00,29.3,97,100.74,0.00,152,0.00,28.6,38.2,28.8
2026-08-29 23:43:00,29.2,97,100.73,0.00,153,0.00,28.5,38.0,28.7
2026-08-29 23:53:00,29.3,97,100.72,0.00,153,0.00,28.6,38.2,28.8
2026-08-30 00:03:00,29.2,97,100.71,0.00,154,0.00,28.5,38.0,28.7
2026-08-30 00:13:00,29.1,97,100.71,0.00,155,0.00,28.4,37.9,28.6
2026-08-30 00:23:00,29.1,97,100.71,0.00,157,0.00,28.4,37.9,28.6
2026-08-30 00:33:00,29.1,98,100.71,0.00,158,0.00,28.6,38.0,28.7
2026-08-30 00:43:00,29.1,98,100.72,0.00,158,0.00,28.6,38.0,28.7
2026-08-30 00:53:00,29.1,98,100.73,0.00,158,0.00,28.6,38.0,28.7
2026-08-30 01:03:00,29.1,98,100.72,0.00,157,0.00,28.6,38.0,28.7
2026-08-30 01:13:00,29.1,98,100.73,0.00,155,0.00,28.6,38.0,28.7
2026-08-30 01:23:00,29.2,97,100.72,0.00,155,0.00,28.5,38.0,28.7
2026-08-30 01:33:00,29.2,97,100.71,0.00,154,0.00,28.5,38.0,28.7
2026-08-30 01:43:00,29.2,97,100.69,0.00,154,0.00,28.5,38.0,28.7
2026-08-30 01:53:00,29.3,97,100.68,0.00,154,0.00,28.6,38.2,28.8
2026-08-30 02:03:00,29.3,97,100.67,0.00,157,0.00,28.6,38.2,28.8
2026-08-30 02:13:00,29.2,98,100.65,0.00,158,0.00,28.7,38.2,28.8
2026-08-30 02:23:00,29.2,98,100.64,0.00,158,0.00,28.7,38.2,28.8
2026-08-30 02:33:00,29.1,98,100.63,0.00,156,0.00,28.6,38.0,28.7
2026-08-30 02:43:00,29.0,98,100.62,0.00,157,0.00,28.5,37.8,28.6
2026-08-30 02:53:00,29.1,98,100.61,0.00,157,0.00,28.6,38.0,28.7
2026-08-30 03:03:00,29.1,98,100.60,0.00,158,0.00,28.6,38.0,28.7
2026-08-30 03:13:00,29.1,98,100.60,0.00,157,0.00,28.6,38.0,28.7
2026-08-30 03:23:00,29.1,98,100.59,0.00,155,0.00,28.6,38.0,28.7
2026-08-30 03:33:00,29.2,98,100.58,0.00,155,0.00,28.7,38.2,28.8
2026-08-30 03:43:00,29.1,98,100.58,0.00,154,0.00,28.6,38.0,28.7
2026-08-30 03:53:00,29.2,98,100.59,0.00,153,0.00,28.7,38.2,28.8
2026-08-30 04:03:00,29.2,98,100.59,0.00,154,0.00,28.7,38.2,28.8
2026-08-30 04:13:00,29.2,98,100.60,0.00,154,0.00,28.7,38.2,28.8
2026-08-30 04:23:00,29.3,98,100.59,0.00,154,0.00,28.8,38.3,28.9
2026-08-30 04:33:00,29.3,98,100.59,0.00,155,0.00,28.8,38.3,28.9
2026-08-30 04:43:00,29.2,98,100.59,0.00,155,0.00,28.7,38.2,28.8
2026-08-30 04:53:00,29.2,98,100.59,0.00,155,0.00,28.7,38.2,28.8
2026-08-30 05:03:00,29.2,98,100.59,0.00,156,0.00,28.7,38.2,28.8
2026-08-30 05:13:00,29.2,98,100.59,0.00,158,0.00,28.7,38.2,28.8
2026-08-30 05:23:00,29.1,98,100.59,0.00,157,0.00,28.6,38.0,28.7
2026-08-30 05:33:00,29.2,98,100.59,0.00,156,0.00,28.7,38.2,28.8
2026-08-30 05:43:00,29.1,98,100.60,0.00,158,0.00,28.6,38.0,28.7
2026-08-30 05:53:00,29.1,98,100.59,0.00,156,0.00,28.6,38.0,28.7
2026-08-30 06:03:00,29.1,98,100.59,0.00,157,0.00,28.6,38.0,28.7
2026-08-30 06:13:00,29.0,98,100.58,0.00,158,0.00,28.5,37.8,28.6
2026-08-30 06:23:00,29.0,98,100.59,0.00,158,0.00,28.5,37.8,28.6
2026-08-30 06:33:00,29.1,98,100.60,0.00,156,0.00,28.6,38.0,28.7
2026-08-30 06:43:00,29.2,98,100.60,0.00,156,0.00,28.7,38.2,28.8
2026-08-30 06:53:00,29.3,98,100.60,0.00,156,0.00,28.8,38.3,28.9
2026-08-30 07:03:00,29.3,98,100.60,0.00,155,0.00,28.8,38.3,28.9
2026-08-30 07:13:00,29.4,98,100.60,0.00,154,0.00,28.9,38.5,29.0
2026-08-30 07:23:00,29.5,97,100.61,0.00,155,0.00,28.8,38.6,29.0
2026-08-30 07:33:00,29.4,97,100.61,0.00,156,0.00,28.7,38.4,28.9
2026-08-30 07:43:00,29.3,98,100.61,0.00,155,0.00,28.8,38.3,28.9
2026-08-30 07:53:00,29.6,97,100.61,0.00,155,0.00,28.9,38.7,29.1
2026-08-30 08:03:00,29.6,97,100.61,0.00,155,0.00,28.9,38.7,29.1
2026-08-30 08:13:00,29.7,98,100.60,0.00,156,0.00,29.2,39.0,29.3
2026-08-30 08:23:00,29.6,98,100.60,0.00,154,0.00,29.1,38.9,29.2
2026-08-30 08:33:00,30.4,96,100.60,0.00,154,0.00,29.5,40.0,29.8
2026-08-30 08:43:00,30.7,96,100.60,0.00,150,0.00,29.8,40.5,30.1
2026-08-30 08:53:00,30.8,96,100.59,0.00,146,0.00,29.9,40.7,30.2
2026-08-30 09:03:00,31.4,94,100.59,0.00,147,0.00,30.1,41.5,30.4
2026-08-30 09:13:00,31.0,95,100.59,0.00,148,0.00,29.9,40.9,30.2
2026-08-30 09:23:00,31.7,94,100.59,0.00,148,0.00,30.4,42.0,30.7
2026-08-30 09:33:00,31.1,95,100.59,0.00,148,0.00,30.0,41.1,30.3
2026-08-30 09:43:00,31.1,95,100.59,0.00,149,0.00,30.0,41.1,30.3
2026-08-30 09:53:00,30.9,96,100.60,0.00,149,0.00,30.0,40.9,30.2
2026-08-30 10:03:00,31.2,95,100.60,0.00,147,0.00,30.1,41.3,30.4
2026-08-30 10:13:00,30.9,95,100.61,0.00,130,0.00,29.8,40.8,30.1
2026-08-30 10:23:00,34.8,84,100.60,0.00,89,0.00,31.3,45.8,32.1
2026-08-30 10:33:00,33.1,77,100.58,0.00,76,0.00,28.1,41.6,29.3
2026-08-30 10:43:00,32.9,78,100.58,0.00,76,0.00,28.1,41.4,29.3
2026-08-30 10:53:00,32.7,76,100.57,0.00,74,0.00,27.7,40.9,28.9
2026-08-30 11:03:00,32.1,77,100.57,0.00,82,0.00,27.3,40.1,28.5
2026-08-30 11:13:00,34.0,83,100.56,0.00,82,0.00,30.3,44.2,31.1
2026-08-30 11:23:00,32.8,89,100.56,0.00,113,0.00,30.3,43.1,30.9
2026-08-30 11:33:00,32.1,93,100.57,0.00,120,0.00,30.6,42.6,31.0
2026-08-30 11:43:00,33.1,90,100.55,0.00,107,0.00,30.8,43.8,31.4
2026-08-30 11:53:00,34.3,85,100.55,0.00,111,0.00,31.0,45.1,31.7
2026-08-30 12:03:00,32.5,90,100.55,0.00,114,0.00,30.4,42.9,30.9
2026-08-30 12:13:00,32.0,91,100.56,0.00,121,0.00,30.1,42.1,30.6
2026-08-30 12:23:00,32.1,93,100.55,0.00,117,0.00,30.6,42.6,31.0
2026-08-30 12:33:00,32.9,91,100.53,0.00,111,0.00,30.8,43.6,31.3
2026-08-30 12:43:00,32.7,90,100.51,0.00,105,0.00,30.6,43.2,31.1
2026-08-30 12:53:00,33.2,87,100.49,0.00,110,0.00,30.3,43.5,31.0
2026-08-30 13:03:00,32.5,90,100.48,0.00,108,0.00,30.2,42.7,30.8
2026-08-30 13:13:00,32.7,90,100.47,0.00,110,0.00,30.4,43.1,31.0
2026-08-30 13:23:00,32.3,90,100.45,0.00,109,0.00,30.2,42.5,30.7
2026-08-30 13:33:00,32.9,90,100.45,0.00,104,0.00,30.6,43.4,31.2
2026-08-30 13:43:00,33.4,85,100.45,0.00,105,0.00,30.1,43.5,30.9
2026-08-30 13:53:00,32.5,88,100.45,0.00,107,0.00,30.0,42.5,30.6
2026-08-30 14:03:00,33.8,84,100.45,0.00,116,0.00,30.3,44.0,31.1
2026-08-30 14:13:00,32.4,90,100.45,0.00,113,0.00,30.2,42.5,30.7
2026-08-30 14:23:00,32.4,90,100.44,0.00,115,0.00,30.2,42.5,30.7
2026-08-30 14:33:00,32.3,90,100.43,0.00,111,0.00,30.1,42.3,30.6
2026-08-30 14:43:00,32.1,89,100.42,0.00,118,0.00,29.9,42.0,30.4
2026-08-30 14:53:00,31.7,90,100.42,0.00,110,0.00,29.7,41.4,30.1
2026-08-30 15:03:00,33.0,87,100.42,0.00,108,0.00,30.1,43.1,30.8
2026-08-30 15:13:00,32.6,88,100.42,0.00,109,0.00,30.1,42.7,30.7
2026-08-30 15:23:00,32.9,86,100.40,0.00,110,0.00,29.8,42.8,30.5
2026-08-30 15:33:00,32.6,88,100.39,0.00,117,0.00,29.9,42.6,30.6
2026-08-30 15:43:00,32.3,90,100.38,0.00,118,0.00,30.1,42.3,30.6
2026-08-30 15:53:00,32.8,89,100.38,0.00,124,0.00,30.3,43.1,30.9
2026-08-30 16:03:00,32.3,88,100.38,0.00,122,0.00,29.9,42.2,30.4
2026-08-30 16:13:00,32.1,88,100.38,0.00,122,0.00,29.7,41.8,30.2
2026-08-30 16:23:00,32.1,90,100.37,0.00,124,0.00,30.1,42.1,30.5
2026-08-30 16:33:00,31.9,90,100.38,0.00,132,0.00,29.9,41.8,30.3
2026-08-30 16:43:00,31.7,91,100.37,0.00,123,0.00,29.9,41.6,30.3
2026-08-30 16:53:00,31.4,91,100.38,0.00,128,0.00,29.6,41.0,30.0
2026-08-30 17:03:00,31.4,91,100.39,0.00,117,0.00,29.6,41.0,30.0
2026-08-30 17:13:00,31.3,93,100.39,0.00,112,0.00,29.8,41.2,30.2
2026-08-30 17:23:00,31.1,93,100.40,0.00,114,0.00,29.6,40.8,30.0
2026-08-30 17:33:00,31.1,93,100.39,0.00,119,0.00,29.6,40.8,30.0
2026-08-30 17:43:00,31.0,93,100.39,0.00,120,0.00,29.5,40.6,29.9
2026-08-30 17:53:00,30.8,94,100.39,0.00,111,0.00,29.5,40.4,29.9
2026-08-30 18:03:00,30.7,94,100.40,0.00,107,0.00,29.4,40.2,29.8
2026-08-30 18:13:00,30.6,94,100.39,0.00,108,0.00,29.3,40.1,29.7
2026-08-30 18:23:00,30.5,94,100.38,0.00,118,0.00,29.2,39.9,29.6
2026-08-30 18:33:00,30.2,95,100.38,0.00,120,0.00,29.1,39.5,29.4
2026-08-30 18:43:00,29.9,97,100.37,0.00,118,0.00,29.2,39.3,29.4
2026-08-30 18:53:00,29.7,97,100.36,0.00,122,0.00,29.0,38.9,29.2
2026-08-30 19:03:00,29.6,97,100.36,0.00,139,0.00,28.9,38.7,29.1
2026-08-30 19:13:00,29.7,97,100.38,0.00,145,0.00,29.0,38.9,29.2
2026-08-30 19:23:00,29.5,98,100.39,0.00,138,0.00,29.0,38.7,29.1
2026-08-30 19:33:00,29.3,97,100.42,0.00,134,0.00,28.6,38.2,28.8
2026-08-30 19:43:00,29.4,98,100.43,0.00,133,0.00,28.9,38.5,29.0
2026-08-30 19:53:00,29.4,97,100.45,0.00,137,0.00,28.7,38.4,28.9
2026-08-30 20:03:00,29.5,97,100.47,0.00,148,0.00,28.8,38.6,29.0
2026-08-30 20:13:00,29.6,97,100.47,0.00,151,0.00,28.9,38.7,29.1
2026-08-30 20:23:00,29.6,97,100.48,0.00,152,0.00,28.9,38.7,29.1
2026-08-30 20:33:00,29.6,97,100.48,0.00,150,0.00,28.9,38.7,29.1
2026-08-30 20:43:00,29.5,97,100.50,0.00,154,0.00,28.8,38.6,29.0
2026-08-30 20:53:00,29.6,97,100.54,0.00,151,0.00,28.9,38.7,29.1
2026-08-30 21:03:00,29.4,98,100.55,0.00,145,0.00,28.9,38.5,29.0
2026-08-30 21:13:00,29.4,98,100.56,0.00,143,0.00,28.9,38.5,29.0
2026-08-30 21:23:00,29.4,98,100.56,0.00,142,0.00,28.9,38.5,29.0
2026-08-30 21:33:00,29.4,98,100.54,0.00,135,0.00,28.9,38.5,29.0
2026-08-30 21:43:00,29.5,97,100.55,0.00,141,0.00,28.8,38.6,29.0
2026-08-30 21:53:00,29.5,97,100.54,0.00,146,0.00,28.8,38.6,29.0
2026-08-30 22:03:00,29.4,97,100.53,0.00,155,0.00,28.7,38.4,28.9
2026-08-30 22:13:00,29.5,97,100.53,0.00,157,0.00,28.8,38.6,29.0
2026-08-30 22:23:00,29.5,97,100.54,0.00,156,0.00,28.8,38.6,29.0
2026-08-30 22:33:00,29.3,97,100.56,0.00,158,0.00,28.6,38.2,28.8
2026-08-30 22:43:00,29.3,98,100.56,0.00,158,0.00,28.8,38.3,28.9
2026-08-30 22:53:00,29.3,98,100.58,0.00,156,0.00,28.8,38.3,28.9
2026-08-30 23:03:00,29.3,98,100.60,0.00,161,0.00,28.8,38.3,28.9
2026-08-30 23:13:00,29.3,98,100.63,0.00,161,0.00,28.8,38.3,28.9
2026-08-30 23:23:00,29.3,98,100.61,0.00,159,0.00,28.8,38.3,28.9
2026-08-30 23:33:00,29.3,98,100.57,0.00,162,0.00,28.8,38.3,28.9
2026-08-30 23:43:00,29.3,98,100.56,0.00,162,0.00,28.8,38.3,28.9
2026-08-30 23:53:00,29.3,98,100.57,0.00,160,0.00,28.8,38.3,28.9
2026-08-31 00:03:00,29.3,98,100.54,0.00,165,0.00,28.8,38.3,28.9
2026-08-31 00:13:00,29.2,98,100.56,0.00,162,0.00,28.7,38.2,28.8
2026-08-31 00:23:00,29.2,98,100.55,0.00,162,0.00,28.7,38.2,28.8
2026-08-31 00:33:00,29.2,98,100.53,0.00,164,0.00,28.7,38.2,28.8
2026-08-31 00:43:00,29.2,98,100.53,0.00,165,0.00,28.7,38.2,28.8
2026-08-31 00:53:00,29.1,98,100.51,0.00,162,0.00,28.6,38.0,28.7
2026-08-31 01:03:00,29.1,98,100.52,0.00,163,0.00,28.6,38.0,28.7
2026-08-31 01:13:00,29.1,98,100.52,0.00,163,0.00,28.6,38.0,28.7
2026-08-31 01:23:00,29.1,98,100.51,0.00,159,0.00,28.6,38.0,28.7
2026-08-31 01:33:00,29.1,98,100.51,0.00,160,0.00,28.6,38.0,28.7
2026-08-31 01:43:00,29.1,98,100.50,0.00,159,0.00,28.6,38.0,28.7
2026-08-31 01:53:00,29.1,98,100.49,0.00,163,0.00,28.6,38.0,28.7
2026-08-31 02:03:00,29.1,98,100.49,0.00,162,0.00,28.6,38.0,28.7
2026-08-31 02:13:00,29.1,98,100.49,0.00,164,0.00,28.6,38.0,28.7
2026-08-31 02:23:00,29.1,98,100.48,0.00,160,0.00,28.6,38.0,28.7
2026-08-31 02:33:00,29.1,98,100.48,0.00,163,0.00,28.6,38.0,28.7
2026-08-31 02:43:00,29.1,98,100.47,0.00,163,0.00,28.6,38.0,28.7
2026-08-31 02:53:00,29.1,98,100.48,0.00,162,0.00,28.6,38.0,28.7
2026-08-31 03:03:00,29.0,98,100.48,0.00,164,0.00,28.5,37.8,28.6
2026-08-31 03:13:00,29.0,98,100.50,0.00,163,0.00,28.5,37.8,28.6
2026-08-31 03:23:00,29.0,98,100.52,0.00,161,0.00,28.5,37.8,28.6
2026-08-31 03:33:00,29.1,98,100.51,0.00,163,0.00,28.6,38.0,28.7
2026-08-31 03:43:00,29.1,98,100.52,0.00,159,0.00,28.6,38.0,28.7
2026-08-31 03:53:00,29.1,98,100.51,0.00,163,0.00,28.6,38.0,28.7
2026-08-31 04:03:00,29.0,98,100.50,0.00,162,0.00,28.5,37.8,28.6
2026-08-31 04:13:00,29.0,100,100.51,0.00,162,0.00,28.8,38.1,28.9
2026-08-31 04:23:00,29.0,100,100.51,0.00,163,0.00,28.8,38.1,28.9
2026-08-31 04:33:00,28.9,98,100.52,0.00,163,0.00,28.4,37.6,28.5
2026-08-31 04:43:00,29.0,98,100.53,0.00,161,0.00,28.5,37.8,28.6
2026-08-31 04:53:00,28.9,98,100.53,0.00,160,0.00,28.4,37.6,28.5
2026-08-31 05:03:00,28.9,98,100.53,0.00,161,0.00,28.4,37.6,28.5
2026-08-31 05:13:00,28.9,100,100.53,0.00,159,0.00,28.7,37.9,28.8
2026-08-31 05:23:00,28.9,100,100.53,0.00,159,0.00,28.7,37.9,28.8
2026-08-31 05:33:00,28.9,100,100.54,0.00,158,0.00,28.7,37.9,28.8
2026-08-31 05:43:00,28.9,100,100.55,0.00,159,0.00,28.7,37.9,28.8
2026-08-31 05:53:00,28.9,98,100.55,0.00,158,0.00,28.4,37.6,28.5
2026-08-31 06:03:00,28.8,98,100.56,0.00,158,0.00,28.3,37.5,28.4
2026-08-31 06:13:00,28.8,98,100.57,0.00,158,0.00,28.3,37.5,28.4
2026-08-31 06:23:00,29.0,98,100.58,0.00,157,0.00,28.5,37.8,28.6
2026-08-31 06:33:00,29.0,98,100.58,0.00,159,0.00,28.5,37.8,28.6
2026-08-31 06:43:00,29.1,98,100.60,0.00,159,0.00,28.6,38.0,28.7
2026-08-31 06:53:00,29.1,98,100.61,0.00,159,0.00,28.6,38.0,28.7
2026-08-31 07:03:00,29.2,98,100.62,0.00,160,0.00,28.7,38.2,28.8
2026-08-31 07:13:00,29.3,98,100.62,0.00,159,0.00,28.8,38.3,28.9
2026-08-31 07:23:00,29.7,97,100.63,0.00,155,0.00,29.0,38.9,29.2
2026-08-31 07:33:00,30.0,96,100.63,0.00,154,0.00,29.1,39.3,29.4
2026-08-31 07:43:00,29.9,97,100.64,0.00,153,0.00,29.2,39.3,29.4
2026-08-31 07:53:00,30.0,96,100.65,0.00,153,0.00,29.1,39.3,29.4
2026-08-31 08:03:00,30.4,96,100.65,0.00,151,0.00,29.5,40.0,29.8
2026-08-31 08:13:00,30.3,96,100.65,0.00,150,0.00,29.4,39.8,29.7
2026-08-31 08:23:00,30.6,95,100.66,0.00,147,0.00,29.5,40.2,29.8
2026-08-31 08:33:00,30.4,95,100.66,0.00,147,0.00,29.3,39.9,29.6
2026-08-31 08:43:00,30.6,94,100.67,0.00,157,0.00,29.3,40.1,29.7
2026-08-31 08:53:00,30.8,93,100.68,0.00,144,0.19,29.3,40.3,29.7
2026-08-31 09:03:00,32.6,88,100.68,0.00,136,0.16,30.1,42.7,30.7
2026-08-31 09:13:00,33.8,82,100.70,0.00,123,0.14,29.9,43.7,30.8
2026-08-31 09:23:00,33.8,81,100.70,0.00,143,0.00,29.6,43.5,30.6
2026-08-31 09:33:00,31.2,89,100.71,0.00,138,0.00,29.0,40.4,29.5
2026-08-31 09:43:00,32.4,88,100.72,0.00,127,0.00,29.7,42.2,30.4
2026-08-31 09:53:00,32.3,86,100.75,0.00,131,0.00,29.2,41.7,30.0
2026-08-31 10:03:00,33.1,84,100.74,0.00,108,0.00,29.6,42.8,30.4
2026-08-31 10:13:00,33.8,78,100.74,0.00,103,0.00,29.0,43.0,30.1
2026-08-31 10:23:00,34.3,76,100.72,0.00,111,0.00,29.0,43.5,30.3
2026-08-31 10:33:00,32.8,83,100.72,0.00,125,0.00,29.1,42.1,30.0
2026-08-31 10:43:00,32.5,84,100.71,0.00,123,0.00,29.2,41.9,30.0
2026-08-31 10:53:00,32.0,85,100.72,0.00,116,0.00,28.9,41.2,29.7
2026-08-31 11:03:00,32.8,84,100.71,0.00,110,0.00,29.3,42.3,30.1
2026-08-31 11:13:00,33.7,79,100.71,0.00,80,0.00,29.1,43.0,30.2
2026-08-31 11:23:00,32.2,72,100.73,0.00,78,0.00,26.3,39.5,27.8
2026-08-31 11:33:00,32.9,70,100.70,0.00,74,0.00,26.2,40.1,28.0
2026-08-31 11:43:00,35.0,71,100.69,0.00,78,0.24,28.4,43.8,30.1
2026-08-31 11:53:00,32.2,68,100.68,0.00,80,0.00,25.3,38.8,27.2
2026-08-31 12:03:00,34.0,73,100.67,0.00,70,0.00,28.0,42.5,29.5
2026-08-31 12:13:00,33.5,76,100.67,0.00,68,0.00,28.2,42.1,29.5
2026-08-31 12:23:00,34.0,75,100.66,0.00,70,0.00,28.5,42.8,29.8
2026-08-31 12:33:00,34.5,70,100.65,0.00,64,0.00,27.7,42.8,29.4
2026-08-31 12:43:00,32.2,67,100.65,0.00,62,0.27,25.0,38.7,27.0
2026-08-31 12:53:00,34.8,69,100.65,0.00,64,0.00,27.8,43.1,29.6
2026-08-31 13:03:00,34.1,71,100.63,0.00,65,0.00,27.6,42.3,29.2
2026-08-31 13:13:00,34.2,73,100.62,0.00,66,0.00,28.2,42.8,29.7
2026-08-31 13:23:00,33.4,75,100.62,0.00,67,0.00,27.9,41.8,29.3
2026-08-31 13:33:00,33.4,76,100.61,0.00,69,0.00,28.1,42.0,29.4
2026-08-31 13:43:00,33.7,77,100.61,0.00,59,0.00,28.6,42.6,29.9
2026-08-31 13:53:00,34.3,71,100.60,0.00,65,0.00,27.8,42.6,29.4
2026-08-31 14:03:00,34.7,71,100.60,0.00,64,0.00,28.2,43.3,29.8
2026-08-31 14:13:00,32.2,70,100.60,0.00,64,0.00,25.8,39.1,27.5
2026-08-31 14:23:00,33.7,76,100.59,0.00,65,0.00,28.4,42.5,29.7
2026-08-31 14:33:00,33.8,76,100.58,0.00,71,0.00,28.5,42.6,29.8
2026-08-31 14:43:00,33.2,79,100.60,0.00,78,0.00,28.6,42.1,29.7
2026-08-31 14:53:00,33.8,77,100.59,0.00,74,0.00,28.7,42.8,30.0
2026-08-31 15:03:00,33.3,79,100.59,0.00,82,0.00,28.7,42.3,29.8
2026-08-31 15:13:00,33.4,79,100.58,0.00,80,0.00,28.8,42.5,29.9
2026-08-31 15:23:00,32.9,82,100.60,0.00,87,0.00,29.0,42.1,29.9
2026-08-31 15:33:00,32.8,83,100.60,0.00,75,0.00,29.1,42.1,30.0
2026-08-31 15:43:00,32.4,84,100.60,0.00,86,0.00,29.1,41.7,29.9
2026-08-31 15:53:00,32.3,86,100.60,0.00,89,0.00,29.2,41.7,30.0
2026-08-31 16:03:00,32.0,85,100.60,0.00,88,0.00,28.9,41.2,29.7
2026-08-31 16:13:00,32.1,85,100.62,0.00,93,0.00,29.0,41.3,29.8
2026-08-31 16:23:00,32.0,87,100.64,0.00,106,0.00,29.4,41.5,30.0
2026-08-31 16:33:00,31.6,89,100.66,0.00,109,0.00,29.4,41.1,29.9
2026-08-31 16:43:00,31.4,90,100.67,0.00,116,0.00,29.4,40.9,29.8
2026-08-31 16:53:00,31.3,90,100.66,0.00,114,0.00,29.3,40.7,29.7
2026-08-31 17:03:00,31.1,90,100.67,0.00,119,0.00,29.1,40.4,29.6
2026-08-31 17:13:00,31.0,90,100.68,0.00,112,0.00,29.0,40.2,29.5
2026-08-31 17:23:00,30.9,91,100.71,0.00,111,0.00,29.1,40.2,29.5
2026-08-31 17:33:00,30.7,91,100.72,0.00,110,0.00,28.9,39.8,29.3
2026-08-31 17:43:00,30.8,93,100.73,0.00,115,0.00,29.3,40.3,29.7
2026-08-31 17:53:00,30.6,93,100.73,0.00,112,0.00,29.1,39.9,29.5
2026-08-31 18:03:00,30.6,93,100.73,0.00,116,0.00,29.1,39.9,29.5
2026-08-31 18:13:00,30.5,94,100.74,0.00,121,0.00,29.2,39.9,29.6
2026-08-31 18:23:00,30.4,94,100.75,0.00,109,0.00,29.1,39.7,29.5
2026-08-31 18:33:00,30.3,95,100.76,0.00,112,0.00,29.2,39.7,29.5
2026-08-31 18:43:00,30.3,95,100.77,0.00,116,0.00,29.2,39.7,29.5
2026-08-31 18:53:00,30.1,96,100.80,0.00,125,0.00,29.2,39.5,29.5
2026-08-31 19:03:00,30.2,96,100.80,0.00,134,0.00,29.3,39.6,29.6
2026-08-31 19:13:00,30.2,96,100.79,0.00,131,0.00,29.3,39.6,29.6
2026-08-31 19:23:00,30.2,96,100.82,0.00,131,0.00,29.3,39.6,29.6
2026-08-31 19:33:00,30.1,96,100.83,0.00,137,0.00,29.2,39.5,29.5
2026-08-31 19:43:00,30.2,96,100.85,0.00,129,0.00,29.3,39.6,29.6
2026-08-31 19:53:00,30.1,96,100.87,0.00,144,0.00,29.2,39.5,29.5
2026-08-31 20:03:00,30.0,96,100.87,0.00,147,0.00,29.1,39.3,29.4
2026-08-31 20:13:00,29.9,97,100.88,0.00,149,0.00,29.2,39.3,29.4
2026-08-31 20:23:00,29.9,97,100.90,0.00,149,0.00,29.2,39.3,29.4
2026-08-31 20:33:00,29.8,97,100.90,0.00,149,0.00,29.1,39.1,29.3
2026-08-31 20:43:00,29.8,97,100.90,0.00,152,0.00,29.1,39.1,29.3
2026-08-31 20:53:00,29.7,97,100.90,0.00,156,0.00,29.0,38.9,29.2
2026-08-31 21:03:00,29.7,97,100.94,0.00,154,0.00,29.0,38.9,29.2
2026-08-31 21:13:00,29.7,97,100.96,0.00,150,0.00,29.0,38.9,29.2
2026-08-31 21:23:00,29.7,97,100.96,0.00,153,0.00,29.0,38.9,29.2
2026-08-31 21:33:00,29.8,97,100.96,0.00,142,0.00,29.1,39.1,29.3
2026-08-31 21:43:00,29.7,97,100.98,0.00,141,0.00,29.0,38.9,29.2
2026-08-31 21:53:00,29.7,97,100.99,0.00,140,0.00,29.0,38.9,29.2
2026-08-31 22:03:00,29.7,96,100.98,0.00,140,0.00,28.8,38.8,29.1
2026-08-31 22:13:00,29.8,96,100.97,0.00,142,0.00,28.9,38.9,29.2
2026-08-31 22:23:00,29.7,96,100.97,0.00,143,0.00,28.8,38.8,29.1
2026-08-31 22:33:00,29.7,96,100.94,0.00,143,0.00,28.8,38.8,29.1
2026-08-31 22:43:00,29.5,96,100.93,0.00,144,0.00,28.6,38.4,28.9
2026-08-31 22:53:00,29.5,97,100.94,0.00,143,0.00,28.8,38.6,29.0
2026-08-31 23:03:00,29.4,97,100.95,0.00,144,0.00,28.7,38.4,28.9
2026-08-31 23:13:00,29.3,97,100.97,0.00,144,0.00,28.6,38.2,28.8
2026-08-31 23:23:00,29.4,97,100.97,0.00,143,0.00,28.7,38.4,28.9
2026-08-31 23:33:00,29.4,97,100.98,0.00,143,0.00,28.7,38.4,28.9
2026-08-31 23:43:00,29.3,97,100.98,0.00,143,0.00,28.6,38.2,28.8
2026-08-31 23:53:00,29.4,97,100.96,0.00,144,0.00,28.7,38.4,28.9
2026-09-01 00:03:00,29.3,97,100.97,0.00,143,0.00,28.6,38.2,28.8
2026-09-01 00:13:00,29.2,97,100.97,0.00,143,0.00,28.5,38.0,28.7
2026-09-01 00:23:00,29.1,97,100.96,0.00,141,0.00,28.4,37.9,28.6
2026-09-01 00:33:00,29.2,97,100.97,0.00,143,0.00,28.5,38.0,28.7
2026-09-01 00:43:00,29.2,97,100.98,0.00,144,0.00,28.5,38.0,28.7
2026-09-01 00:53:00,29.2,97,101.00,0.00,144,0.00,28.5,38.0,28.7
2026-09-01 01:03:00,29.2,97,100.99,0.00,143,0.00,28.5,38.0,28.7
2026-09-01 01:13:00,29.3,97,100.97,0.00,143,0.00,28.6,38.2,28.8
2026-09-01 01:23:00,29.3,97,100.95,0.00,142,0.00,28.6,38.2,28.8
2026-09-01 01:33:00,29.2,96,100.94,0.00,141,0.00,28.3,37.9,28.6
2026-09-01 01:43:00,29.2,96,100.92,0.00,141,0.00,28.3,37.9,28.6
2026-09-01 01:53:00,29.2,97,100.91,0.00,143,0.00,28.5,38.0,28.7
2026-09-01 02:03:00,29.2,97,100.89,0.00,143,0.00,28.5,38.0,28.7
2026-09-01 02:13:00,29.1,97,100.90,0.00,143,0.00,28.4,37.9,28.6
2026-09-01 02:23:00,29.1,97,100.88,0.00,145,0.00,28.4,37.9,28.6
2026-09-01 02:33:00,29.0,97,100.89,0.00,144,0.00,28.3,37.7,28.5
2026-09-01 02:43:00,29.0,97,100.90,0.00,144,0.00,28.3,37.7,28.5
2026-09-01 02:53:00,29.1,97,100.89,0.00,144,0.00,28.4,37.9,28.6
2026-09-01 03:03:00,29.1,97,100.90,0.00,144,0.00,28.4,37.9,28.6
2026-09-01 03:13:00,29.0,97,100.89,0.00,143,0.00,28.3,37.7,28.5
2026-09-01 03:23:00,29.0,97,100.89,0.00,143,0.00,28.3,37.7,28.5
2026-09-01 03:33:00,29.0,97,100.88,0.00,143,0.00,28.3,37.7,28.5
2026-09-01 03:43:00,28.9,97,100.87,0.00,143,0.00,28.2,37.5,28.4
2026-09-01 03:53:00,28.8,96,100.88,0.00,143,0.00,27.9,37.2,28.2
2026-09-01 04:03:00,28.8,97,100.89,0.00,142,0.00,28.1,37.3,28.3
2026-09-01 04:13:00,28.8,97,100.89,0.00,142,0.00,28.1,37.3,28.3
2026-09-01 04:23:00,28.7,96,100.92,0.00,141,0.00,27.8,37.0,28.1
2026-09-01 04:33:00,28.7,96,100.91,0.00,139,0.00,27.8,37.0,28.1
2026-09-01 04:43:00,28.7,96,100.92,0.00,138,0.00,27.8,37.0,28.1
2026-09-01 04:53:00,28.7,96,100.93,0.00,139,0.00,27.8,37.0,28.1
2026-09-01 05:03:00,28.8,96,100.94,0.00,138,0.00,27.9,37.2,28.2
2026-09-01 05:13:00,28.7,96,100.95,0.00,138,0.00,27.8,37.0,28.1
2026-09-01 05:23:00,28.8,96,100.97,0.00,137,0.00,27.9,37.2,28.2
2026-09-01 05:33:00,28.8,96,100.98,0.00,136,0.00,27.9,37.2,28.2
2026-09-01 05:43:00,29.0,95,100.99,0.00,134,0.00,27.9,37.4,28.2
2026-09-01 05:53:00,29.0,95,101.01,0.00,134,0.00,27.9,37.4,28.2
2026-09-01 06:03:00,29.1,95,101.01,0.00,134,0.00,28.0,37.6,28.3
2026-09-01 06:13:00,29.2,95,101.03,0.00,133,0.00,28.1,37.8,28.4
2026-09-01 06:23:00,29.3,95,101.03,0.00,131,0.00,28.2,37.9,28.5
2026-09-01 06:33:00,29.5,94,101.04,0.00,128,0.00,28.2,38.1,28.6
2026-09-01 06:43:00,29.7,94,101.04,0.00,119,0.00,28.4,38.5,28.8
2026-09-01 06:53:00,29.9,92,101.04,0.00,119,0.00,28.3,38.6,28.7
2026-09-01 07:03:00,30.1,90,101.05,0.00,116,0.00,28.1,38.6,28.6
2026-09-01 07:13:00,30.5,89,101.05,0.00,116,0.00,28.3,39.2,28.8
2026-09-01 07:23:00,30.3,90,101.06,0.00,116,0.00,28.3,39.0,28.8
2026-09-01 07:33:00,30.8,89,101.07,0.00,112,0.00,28.6,39.7,29.1
2026-09-01 07:43:00,30.9,88,101.07,0.00,109,0.00,28.5,39.7,29.1
2026-09-01 07:53:00,31.1,85,101.08,0.00,122,0.00,28.1,39.6,28.8
2026-09-01 08:03:00,30.1,91,101.08,0.00,129,0.00,28.3,38.8,28.7
2026-09-01 08:13:00,30.0,90,101.08,0.00,130,0.00,28.0,38.5,28.5
2026-09-01 08:23:00,30.7,89,101.08,0.00,130,0.00,28.5,39.5,29.0
2026-09-01 08:33:00,31.2,85,101.09,0.00,121,0.00,28.2,39.8,28.9
2026-09-01 08:43:00,31.3,84,101.09,0.00,121,0.00,28.1,39.8,28.8
2026-09-01 08:53:00,31.1,87,101.08,0.00,113,0.25,28.5,39.9,29.1
2026-09-01 09:03:00,33.0,79,101.08,0.00,110,0.00,28.4,41.8,29.5
2026-09-01 09:13:00,32.3,82,101.10,0.00,116,0.00,28.6,41.2,29.5
2026-09-01 09:23:00,31.0,83,101.11,0.00,129,0.00,27.6,39.2,28.4
2026-09-01 09:33:00,30.7,85,101.11,0.00,135,0.00,27.7,38.9,28.4
2026-09-01 09:43:00,30.0,89,101.12,0.00,127,0.00,27.8,38.3,28.3
2026-09-01 09:53:00,30.2,87,101.12,0.00,117,0.00,27.6,38.4,28.2
2026-09-01 10:03:00,30.7,84,101.10,0.00,109,0.00,27.5,38.8,28.3
2026-09-01 10:13:00,30.6,85,101.11,0.00,111,0.00,27.6,38.8,28.3
2026-09-01 10:23:00,30.2,85,101.09,0.00,117,0.00,27.2,38.1,27.9
2026-09-01 10:33:00,30.0,84,101.12,0.00,114,0.00,26.8,37.6,27.6
2026-09-01 10:43:00,30.1,85,101.11,0.00,113,0.00,27.1,37.9,27.8
2026-09-01 10:53:00,30.4,85,101.11,0.00,106,0.00,27.4,38.4,28.1
2026-09-01 11:03:00,30.6,85,101.10,0.00,97,0.00,27.6,38.8,28.3
2026-09-01 11:13:00,31.1,83,101.08,0.00,94,0.00,27.7,39.3,28.5
2026-09-01 11:23:00,31.0,83,101.07,0.00,92,0.00,27.6,39.2,28.4
2026-09-01 11:33:00,31.0,83,101.05,0.00,88,0.00,27.6,39.2,28.4
2026-09-01 11:43:00,30.9,83,101.05,0.00,87,0.00,27.5,39.0,28.3
2026-09-01 11:53:00,30.4,84,101.08,0.00,87,0.00,27.2,38.3,28.0
2026-09-01 12:03:00,30.6,85,101.05,0.00,104,0.00,27.6,38.8,28.3
2026-09-01 12:13:00,30.1,87,101.05,0.00,110,0.00,27.5,38.2,28.1
2026-09-01 12:23:00,30.5,87,101.05,0.00,109,0.00,27.9,38.9,28.5
2026-09-01 12:33:00,30.8,85,101.06,0.00,97,0.00,27.8,39.1,28.5
2026-09-01 12:43:00,31.3,85,101.06,0.00,92,0.00,28.3,40.0,29.0
2026-09-01 12:53:00,31.1,83,101.05,0.00,89,0.00,27.7,39.3,28.5
2026-09-01 13:03:00,31.8,83,101.04,0.00,90,0.00,28.3,40.5,29.2
2026-09-01 13:13:00,31.7,83,101.04,0.00,96,0.00,28.2,40.3,29.1
2026-09-01 13:23:00,31.3,84,101.04,0.00,91,0.00,28.1,39.8,28.8
2026-09-01 13:33:00,31.7,82,101.02,0.00,90,0.00,28.0,40.2,28.9
2026-09-01 13:43:00,32.0,82,101.01,0.00,89,0.00,28.3,40.7,29.2
2026-09-01 13:53:00,32.3,80,101.01,0.00,91,0.00,28.0,40.7,29.0
2026-09-01 14:03:00,31.8,82,101.01,0.00,74,0.00,28.1,40.4,29.0
2026-09-01 14:13:00,31.5,81,101.01,0.00,75,0.00,27.6,39.7,28.6
2026-09-01 14:23:00,31.7,81,101.00,0.00,74,0.00,27.8,40.0,28.8
2026-09-01 14:33:00,32.1,78,100.99,0.00,76,0.00,27.5,40.2,28.7
2026-09-01 14:43:00,31.7,76,100.99,0.00,78,0.00,26.7,39.3,28.0
2026-09-01 14:53:00,31.9,79,100.99,0.00,79,0.00,27.6,40.1,28.6
2026-09-01 15:03:00,31.7,81,100.97,0.00,82,0.00,27.8,40.0,28.8
2026-09-01 15:13:00,31.6,82,100.98,0.00,81,0.00,27.9,40.0,28.8
2026-09-01 15:23:00,31.2,84,100.99,0.00,105,0.00,28.0,39.6,28.7
2026-09-01 15:33:00,31.0,85,101.01,0.00,109,0.00,28.0,39.4,28.7
2026-09-01 15:43:00,30.6,87,101.02,0.00,117,0.00,28.0,39.1,28.6
2026-09-01 15:53:00,30.2,90,101.03,0.00,120,0.00,28.2,38.8,28.7
2026-09-01 16:03:00,30.3,90,101.04,0.00,120,0.00,28.3,39.0,28.8
2026-09-01 16:13:00,30.1,90,101.04,0.00,122,0.00,28.1,38.6,28.6
2026-09-01 16:23:00,30.1,90,101.05,0.00,127,0.00,28.1,38.6,28.6
2026-09-01 16:33:00,29.9,92,101.05,0.00,126,0.00,28.3,38.6,28.7
2026-09-01 16:43:00,29.9,92,101.05,0.00,122,0.00,28.3,38.6,28.7
2026-09-01 16:53:00,29.7,91,101.07,0.00,121,0.00,27.9,38.1,28.3
2026-09-01 17:03:00,29.7,91,101.09,0.00,122,0.00,27.9,38.1,28.3
2026-09-01 17:13:00,29.7,92,101.08,0.00,127,0.00,28.1,38.2,28.5
2026-09-01 17:23:00,29.6,94,101.08,0.00,136,0.00,28.3,38.3,28.7
2026-09-01 17:33:00,29.6,94,101.10,0.00,141,0.00,28.3,38.3,28.7
2026-09-01 17:43:00,29.5,95,101.09,0.00,131,0.00,28.4,38.3,28.7
2026-09-01 17:53:00,29.5,94,101.11,0.00,135,0.00,28.2,38.1,28.6
2026-09-01 18:03:00,29.4,94,101.11,0.00,137,0.00,28.1,38.0,28.5
2026-09-01 18:13:00,29.2,94,101.10,0.00,129,0.00,27.9,37.6,28.3
2026-09-01 18:23:00,29.2,92,101.09,0.00,118,0.00,27.6,37.4,28.0
2026-09-01 18:33:00,29.2,92,101.10,0.00,94,0.00,27.6,37.4,28.0
2026-09-01 18:43:00,29.3,91,101.10,0.00,99,0.00,27.5,37.4,27.9
2026-09-01 18:53:00,29.3,91,101.10,0.00,93,0.00,27.5,37.4,27.9
2026-09-01 19:03:00,29.2,88,101.10,0.00,96,0.00,26.8,36.8,27.4
2026-09-01 19:13:00,29.2,86,101.11,0.00,87,0.00,26.4,36.6,27.1
2026-09-01 19:23:00,29.1,88,101.13,0.00,85,0.00,26.7,36.7,27.3
2026-09-01 19:33:00,29.2,86,101.12,0.00,86,0.00,26.4,36.6,27.1
2026-09-01 19:43:00,29.1,91,101.14,0.00,84,0.00,27.3,37.1,27.7
2026-09-01 19:53:00,29.0,94,101.16,0.00,112,0.00,27.8,37.3,28.1
2026-09-01 20:03:00,29.1,95,101.15,0.00,112,0.00,28.0,37.6,28.3
2026-09-01 20:13:00,29.0,95,101.16,0.00,117,0.00,27.9,37.4,28.2
2026-09-01 20:23:00,29.1,94,101.16,0.00,102,0.00,27.8,37.5,28.2
2026-09-01 20:33:00,29.0,95,101.16,0.00,110,0.00,27.9,37.4,28.2
2026-09-01 20:43:00,29.1,95,101.17,0.00,119,0.00,28.0,37.6,28.3
2026-09-01 20:53:00,29.0,95,101.18,0.00,114,0.00,27.9,37.4,28.2
2026-09-01 21:03:00,29.0,96,101.19,0.00,114,0.00,28.1,37.6,28.4
2026-09-01 21:13:00,28.8,96,101.18,0.00,128,0.00,27.9,37.2,28.2
2026-09-01 21:23:00,28.8,96,101.17,0.00,120,0.00,27.9,37.2,28.2
2026-09-01 21:33:00,28.8,95,101.16,0.00,126,0.00,27.7,37.1,28.0
2026-09-01 21:43:00,28.8,96,101.15,0.00,128,0.00,27.9,37.2,28.2
2026-09-01 21:53:00,28.8,97,101.15,0.00,123,0.00,28.1,37.3,28.3
2026-09-01 22:03:00,28.6,95,101.16,0.00,130,0.00,27.5,36.7,27.8
2026-09-01 22:13:00,28.6,96,101.17,0.00,145,0.00,27.7,36.9,28.0
2026-09-01 22:23:00,28.7,97,101.18,0.00,154,0.00,28.0,37.2,28.2
2026-09-01 22:33:00,28.6,98,101.18,0.00,157,0.00,28.1,37.1,28.2
2026-09-01 22:43:00,28.6,98,101.19,0.00,159,0.00,28.1,37.1,28.2
2026-09-01 22:53:00,28.5,98,101.18,0.00,159,0.00,28.0,37.0,28.1
2026-09-01 23:03:00,28.5,98,101.17,0.00,159,0.00,28.0,37.0,28.1
2026-09-01 23:13:00,28.4,98,101.18,0.00,161,0.00,27.9,36.8,28.0
2026-09-01 23:23:00,28.4,98,101.16,0.00,160,0.00,27.9,36.8,28.0
2026-09-01 23:33:00,28.4,98,101.16,0.00,159,0.00,27.9,36.8,28.0
2026-09-01 23:43:00,28.4,98,101.18,0.00,161,0.00,27.9,36.8,28.0
2026-09-01 23:53:00,28.5,98,101.18,0.00,160,0.00,28.0,37.0,28.1
2026-09-02 00:03:00,28.4,98,101.18,0.00,161,0.00,27.9,36.8,28.0
2026-09-02 00:13:00,28.4,98,101.17,0.00,160,0.00,27.9,36.8,28.0
2026-09-02 00:23:00,28.4,98,101.17,0.00,160,0.00,27.9,36.8,28.0
2026-09-02 00:33:00,28.4,100,101.17,0.00,159,0.00,28.2,37.0,28.3
2026-09-02 00:43:00,28.4,98,101.16,0.00,160,0.00,27.9,36.8,28.0
2026-09-02 00:53:00,28.5,98,101.16,0.00,159,0.00,28.0,37.0,28.1
2026-09-02 01:03:00,28.4,98,101.16,0.00,159,0.00,27.9,36.8,28.0
2026-09-02 01:13:00,28.4,98,101.16,0.00,159,0.00,27.9,36.8,28.0
2026-09-02 01:23:00,28.4,98,101.15,0.00,160,0.00,27.9,36.8,28.0
2026-09-02 01:33:00,28.5,98,101.14,0.00,160,0.00,28.0,37.0,28.1
2026-09-02 01:43:00,28.4,98,101.13,0.00,161,0.00,27.9,36.8,28.0
2026-09-02 01:53:00,28.4,98,101.14,0.00,162,0.00,27.9,36.8,28.0
2026-09-02 02:03:00,28.4,98,101.14,0.00,162,0.00,27.9,36.8,28.0
2026-09-02 02:13:00,28.3,98,101.15,0.00,162,0.00,27.8,36.6,27.9
2026-09-02 02:23:00,28.3,98,101.13,0.00,161,0.00,27.8,36.6,27.9
2026-09-02 02:33:00,28.3,100,101.12,0.00,161,0.00,28.1,36.9,28.2
2026-09-02 02:43:00,28.3,98,101.12,0.00,160,0.00,27.8,36.6,27.9
2026-09-02 02:53:00,28.3,100,101.12,0.00,160,0.00,28.1,36.9,28.2
2026-09-02 03:03:00,28.4,100,101.11,0.00,160,0.00,28.2,37.0,28.3
2026-09-02 03:13:00,28.4,100,101.11,0.00,160,0.00,28.2,37.0,28.3
2026-09-02 03:23:00,28.4,100,101.11,0.00,161,0.00,28.2,37.0,28.3
2026-09-02 03:33:00,28.4,100,101.10,0.00,160,0.00,28.2,37.0,28.3
2026-09-02 03:43:00,28.3,100,101.09,0.00,161,0.00,28.1,36.9,28.2
2026-09-02 03:53:00,28.3,100,101.09,0.00,162,0.00,28.1,36.9,28.2
2026-09-02 04:03:00,28.3,100,101.09,0.00,161,0.00,28.1,36.9,28.2
2026-09-02 04:13:00,28.3,100,101.09,0.00,161,0.00,28.1,36.9,28.2
2026-09-02 04:23:00,28.3,100,101.08,0.00,160,0.00,28.1,36.9,28.2
2026-09-02 04:33:00,28.4,100,101.09,0.00,159,0.00,28.2,37.0,28.3
2026-09-02 04:43:00,28.3,98,101.08,0.00,161,0.00,27.8,36.6,27.9
2026-09-02 04:53:00,28.4,98,101.08,0.00,159,0.00,27.9,36.8,28.0
2026-09-02 05:03:00,28.3,98,101.08,0.00,161,0.00,27.8,36.6,27.9
2026-09-02 05:13:00,28.3,98,101.07,0.00,161,0.00,27.8,36.6,27.9
2026-09-02 05:23:00,28.4,100,101.07,0.00,160,0.00,28.2,37.0,28.3
2026-09-02 05:33:00,28.3,100,101.08,0.00,162,0.00,28.1,36.9,28.2
2026-09-02 05:43:00,28.4,100,101.08,0.00,161,0.00,28.2,37.0,28.3
2026-09-02 05:53:00,28.5,100,101.08,0.00,160,0.00,28.3,37.2,28.4
2026-09-02 06:03:00,28.6,98,101.07,0.00,158,0.00,28.1,37.1,28.2
2026-09-02 06:13:00,28.9,98,101.04,0.00,154,0.00,28.4,37.6,28.5
2026-09-02 06:23:00,29.1,97,101.02,0.00,151,0.00,28.4,37.9,28.6
2026-09-02 06:33:00,29.1,97,101.04,0.00,159,0.00,28.4,37.9,28.6
2026-09-02 06:43:00,28.9,97,101.04,0.00,155,0.00,28.2,37.5,28.4
2026-09-02 06:53:00,29.0,97,101.04,0.00,153,0.00,28.3,37.7,28.5
2026-09-02 07:03:00,29.0,97,101.04,0.00,152,0.00,28.3,37.7,28.5
2026-09-02 07:13:00,29.1,97,101.03,0.00,152,0.00,28.4,37.9,28.6
2026-09-02 07:23:00,29.1,97,101.03,0.00,149,0.00,28.4,37.9,28.6
2026-09-02 07:33:00,29.0,97,101.03,0.00,149,0.00,28.3,37.7,28.5
2026-09-02 07:43:00,29.0,97,101.05,0.00,149,0.00,28.3,37.7,28.5
2026-09-02 07:53:00,29.1,97,101.04,0.00,152,0.00,28.4,37.9,28.6
2026-09-02 08:03:00,29.2,97,101.05,0.00,149,0.00,28.5,38.0,28.7
2026-09-02 08:13:00,29.3,97,101.07,0.00,150,0.00,28.6,38.2,28.8
2026-09-02 08:23:00,29.6,97,101.08,0.00,150,0.00,28.9,38.7,29.1
2026-09-02 08:33:00,29.7,97,101.06,0.00,144,0.00,29.0,38.9,29.2
2026-09-02 08:43:00,29.9,96,101.07,0.00,143,0.00,29.0,39.1,29.3
2026-09-02 08:53:00,30.1,94,101.07,0.00,142,0.00,28.8,39.2,29.2
2026-09-02 09:03:00,30.3,94,101.08,0.00,143,0.00,29.0,39.5,29.4
2026-09-02 09:13:00,30.2,93,101.09,0.00,140,0.00,28.8,39.2,29.1
2026-09-02 09:23:00,30.4,94,101.09,0.00,136,0.00,29.1,39.7,29.5
2026-09-02 09:33:00,30.8,93,101.09,0.00,133,0.00,29.3,40.3,29.7
2026-09-02 09:43:00,30.6,93,101.10,0.00,130,0.00,29.1,39.9,29.5
2026-09-02 09:53:00,30.6,93,101.09,0.00,129,0.00,29.1,39.9,29.5
2026-09-02 10:03:00,30.5,91,101.08,0.00,128,0.00,28.7,39.5,29.1
2026-09-02 10:13:00,30.6,91,101.08,0.00,125,0.00,28.8,39.6,29.2
2026-09-02 10:23:00,30.6,91,101.07,0.00,105,0.00,28.8,39.6,29.2
2026-09-02 10:33:00,31.4,89,101.06,0.00,99,0.13,29.2,40.7,29.7
2026-09-02 10:43:00,31.6,87,101.05,0.00,102,0.00,29.0,40.8,29.6
2026-09-02 10:53:00,31.4,87,101.05,0.00,100,0.00,28.8,40.4,29.4
2026-09-02 11:03:00,31.5,85,101.05,0.00,100,0.00,28.5,40.3,29.2
2026-09-02 11:13:00,31.6,88,101.04,0.00,99,0.00,29.2,40.9,29.7
2026-09-02 11:23:00,31.2,89,101.04,0.00,100,0.00,29.0,40.4,29.5
2026-09-02 11:33:00,31.2,88,101.05,0.00,91,0.00,28.8,40.2,29.3
2026-09-02 11:43:00,31.5,85,101.03,0.00,92,0.00,28.5,40.3,29.2
2026-09-02 11:53:00,31.7,85,101.04,0.00,89,0.00,28.7,40.7,29.4
2026-09-02 12:03:00,31.6,85,101.03,0.00,96,0.00,28.6,40.5,29.3
2026-09-02 12:13:00,30.8,87,101.04,0.00,100,0.00,28.2,39.4,28.8
2026-09-02 12:23:00,30.3,90,101.06,0.00,125,0.00,28.3,39.0,28.8
2026-09-02 12:33:00,29.6,94,101.05,0.00,139,0.00,28.3,38.3,28.7
2026-09-02 12:43:00,29.4,96,101.05,0.00,144,0.00,28.5,38.2,28.8
2026-09-02 12:53:00,29.3,97,101.04,0.00,148,0.00,28.6,38.2,28.8
2026-09-02 13:03:00,29.3,97,101.04,0.00,150,0.00,28.6,38.2,28.8
2026-09-02 13:13:00,29.0,97,101.05,0.00,150,0.00,28.3,37.7,28.5
2026-09-02 13:23:00,28.9,97,101.05,0.00,155,0.00,28.2,37.5,28.4
2026-09-02 13:33:00,28.5,97,101.07,0.00,163,0.00,27.8,36.8,28.0
2026-09-02 13:43:00,28.0,97,101.06,0.00,165,0.00,27.3,36.0,27.5
2026-09-02 13:53:00,27.9,99,101.06,0.00,171,0.99,27.6,36.0,27.7
2026-09-02 14:03:00,27.4,98,101.06,0.00,168,0.32,27.1,35.2,27.2
2026-09-02 14:13:00,27.5,98,101.06,0.00,166,0.36,27.2,35.4,27.3
2026-09-02 14:23:00,27.7,98,101.06,0.00,161,0.14,27.4,35.7,27.5
2026-09-02 14:33:00,27.8,99,101.06,0.00,156,0.00,27.5,35.9,27.6
2026-09-02 14:43:00,28.0,98,101.06,0.00,154,0.00,27.5,36.1,27.6
2026-09-02 14:53:00,28.2,98,101.06,0.00,154,0.00,27.7,36.4,27.8
2026-09-02 15:03:00,28.5,97,101.06,0.00,153,0.00,27.8,36.8,28.0
2026-09-02 15:13:00,28.5,97,101.06,0.00,150,0.00,27.8,36.8,28.0
2026-09-02 15:23:00,28.5,97,101.06,0.00,151,0.00,27.8,36.8,28.0
2026-09-02 15:33:00,28.5,97,101.06,0.00,150,0.00,27.8,36.8,28.0
2026-09-02 15:43:00,28.5,97,101.06,0.00,150,0.00,27.8,36.8,28.0
2026-09-02 15:53:00,28.7,97,101.06,0.00,148,0.00,28.0,37.2,28.2
2026-09-02 16:03:00,28.7,97,101.06,0.00,148,0.00,28.0,37.2,28.2
2026-09-02 16:13:00,28.8,97,101.06,0.00,147,0.00,28.1,37.3,28.3
2026-09-02 16:23:00,28.9,97,101.06,0.00,147,0.00,28.2,37.5,28.4
2026-09-02 16:33:00,28.8,97,101.06,0.00,148,0.00,28.1,37.3,28.3
2026-09-02 16:43:00,28.7,97,101.06,0.00,151,0.00,28.0,37.2,28.2
2026-09-02 16:53:00,28.4,97,101.06,0.00,152,0.00,27.7,36.7,27.9
2026-09-02 17:03:00,28.3,98,101.06,0.00,152,0.00,27.8,36.6,27.9
2026-09-02 17:13:00,28.2,98,101.06,0.00,150,0.00,27.7,36.4,27.8
2026-09-02 17:23:00,28.3,97,101.06,0.00,149,0.00,27.6,36.5,27.8
2026-09-02 17:33:00,28.2,97,101.06,0.00,148,0.00,27.5,36.3,27.7
2026-09-02 17:43:00,28.0,97,101.06,0.00,149,0.00,27.3,36.0,27.5
2026-09-02 17:53:00,28.0,97,101.06,0.00,156,0.00,27.3,36.0,27.5
2026-09-02 18:03:00,27.9,99,101.06,0.00,149,0.00,27.6,36.0,27.7
2026-09-02 18:13:00,28.0,97,101.06,0.00,140,0.00,27.3,36.0,27.5
2026-09-02 18:23:00,28.0,97,101.06,0.00,147,0.00,27.3,36.0,27.5
2026-09-02 18:33:00,28.0,97,101.06,0.00,146,0.00,27.3,36.0,27.5
2026-09-02 18:43:00,28.0,97,101.06,0.00,149,0.00,27.3,36.0,27.5
2026-09-02 18:53:00,28.0,97,101.06,0.00,149,0.00,27.3,36.0,27.5
2026-09-02 19:03:00,28.0,97,101.06,0.00,149,0.00,27.3,36.0,27.5
2026-09-02 19:13:00,28.0,98,101.06,0.00,133,0.00,27.5,36.1,27.6
2026-09-02 19:23:00,27.9,98,101.06,0.00,130,0.00,27.4,35.9,27.5
2026-09-02 19:33:00,27.8,99,101.06,0.00,133,0.00,27.5,35.9,27.6
2026-09-02 19:43:00,27.6,98,101.06,0.00,122,0.00,27.1,35.4,27.2
2026-09-02 19:53:00,27.7,98,101.06,0.00,142,0.00,27.4,35.7,27.5
2026-09-02 20:03:00,27.5,98,101.06,0.00,156,0.00,27.2,35.4,27.3
2026-09-02 20:13:00,27.5,100,101.06,0.00,158,0.00,27.5,35.6,27.6
2026-09-02 20:23:00,27.5,98,101.06,0.00,159,0.00,27.2,35.4,27.3
2026-09-02 20:33:00,27.7,98,101.06,0.00,154,0.00,27.2,35.6,27.3
2026-09-02 20:43:00,27.7,98,101.06,0.00,154,0.00,27.2,35.6,27.3
2026-09-02 20:53:00,27.7,98,101.06,0.00,154,0.00,27.2,35.6,27.3
2026-09-02 21:03:00,27.7,98,101.06,0.00,155,0.00,27.2,35.6,27.3
2026-09-02 21:13:00,27.7,98,101.06,0.00,156,0.00,27.2,35.6,27.3
2026-09-03 21:23:00,27.8,98,101.06,0.00,146,0.00,27.3,35.8,27.4
2026-09-03 21:33:00,28.6,96,101.03,0.00,161,0.00,27.7,36.9,28.0
2026-09-03 21:43:00,28.6,96,101.02,0.00,159,0.00,27.7,36.9,28.0
2026-09-03 21:53:00,28.6,96,101.02,0.00,142,0.00,27.7,36.9,28.0
2026-09-03 22:03:00,28.6,97,101.01,0.00,153,0.00,27.9,37.0,28.1
2026-09-03 22:13:00,28.8,96,101.01,0.00,156,0.00,27.9,37.2,28.2
2026-09-03 22:23:00,28.6,95,101.00,0.00,165,0.00,27.5,36.7,27.8
2026-09-03 22:33:00,28.7,95,101.02,0.00,167,0.00,27.6,36.9,27.9
2026-09-03 22:43:00,28.6,94,101.02,0.00,166,0.00,27.4,36.6,27.7
2026-09-03 22:53:00,28.6,95,101.02,0.00,167,0.00,27.5,36.7,27.8
2026-09-03 23:03:00,28.5,95,101.02,0.00,166,0.00,27.4,36.6,27.7
2026-09-03 23:13:00,28.5,95,101.02,0.00,167,0.00,27.4,36.6,27.7
2026-09-03 23:23:00,28.5,95,101.01,0.00,163,0.00,27.4,36.6,27.7
2026-09-03 23:33:00,28.5,95,101.02,0.00,122,0.00,27.4,36.6,27.7
2026-09-03 23:43:00,28.4,92,101.02,0.00,108,0.00,26.8,36.0,27.2
2026-09-03 23:53:00,28.4,94,101.00,0.00,112,0.00,27.2,36.3,27.5
2026-09-04 00:03:00,28.4,95,101.00,0.00,136,0.00,27.3,36.4,27.6
2026-09-04 00:13:00,28.4,95,101.00,0.00,139,0.00,27.3,36.4,27.6
2026-09-04 00:23:00,28.4,96,100.99,0.00,139,0.00,27.5,36.5,27.8
2026-09-04 00:33:00,28.4,95,100.98,0.00,140,0.00,27.3,36.4,27.6
2026-09-04 00:43:00,28.5,95,100.98,0.00,138,0.00,27.4,36.6,27.7
2026-09-04 00:53:00,28.5,96,100.97,0.00,139,0.00,27.6,36.7,27.9
2026-09-04 01:03:00,28.4,96,100.97,0.00,138,0.00,27.5,36.5,27.8
2026-09-04 01:13:00,28.4,96,100.98,0.00,137,0.00,27.5,36.5,27.8
2026-09-04 01:23:00,28.4,95,100.97,0.00,138,0.00,27.3,36.4,27.6
2026-09-04 01:33:00,28.4,96,100.97,0.00,133,0.00,27.5,36.5,27.8
2026-09-04 01:43:00,28.5,95,100.96,0.00,131,0.00,27.4,36.6,27.7
2026-09-04 01:53:00,28.5,95,100.96,0.00,132,0.00,27.4,36.6,27.7
2026-09-04 02:03:00,28.5,95,100.95,0.00,127,0.00,27.4,36.6,27.7
2026-09-04 02:13:00,28.4,95,100.94,0.00,125,0.00,27.3,36.4,27.6
2026-09-04 02:23:00,28.3,94,100.94,0.00,125,0.00,27.1,36.1,27.4
2026-09-04 02:33:00,28.2,95,100.94,0.00,128,0.00,27.1,36.1,27.4
2026-09-04 02:43:00,28.2,95,100.94,0.00,129,0.00,27.1,36.1,27.4
2026-09-04 02:53:00,28.1,95,100.93,0.00,122,0.00,27.0,35.9,27.3
2026-09-04 03:03:00,28.1,94,100.92,0.00,123,0.00,26.9,35.8,27.2
2026-09-04 03:13:00,28.1,94,100.93,0.00,129,0.00,26.9,35.8,27.2
2026-09-04 03:23:00,28.1,95,100.92,0.00,124,0.00,27.0,35.9,27.3
2026-09-04 03:33:00,28.1,95,100.92,0.00,130,0.00,27.0,35.9,27.3
2026-09-04 03:43:00,28.0,95,100.92,0.00,127,0.00,26.9,35.7,27.2
2026-09-04 03:53:00,28.1,95,100.92,0.00,124,0.00,27.0,35.9,27.3
2026-09-04 04:03:00,28.1,95,100.92,0.00,126,0.00,27.0,35.9,27.3
2026-09-04 04:13:00,27.9,96,100.92,0.00,128,0.00,27.0,35.7,27.3
2026-09-04 04:23:00,28.0,95,100.93,0.00,128,0.00,26.9,35.7,27.2
2026-09-04 04:33:00,27.9,96,100.93,0.00,124,0.00,27.0,35.7,27.3
2026-09-04 04:43:00,27.8,96,100.93,0.00,121,0.00,26.9,35.5,27.2
2026-09-04 04:53:00,27.8,95,100.94,0.00,126,0.00,26.7,35.4,27.0
2026-09-04 05:03:00,27.9,96,100.94,0.00,122,0.00,27.0,35.7,27.3
2026-09-04 05:13:00,27.9,96,100.95,0.00,122,0.00,27.0,35.7,27.3
2026-09-04 05:23:00,27.9,96,100.96,0.00,117,0.00,27.0,35.7,27.3
2026-09-04 05:33:00,27.8,95,100.97,0.00,119,0.00,26.7,35.4,27.0
2026-09-04 05:43:00,27.9,95,100.98,0.00,122,0.00,26.8,35.6,27.1
2026-09-04 05:53:00,27.9,95,100.99,0.00,126,0.00,26.8,35.6,27.1
2026-09-04 06:03:00,28.0,95,101.00,0.00,125,0.00,26.9,35.7,27.2
2026-09-04 06:13:00,28.0,94,101.00,0.00,122,0.00,26.8,35.6,27.1
2026-09-04 06:23:00,28.1,94,101.00,0.00,120,0.00,26.9,35.8,27.2
2026-09-04 06:33:00,28.1,94,101.01,0.00,118,0.00,26.9,35.8,27.2
2026-09-04 06:43:00,28.4,94,101.01,0.00,121,0.00,27.2,36.3,27.5
2026-09-04 06:53:00,28.4,94,101.01,0.00,118,0.00,27.2,36.3,27.5
2026-09-04 07:03:00,28.6,94,101.02,0.00,103,0.00,27.4,36.6,27.7
2026-09-04 07:13:00,28.8,92,101.01,0.00,92,0.00,27.2,36.7,27.6
2026-09-04 07:23:00,29.2,90,101.02,0.00,99,0.00,27.2,37.1,27.7
2026-09-04 07:33:00,29.5,88,101.02,0.00,99,0.00,27.1,37.3,27.7
2026-09-04 07:43:00,29.6,88,101.01,0.00,99,0.00,27.2,37.5,27.8
2026-09-04 07:53:00,30.4,84,101.01,0.00,98,0.00,27.2,38.3,28.0
2026-09-04 08:03:00,30.5,84,101.02,0.00,100,0.00,27.3,38.5,28.1
2026-09-04 08:13:00,30.3,84,101.02,0.00,127,0.00,27.1,38.1,27.9
2026-09-04 08:23:00,30.2,83,101.03,0.00,138,0.00,26.8,37.8,27.6
2026-09-04 08:33:00,31.5,81,101.04,0.00,129,0.00,27.6,39.7,28.6
2026-09-04 08:43:00,30.3,85,101.03,0.00,133,0.00,27.3,38.3,28.0
2026-09-04 08:53:00,31.6,77,101.03,0.00,105,0.00,26.8,39.3,28.0
2026-09-04 09:03:00,32.3,76,101.03,0.00,102,0.00,27.1,40.1,28.4
2026-09-04 09:13:00,34.4,67,101.03,0.00,100,0.00,26.9,42.1,28.8
2026-09-04 09:23:00,33.1,72,101.03,0.00,98,0.00,26.9,40.8,28.5
2026-09-04 09:33:00,33.4,70,101.03,0.00,103,0.00,26.7,40.9,28.4
2026-09-04 09:43:00,32.1,75,101.04,0.00,92,0.00,26.9,39.8,28.2
2026-09-04 09:53:00,34.2,68,101.02,0.00,104,0.00,26.9,41.9,28.8
2026-09-04 10:03:00,32.3,74,101.04,0.00,105,0.00,26.6,39.8,28.1
2026-09-04 10:13:00,33.6,69,101.03,0.00,95,0.00,26.6,41.1,28.4
2026-09-04 10:23:00,33.9,68,101.02,0.00,106,0.00,26.6,41.4,28.5
2026-09-04 10:33:00,31.6,78,101.02,0.00,93,0.00,27.1,39.4,28.2
2026-09-04 10:43:00,32.6,76,101.02,0.00,91,0.00,27.4,40.6,28.7
2026-09-04 10:53:00,33.8,70,100.99,0.00,92,0.00,27.1,41.6,28.8
2026-09-04 11:03:00,33.1,71,100.98,0.00,93,0.00,26.6,40.6,28.3
2026-09-04 11:13:00,31.7,77,101.01,0.00,128,0.00,26.9,39.4,28.1
2026-09-04 11:23:00,29.9,89,101.03,0.00,128,0.00,27.7,38.1,28.2
2026-09-04 11:33:00,29.4,92,101.03,0.00,130,0.00,27.8,37.7,28.2
2026-09-04 11:43:00,29.0,96,101.02,0.00,123,0.00,28.1,37.6,28.4
2026-09-04 11:53:00,29.3,94,101.02,0.00,121,0.00,28.0,37.8,28.4
2026-09-04 12:03:00,30.1,94,101.00,0.00,93,0.00,28.8,39.2,29.2
2026-09-04 12:13:00,31.7,84,100.97,0.00,80,0.00,28.4,40.5,29.2
2026-09-04 12:23:00,33.2,77,100.96,0.00,77,0.00,28.2,41.8,29.4
2026-09-04 12:33:00,33.4,76,100.95,0.00,74,0.00,28.1,42.0,29.4
2026-09-04 12:43:00,32.8,79,100.95,0.00,83,0.00,28.2,41.4,29.3
2026-09-04 12:53:00,31.7,84,100.95,0.00,84,0.00,28.4,40.5,29.2
2026-09-04 13:03:00,32.5,82,100.94,0.00,74,0.00,28.8,41.6,29.7
2026-09-04 13:13:00,33.3,76,100.93,0.00,77,0.00,28.0,41.8,29.3
2026-09-04 13:23:00,32.8,79,100.91,0.00,73,0.00,28.2,41.4,29.3
2026-09-04 13:33:00,32.9,79,100.93,0.00,87,0.00,28.3,41.6,29.4
2026-09-04 13:43:00,31.2,85,100.92,0.00,80,0.00,28.2,39.8,28.9
2026-09-04 13:53:00,31.1,89,100.91,0.00,88,0.00,28.9,40.2,29.4
2026-09-04 14:03:00,31.3,85,100.90,0.00,86,0.00,28.3,40.0,29.0
2026-09-04 14:13:00,31.3,87,100.91,0.00,86,0.00,28.7,40.3,29.3
2026-09-04 14:23:00,30.8,87,100.91,0.00,84,0.00,28.2,39.4,28.8
2026-09-04 14:33:00,30.8,89,100.91,0.00,84,0.00,28.6,39.7,29.1
2026-09-04 14:43:00,30.6,89,100.90,0.00,85,0.00,28.4,39.3,28.9
2026-09-04 14:53:00,31.2,88,100.91,0.00,81,0.00,28.8,40.2,29.3
2026-09-04 15:03:00,32.5,84,100.90,0.00,73,0.00,29.0,41.7,29.8
2026-09-04 15:13:00,32.6,82,100.90,0.00,75,0.00,28.7,41.6,29.6
2026-09-04 15:23:00,31.7,83,100.90,0.00,76,0.00,28.2,40.3,29.1
2026-09-04 15:33:00,32.1,82,100.92,0.00,84,0.00,28.4,40.9,29.3
2026-09-04 15:43:00,31.1,88,100.92,0.00,83,0.00,28.7,40.1,29.3
2026-09-04 15:53:00,30.4,90,100.92,0.00,83,0.00,28.4,39.1,28.9
2026-09-04 16:03:00,30.8,89,100.92,0.00,87,0.00,28.6,39.7,29.1
2026-09-04 16:13:00,29.7,89,100.92,0.00,121,0.00,27.5,37.8,28.0
2026-09-04 16:23:00,29.3,90,100.94,0.00,142,0.00,27.3,37.3,27.8
2026-09-04 16:33:00,29.3,89,100.94,0.00,143,0.00,27.1,37.1,27.6
2026-09-04 16:43:00,29.4,90,100.94,0.00,139,0.00,27.4,37.4,27.9
2026-09-04 16:53:00,29.3,90,100.93,0.00,147,0.00,27.3,37.3,27.8
2026-09-04 17:03:00,29.2,91,100.95,0.00,146,0.00,27.4,37.2,27.8
2026-09-04 17:13:00,29.4,90,100.97,0.00,141,0.00,27.4,37.4,27.9
2026-09-04 17:23:00,29.4,90,100.96,0.00,146,0.00,27.4,37.4,27.9
2026-09-04 17:33:00,29.1,91,100.99,0.00,104,0.00,27.3,37.1,27.7
2026-09-04 17:43:00,28.8,94,101.00,0.00,99,0.00,27.6,36.9,27.9
2026-09-04 17:53:00,28.5,95,101.00,0.00,102,0.00,27.4,36.6,27.7
2026-09-04 18:03:00,28.6,95,100.99,0.00,106,0.00,27.5,36.7,27.8
2026-09-04 18:13:00,28.6,95,101.00,0.00,100,0.00,27.5,36.7,27.8
2026-09-04 18:23:00,28.7,94,101.00,0.00,89,0.00,27.5,36.8,27.8
2026-09-04 18:33:00,28.6,94,101.01,0.00,80,0.00,27.4,36.6,27.7
2026-09-04 18:43:00,28.6,92,101.02,0.00,80,0.00,27.0,36.3,27.4
2026-09-04 18:53:00,28.6,91,101.04,0.00,90,0.00,26.8,36.2,27.2
2026-09-04 19:03:00,28.5,90,101.05,0.00,93,0.00,26.5,35.9,27.0
2026-09-04 19:13:00,28.6,91,101.06,0.00,89,0.00,26.8,36.2,27.2
2026-09-04 19:23:00,28.5,90,101.07,0.00,99,0.00,26.5,35.9,27.0
2026-09-04 19:33:00,28.4,92,101.08,0.00,113,0.00,26.8,36.0,27.2
2026-09-04 19:43:00,28.4,92,101.08,0.00,127,0.00,26.8,36.0,27.2
2026-09-04 19:53:00,28.4,92,101.10,0.00,134,0.00,26.8,36.0,27.2
2026-09-04 20:03:00,28.4,91,101.11,0.00,149,0.00,26.6,35.9,27.0
2026-09-04 20:13:00,28.4,91,101.12,0.00,148,0.00,26.6,35.9,27.0
2026-09-04 20:23:00,28.4,91,101.13,0.00,140,0.00,26.6,35.9,27.0
2026-09-04 20:33:00,28.4,91,101.14,0.00,148,0.00,26.6,35.9,27.0
2026-09-04 20:43:00,28.4,91,101.16,0.00,146,0.00,26.6,35.9,27.0
2026-09-04 20:53:00,28.4,91,101.17,0.00,148,0.00,26.6,35.9,27.0
2026-09-04 21:03:00,28.4,92,101.17,0.00,146,0.00,26.8,36.0,27.2
2026-09-04 21:13:00,28.4,91,101.17,0.00,135,0.00,26.6,35.9,27.0
2026-09-04 21:23:00,28.4,91,101.16,0.00,140,0.00,26.6,35.9,27.0
2026-09-04 21:33:00,28.4,91,101.17,0.00,142,0.00,26.6,35.9,27.0
2026-09-04 21:43:00,28.4,91,101.18,0.00,143,0.00,26.6,35.9,27.0
2026-09-04 21:53:00,28.4,91,101.17,0.00,122,0.00,26.6,35.9,27.0
2026-09-04 22:03:00,28.3,91,101.17,0.00,142,0.00,26.5,35.7,26.9
2026-09-04 22:13:00,28.3,91,101.18,0.00,135,0.00,26.5,35.7,26.9
2026-09-04 22:23:00,28.4,91,101.17,0.00,130,0.00,26.6,35.9,27.0
2026-09-04 22:33:00,28.4,92,101.15,0.00,88,0.00,26.8,36.0,27.2
2026-09-04 22:43:00,28.5,91,101.14,0.00,94,0.00,26.7,36.1,27.1
2026-09-04 22:53:00,28.5,91,101.14,0.00,97,0.00,26.7,36.1,27.1
2026-09-04 23:03:00,28.4,91,101.14,0.00,96,0.00,26.6,35.9,27.0
2026-09-04 23:13:00,28.5,90,101.13,0.00,128,0.00,26.5,35.9,27.0
2026-09-04 23:23:00,28.5,91,101.13,0.00,97,0.00,26.7,36.1,27.1
2026-09-04 23:33:00,28.5,91,101.13,0.00,96,0.00,26.7,36.1,27.1
2026-09-04 23:43:00,28.4,91,101.13,0.00,91,0.00,26.6,35.9,27.0
2026-09-04 23:53:00,28.5,91,101.12,0.00,92,0.00,26.7,36.1,27.1
2026-09-05 00:03:00,28.6,92,101.10,0.00,97,0.00,27.0,36.3,27.4
2026-09-05 00:13:00,28.6,94,101.09,0.00,97,0.00,27.4,36.6,27.7
2026-09-05 00:23:00,28.7,94,101.08,0.00,96,0.00,27.5,36.8,27.8
2026-09-05 00:33:00,28.6,92,101.07,0.00,84,0.00,27.0,36.3,27.4
2026-09-05 00:43:00,28.4,90,101.06,0.00,84,0.00,26.4,35.8,26.9
2026-09-05 00:53:00,28.5,90,101.06,0.00,85,0.00,26.5,35.9,27.0
2026-09-05 01:03:00,28.5,91,101.06,0.00,87,0.00,26.7,36.1,27.1
2026-09-05 01:13:00,28.5,92,101.05,0.00,87,0.00,26.9,36.2,27.3
2026-09-05 01:23:00,28.5,92,101.04,0.00,86,0.00,26.9,36.2,27.3
2026-09-05 01:33:00,28.5,92,101.03,0.00,90,0.00,26.9,36.2,27.3
2026-09-05 01:43:00,28.4,92,101.03,0.00,90,0.00,26.8,36.0,27.2
2026-09-05 01:53:00,28.2,94,101.02,0.00,91,0.00,27.0,35.9,27.3
2026-09-05 02:03:00,28.2,94,101.03,0.00,91,0.00,27.0,35.9,27.3
2026-09-05 02:13:00,28.3,94,101.04,0.00,92,0.00,27.1,36.1,27.4
2026-09-05 02:23:00,28.3,92,101.03,0.00,91,0.00,26.7,35.8,27.1
2026-09-05 02:33:00,28.2,92,101.03,0.00,91,0.00,26.6,35.7,27.0
2026-09-05 02:43:00,28.2,92,101.04,0.00,90,0.00,26.6,35.7,27.0
2026-09-05 02:53:00,28.2,91,101.05,0.00,88,0.00,26.4,35.6,26.8
2026-09-05 03:03:00,28.3,91,101.04,0.00,91,0.00,26.5,35.7,26.9
2026-09-05 03:13:00,28.4,92,101.04,0.00,91,0.00,26.8,36.0,27.2
2026-09-05 03:23:00,28.4,92,101.04,0.00,90,0.00,26.8,36.0,27.2
2026-09-05 03:33:00,28.4,92,101.04,0.00,91,0.00,26.8,36.0,27.2
2026-09-05 03:43:00,28.4,92,101.05,0.00,90,0.00,26.8,36.0,27.2
2026-09-05 03:53:00,28.4,92,101.05,0.00,91,0.00,26.8,36.0,27.2
2026-09-05 04:03:00,28.4,92,101.05,0.00,90,0.00,26.8,36.0,27.2
2026-09-05 04:13:00,28.4,92,101.04,0.00,90,0.00,26.8,36.0,27.2
2026-09-05 04:23:00,28.4,92,101.04,0.00,87,0.00,26.8,36.0,27.2
2026-09-05 04:33:00,28.3,91,101.03,0.00,85,0.00,26.5,35.7,26.9
2026-09-05 04:43:00,28.3,91,101.03,0.00,86,0.00,26.5,35.7,26.9
2026-09-05 04:53:00,28.3,92,101.03,0.00,87,0.00,26.7,35.8,27.1
2026-09-05 05:03:00,28.3,92,101.03,0.00,89,0.00,26.7,35.8,27.1
2026-09-05 05:13:00,28.3,92,101.04,0.00,89,0.00,26.7,35.8,27.1
2026-09-05 05:23:00,28.2,94,101.04,0.00,92,0.00,27.0,35.9,27.3
2026-09-05 05:33:00,28.2,94,101.05,0.00,91,0.00,27.0,35.9,27.3
2026-09-05 05:43:00,28.3,92,101.06,0.00,94,0.00,26.7,35.8,27.1
2026-09-05 05:53:00,28.4,94,101.08,0.00,92,0.00,27.2,36.3,27.5
2026-09-05 06:03:00,28.5,92,101.09,0.00,90,0.00,26.9,36.2,27.3
2026-09-05 06:13:00,28.7,92,101.10,0.00,91,0.00,27.1,36.5,27.5
2026-09-05 06:23:00,28.7,92,101.11,0.00,91,0.00,27.1,36.5,27.5
2026-09-05 06:33:00,28.6,92,101.14,0.00,91,0.00,27.0,36.3,27.4
2026-09-05 06:43:00,28.4,94,101.16,0.00,91,0.00,27.2,36.3,27.5
2026-09-05 06:53:00,28.0,94,101.16,0.00,90,0.00,26.8,35.6,27.1
2026-09-05 07:03:00,28.3,92,101.17,0.00,92,0.00,26.7,35.8,27.1
2026-09-05 07:13:00,28.5,94,101.18,0.00,90,0.00,27.3,36.4,27.6
2026-09-05 07:23:00,28.8,92,101.18,0.00,89,0.00,27.2,36.7,27.6
2026-09-05 07:33:00,29.6,90,101.18,0.00,87,0.00,27.6,37.8,28.1
2026-09-05 07:43:00,29.7,90,101.19,0.00,87,0.00,27.7,37.9,28.2
2026-09-05 07:53:00,29.7,90,101.19,0.00,88,0.00,27.7,37.9,28.2
2026-09-05 08:03:00,29.3,91,101.21,0.00,88,0.00,27.5,37.4,27.9
2026-09-05 08:13:00,29.0,92,101.23,0.00,90,0.00,27.4,37.0,27.8
2026-09-05 08:23:00,28.5,94,101.23,0.00,92,0.00,27.3,36.4,27.6
2026-09-05 08:33:00,28.6,92,101.23,0.00,88,0.00,27.0,36.3,27.4
2026-09-05 08:43:00,28.7,91,101.24,0.00,88,0.00,26.9,36.4,27.3
2026-09-05 08:53:00,29.0,90,101.25,0.00,82,0.00,27.0,36.8,27.5
2026-09-05 09:03:00,29.2,88,101.25,0.00,137,0.00,26.8,36.8,27.4
2026-09-05 09:13:00,28.5,91,101.25,0.00,149,0.00,26.7,36.1,27.1
2026-09-05 09:23:00,28.5,92,101.24,0.00,153,0.00,26.9,36.2,27.3
2026-09-05 09:33:00,28.4,91,101.23,0.00,152,0.00,26.6,35.9,27.0
2026-09-05 09:43:00,29.8,86,101.24,0.00,114,0.00,27.0,37.6,27.7
2026-09-05 09:53:00,31.0,79,101.24,0.00,100,0.00,26.7,38.6,27.8
2026-09-05 10:03:00,30.3,83,101.23,0.00,106,0.00,26.9,38.0,27.7
2026-09-05 10:13:00,30.5,84,101.22,0.00,116,0.00,27.3,38.5,28.1
2026-09-05 10:23:00,34.0,72,101.21,0.00,96,0.00,27.7,42.3,29.3
2026-09-05 10:33:00,28.8,91,101.19,0.00,87,0.00,27.0,36.6,27.4
2026-09-05 10:43:00,28.2,94,101.18,0.00,108,0.00,27.0,35.9,27.3
2026-09-05 10:53:00,28.2,94,101.17,0.00,93,0.00,27.0,35.9,27.3
2026-09-05 11:03:00,29.7,88,101.15,0.00,66,0.00,27.3,37.7,27.9
2026-09-05 11:13:00,29.7,88,101.14,0.00,77,0.00,27.3,37.7,27.9
2026-09-05 11:23:00,29.3,88,101.14,0.00,83,0.00,26.9,37.0,27.5
2026-09-05 11:33:00,29.6,88,101.12,0.00,72,0.00,27.2,37.5,27.8
2026-09-05 11:43:00,29.3,88,101.12,0.00,76,0.00,26.9,37.0,27.5
2026-09-05 11:53:00,29.0,84,101.11,0.00,80,0.00,25.8,36.0,26.6
2026-09-05 12:03:00,29.4,82,101.11,0.00,74,0.00,25.8,36.4,26.7
2026-09-05 12:13:00,29.5,83,101.11,0.00,71,0.00,26.1,36.7,26.9
2026-09-05 12:23:00,29.3,80,101.11,0.00,71,0.00,25.3,35.9,26.3
2026-09-05 12:33:00,29.9,79,101.11,0.00,70,0.00,25.6,36.8,26.7
2026-09-05 12:43:00,29.9,76,101.11,0.00,73,0.00,25.0,36.3,26.3
2026-09-05 12:53:00,29.8,76,101.11,0.00,79,0.00,24.9,36.2,26.2
2026-09-05 13:03:00,29.7,77,101.11,0.00,81,0.00,25.0,36.2,26.2
2026-09-05 13:13:00,29.3,80,101.11,0.00,81,0.00,25.3,35.9,26.3
2026-09-05 13:23:00,29.1,82,101.11,0.00,82,0.00,25.5,35.9,26.4
2026-09-05 13:33:00,29.3,82,101.11,0.00,83,0.00,25.7,36.2,26.6
2026-09-05 13:43:00,28.9,80,101.11,0.00,89,0.00,24.9,35.3,25.9
2026-09-05 13:53:00,28.8,80,101.11,0.00,79,0.00,24.8,35.1,25.8
2026-09-05 14:03:00,29.1,79,101.11,0.00,76,0.00,24.9,35.5,26.0
2026-09-05 14:13:00,29.4,76,101.11,0.00,76,0.00,24.5,35.5,25.8
2026-09-05 14:23:00,29.2,76,101.11,0.00,71,0.00,24.3,35.2,25.6
2026-09-05 14:33:00,29.8,73,101.11,0.00,71,0.00,24.2,35.8,25.7
2026-09-05 14:43:00,30.1,71,101.11,0.00,73,0.00,24.0,36.0,25.7
2026-09-05 14:53:00,29.5,73,101.11,0.00,74,0.00,23.9,35.3,25.4
2026-09-05 15:03:00,29.4,72,101.11,0.00,72,0.00,23.6,35.0,25.2
2026-09-05 15:13:00,29.4,72,101.11,0.00,73,0.00,23.6,35.0,25.2
2026-09-05 15:23:00,29.3,70,101.11,0.00,70,0.00,23.0,34.6,24.8
2026-09-05 15:33:00,29.2,65,101.11,0.00,68,0.00,21.7,33.8,23.9
2026-09-05 15:43:00,29.1,63,101.11,0.00,67,0.00,21.1,33.3,23.5
2026-09-05 15:53:00,29.1,64,101.11,0.00,64,0.00,21.3,33.5,23.7
2026-09-05 16:03:00,29.3,63,101.11,0.00,66,0.00,21.3,33.6,23.7
2026-09-05 16:13:00,29.2,61,101.11,0.00,63,0.00,20.6,33.2,23.3
2026-09-05 16:23:00,29.2,61,101.11,0.00,62,0.00,20.6,33.2,23.3
2026-09-05 16:33:00,29.4,63,101.11,0.00,63,0.00,21.4,33.8,23.8
2026-09-05 16:43:00,29.3,66,101.11,0.00,62,0.00,22.0,34.0,24.2
2026-09-05 16:53:00,29.1,61,101.11,0.00,60,0.00,20.5,33.1,23.2
2026-09-05 17:03:00,29.1,60,101.11,0.00,58,0.00,20.3,32.9,23.0
2026-09-05 17:13:00,29.0,59,101.11,0.00,58,0.00,19.9,32.7,22.8
2026-09-05 17:23:00,28.8,59,101.11,0.00,58,0.00,19.7,32.4,22.6
2026-09-05 17:33:00,28.8,60,101.11,0.00,58,0.00,20.0,32.5,22.8
2026-09-05 17:43:00,28.7,61,101.11,0.00,59,0.00,20.2,32.5,22.8
2026-09-05 17:53:00,28.7,63,101.11,0.00,59,0.00,20.7,32.8,23.1
2026-09-05 18:03:00,28.6,64,101.11,0.00,59,0.00,20.9,32.7,23.2
2026-09-05 18:13:00,28.6,64,101.11,0.00,59,0.00,20.9,32.7,23.2
2026-09-05 18:23:00,28.6,66,101.11,0.00,59,0.00,21.4,33.0,23.5
2026-09-05 18:33:00,28.6,67,101.11,0.00,60,0.00,21.6,33.1,23.7
2026-09-05 18:43:00,28.5,68,101.11,0.00,59,0.00,21.8,33.1,23.7
2026-09-05 18:53:00,28.5,69,101.11,0.00,60,0.00,22.0,33.2,23.9
2026-09-05 19:03:00,28.5,70,101.11,0.00,68,0.00,22.3,33.4,24.0
2026-09-05 19:13:00,28.4,71,101.11,0.00,69,0.00,22.4,33.3,24.1
2026-09-05 19:23:00,28.4,72,101.11,0.00,71,0.00,22.6,33.5,24.3
2026-09-05 19:33:00,28.4,73,101.11,0.00,73,0.00,22.9,33.6,24.4
2026-09-05 19:43:00,28.4,74,101.11,0.00,72,0.00,23.1,33.7,24.6
2026-09-05 19:53:00,28.4,74,101.11,0.00,74,0.00,23.1,33.7,24.6
2026-09-05 20:03:00,28.4,76,101.11,0.00,75,0.00,23.5,34.0,24.9
2026-09-05 20:13:00,28.4,77,101.11,0.00,76,0.00,23.8,34.1,25.0
2026-09-05 20:23:00,28.4,77,101.11,0.00,77,0.00,23.8,34.1,25.0
2026-09-05 20:33:00,28.4,78,101.11,0.00,79,0.00,24.0,34.2,25.2
2026-09-05 20:43:00,28.4,78,101.11,0.00,83,0.00,24.0,34.2,25.2
2026-09-05 20:53:00,28.3,79,101.11,0.00,84,0.00,24.1,34.2,25.2
2026-09-05 21:03:00,28.3,80,101.11,0.00,80,0.00,24.3,34.3,25.4
2026-09-05 21:13:00,28.5,80,101.11,0.00,77,0.00,24.5,34.6,25.5
2026-09-05 21:23:00,28.5,80,101.11,0.00,78,0.00,24.5,34.6,25.5
2026-09-05 22:18:00,28.4,82,101.23,0.00,78,0.00,24.8,34.7,25.7
2026-09-05 22:28:00,28.3,82,101.23,0.00,86,0.00,24.7,34.6,25.6
2026-09-05 22:38:00,28.3,83,101.23,0.00,90,0.00,24.9,34.7,25.8
2026-09-05 22:48:00,28.3,83,101.22,0.00,87,0.00,24.9,34.7,25.8
2026-09-05 22:58:00,28.4,84,101.22,0.00,85,0.00,25.2,35.0,26.0
2026-09-05 23:08:00,28.5,84,101.21,0.00,84,0.00,25.3,35.2,26.1
2026-09-05 23:18:00,28.5,84,101.21,0.00,85,0.00,25.3,35.2,26.1
2026-09-05 23:28:00,28.5,85,101.21,0.00,86,0.00,25.5,35.3,26.3
2026-09-05 23:38:00,28.5,85,101.20,0.00,85,0.00,25.5,35.3,26.3
2026-09-05 23:48:00,28.5,85,101.19,0.00,88,0.00,25.5,35.3,26.3
2026-09-05 23:58:00,28.5,86,101.18,0.00,88,0.00,25.7,35.4,26.4
2026-09-06 00:08:00,28.6,86,101.17,0.00,87,0.00,25.8,35.6,26.5
2026-09-06 00:18:00,28.6,86,101.17,0.00,86,0.00,25.8,35.6,26.5
2026-09-06 00:28:00,28.6,86,101.16,0.00,88,0.00,25.8,35.6,26.5
2026-09-06 00:38:00,28.6,86,101.16,0.00,88,0.00,25.8,35.6,26.5
2026-09-06 00:48:00,28.5,86,101.14,0.00,87,0.00,25.7,35.4,26.4
2026-09-06 00:58:00,28.4,86,101.13,0.00,87,0.00,25.6,35.2,26.3
2026-09-06 01:08:00,28.5,86,101.13,0.00,88,0.00,25.7,35.4,26.4
2026-09-06 01:18:00,28.5,86,101.12,0.00,86,0.00,25.7,35.4,26.4
2026-09-06 01:28:00,28.4,86,101.12,0.00,86,0.00,25.6,35.2,26.3
2026-09-06 01:38:00,28.4,88,101.12,0.00,86,0.00,26.0,35.5,26.6
2026-09-06 01:48:00,28.4,88,101.12,0.00,87,0.00,26.0,35.5,26.6
2026-09-06 01:58:00,28.4,88,101.12,0.00,87,0.00,26.0,35.5,26.6
2026-09-06 02:08:00,28.4,88,101.12,0.00,87,0.00,26.0,35.5,26.6
2026-09-06 02:18:00,28.4,88,101.11,0.00,86,0.00,26.0,35.5,26.6
2026-09-06 02:28:00,28.4,88,101.10,0.00,87,0.00,26.0,35.5,26.6
2026-09-06 02:38:00,28.4,89,101.10,0.00,86,0.00,26.2,35.6,26.8
2026-09-06 02:48:00,28.4,88,101.09,0.00,87,0.00,26.0,35.5,26.6
2026-09-06 02:58:00,28.4,88,101.10,0.00,85,0.00,26.0,35.5,26.6
2026-09-06 03:08:00,28.4,88,101.09,0.00,86,0.00,26.0,35.5,26.6
2026-09-06 03:18:00,28.4,88,101.10,0.00,86,0.00,26.0,35.5,26.6
2026-09-06 03:28:00,28.4,88,101.09,0.00,86,0.00,26.0,35.5,26.6
2026-09-06 03:38:00,28.4,88,101.09,0.00,85,0.00,26.0,35.5,26.6
2026-09-06 03:48:00,28.4,88,101.09,0.00,86,0.00,26.0,35.5,26.6
2026-09-06 03:58:00,28.4,88,101.10,0.00,85,0.00,26.0,35.5,26.6
2026-09-06 04:08:00,28.3,88,101.11,0.00,85,0.00,25.9,35.3,26.5
2026-09-06 04:18:00,28.3,89,101.11,0.00,85,0.00,26.1,35.5,26.7
2026-09-06 04:28:00,28.3,88,101.12,0.00,85,0.00,25.9,35.3,26.5
2026-09-06 04:38:00,28.3,89,101.12,0.00,85,0.00,26.1,35.5,26.7
2026-09-06 04:48:00,28.3,88,101.12,0.00,85,0.00,25.9,35.3,26.5
2026-09-06 04:58:00,28.3,88,101.12,0.00,85,0.00,25.9,35.3,26.5
2026-09-06 05:08:00,28.3,89,101.12,0.00,85,0.00,26.1,35.5,26.7
2026-09-06 05:18:00,28.2,89,101.13,0.00,85,0.00,26.0,35.3,26.6
2026-09-06 05:28:00,28.2,89,101.14,0.00,85,0.00,26.0,35.3,26.6
2026-09-06 05:38:00,28.2,88,101.15,0.00,85,0.00,25.8,35.2,26.4
2026-09-06 05:48:00,28.2,88,101.15,0.00,85,0.00,25.8,35.2,26.4
2026-09-06 05:58:00,28.3,88,101.16,0.00,85,0.00,25.9,35.3,26.5
2026-09-06 06:08:00,28.3,88,101.16,0.00,84,0.00,25.9,35.3,26.5
2026-09-06 06:18:00,28.4,88,101.16,0.00,84,0.00,26.0,35.5,26.6
2026-09-06 06:28:00,28.5,86,101.17,0.00,84,0.00,25.7,35.4,26.4
2026-09-06 06:38:00,28.6,86,101.17,0.00,84,0.00,25.8,35.6,26.5
2026-09-06 06:48:00,28.7,86,101.17,0.00,83,0.00,25.9,35.7,26.6
2026-09-06 06:58:00,28.8,86,101.17,0.00,80,0.00,26.0,35.9,26.7
2026-09-06 07:08:00,28.9,85,101.17,0.00,80,0.00,25.9,35.9,26.7
2026-09-06 07:18:00,29.1,84,101.18,0.00,78,0.00,25.9,36.1,26.7
2026-09-06 07:28:00,29.1,84,101.18,0.00,74,0.00,25.9,36.1,26.7
2026-09-06 07:38:00,29.4,82,101.18,0.00,79,0.00,25.8,36.4,26.7
2026-09-06 07:48:00,29.5,83,101.18,0.00,78,0.00,26.1,36.7,26.9
2026-09-06 07:58:00,29.1,80,101.18,0.00,72,0.00,25.1,35.6,26.1
2026-09-06 08:08:00,29.5,78,101.18,0.00,73,0.00,25.0,36.0,26.2
2026-09-06 08:18:00,29.4,78,101.18,0.00,89,0.00,24.9,35.8,26.1
2026-09-06 08:28:00,28.6,76,101.19,0.00,84,0.00,23.7,34.3,25.0
2026-09-06 08:38:00,28.5,74,101.19,0.00,76,0.00,23.2,33.9,24.7
2026-09-06 08:48:00,29.0,74,101.19,0.00,76,0.00,23.7,34.6,25.1
2026-09-06 08:58:00,28.7,72,101.19,0.00,76,0.00,22.9,33.9,24.5
2026-09-06 09:08:00,29.1,72,101.19,0.00,79,0.00,23.3,34.5,24.9
2026-09-06 09:18:00,29.0,73,101.19,0.00,77,0.00,23.4,34.5,25.0
2026-09-06 09:28:00,28.7,73,101.20,0.00,78,0.00,23.1,34.0,24.7
2026-09-06 09:38:00,29.0,71,101.19,0.00,69,0.00,23.0,34.2,24.7
2026-09-06 09:48:00,29.6,71,101.19,0.00,59,0.00,23.5,35.2,25.2
2026-09-06 09:58:00,29.1,69,101.19,0.00,69,0.00,22.6,34.1,24.4
2026-09-06 10:08:00,30.5,64,101.19,0.00,65,0.00,22.7,35.6,24.9
2026-09-06 10:18:00,30.5,62,101.17,0.00,67,0.00,22.1,35.3,24.6
2026-09-06 10:28:00,30.9,60,101.16,0.00,67,0.00,21.9,35.6,24.6
2026-09-06 10:38:00,30.2,66,101.15,0.00,63,0.00,22.9,35.4,25.0
2026-09-06 10:48:00,29.8,67,101.15,0.00,59,0.00,22.8,34.9,24.8
2026-09-06 10:58:00,30.2,63,101.13,0.00,66,0.00,22.1,35.0,24.5
2026-09-06 11:08:00,29.6,65,101.12,0.00,69,0.00,22.1,34.4,24.3
2026-09-06 11:18:00,29.6,67,101.11,0.00,59,0.00,22.6,34.6,24.6
2026-09-06 11:28:00,30.1,62,101.11,0.00,75,0.00,21.7,34.7,24.2
2026-09-06 11:38:00,29.6,69,101.11,0.00,73,0.00,23.1,34.9,24.9
2026-09-06 11:48:00,29.8,68,101.09,0.00,57,0.00,23.0,35.1,24.9
2026-09-06 11:58:00,30.3,64,101.08,0.00,56,0.00,22.5,35.3,24.8
2026-09-06 12:08:00,29.7,70,101.09,0.00,58,0.00,23.4,35.2,25.2
2026-09-06 12:18:00,29.3,70,101.09,0.00,72,0.00,23.0,34.6,24.8
2026-09-06 12:28:00,29.0,71,101.08,0.00,71,0.00,23.0,34.2,24.7
2026-09-06 12:38:00,29.0,71,101.07,0.00,71,0.00,23.0,34.2,24.7
2026-09-06 12:48:00,29.1,71,101.05,0.00,64,0.00,23.1,34.4,24.8
2026-09-06 12:58:00,29.9,67,101.04,0.00,57,0.00,22.9,35.1,24.9
2026-09-06 13:08:00,29.6,67,101.03,0.00,58,0.00,22.6,34.6,24.6
2026-09-06 13:18:00,29.1,70,101.03,0.00,67,0.00,22.8,34.3,24.6
2026-09-06 13:28:00,29.1,70,101.02,0.00,71,0.00,22.8,34.3,24.6
2026-09-06 13:38:00,29.4,72,101.01,0.00,68,0.00,23.6,35.0,25.2
2026-09-06 13:48:00,29.4,71,101.00,0.00,67,0.00,23.3,34.9,25.0
2026-09-06 13:58:00,29.4,70,101.00,0.00,67,0.00,23.1,34.7,24.9
2026-09-06 14:08:00,29.4,71,101.00,0.00,67,0.00,23.3,34.9,25.0
2026-09-06 14:18:00,29.3,71,101.01,0.00,70,0.00,23.3,34.7,24.9
2026-09-06 14:28:00,29.7,69,101.00,0.00,60,0.00,23.2,35.1,25.0
2026-09-06 14:38:00,30.0,67,100.99,0.00,58,0.00,22.9,35.2,25.0
2026-09-06 14:48:00,30.2,66,100.99,0.00,58,0.00,22.9,35.4,25.0
2026-09-06 14:58:00,29.4,68,100.98,0.00,64,0.00,22.6,34.5,24.6
2026-09-06 15:08:00,29.6,68,100.98,0.00,69,0.00,22.8,34.8,24.8
2026-09-06 15:18:00,29.3,70,100.98,0.00,65,0.00,23.0,34.6,24.8
2026-09-06 15:28:00,29.2,69,100.98,0.00,73,0.00,22.7,34.3,24.5
2026-09-06 15:38:00,29.1,66,100.98,0.00,71,0.00,21.8,33.7,24.0
2026-09-06 15:48:00,29.1,64,100.98,0.00,75,0.00,21.3,33.5,23.7
2026-09-06 15:58:00,29.1,64,100.98,0.00,77,0.00,21.3,33.5,23.7
2026-09-06 16:08:00,29.0,65,100.98,0.00,74,0.00,21.5,33.5,23.7
2026-09-06 16:18:00,29.0,67,100.99,0.00,78,0.00,22.0,33.7,24.0
2026-09-06 16:28:00,29.1,64,100.98,0.00,78,0.00,21.3,33.5,23.7
2026-09-06 16:38:00,29.0,64,100.98,0.00,74,0.00,21.2,33.3,23.6
2026-09-06 16:48:00,29.1,64,101.00,0.00,77,0.00,21.3,33.5,23.7
2026-09-06 16:58:00,29.0,63,101.00,0.00,78,0.00,21.0,33.2,23.4
2026-09-06 17:08:00,29.0,63,100.99,0.00,79,0.00,21.0,33.2,23.4
2026-09-06 17:18:00,29.0,63,101.00,0.00,74,0.00,21.0,33.2,23.4
2026-09-06 17:28:00,29.0,64,101.00,0.00,81,0.00,21.2,33.3,23.6
2026-09-06 17:38:00,28.8,64,101.01,0.00,80,0.00,21.0,33.0,23.4
2026-09-06 17:48:00,28.8,65,101.02,0.00,83,0.00,21.3,33.2,23.6
2026-09-06 17:58:00,28.7,67,101.03,0.00,80,0.00,21.7,33.3,23.8
2026-09-06 18:08:00,28.6,68,101.02,0.00,83,0.00,21.9,33.2,23.8
2026-09-06 18:18:00,28.6,70,101.03,0.00,78,0.00,22.3,33.5,24.1
2026-09-06 18:28:00,28.6,70,101.04,0.00,67,0.00,22.3,33.5,24.1
2026-09-06 18:38:00,28.5,70,101.04,0.00,72,0.00,22.3,33.4,24.0
2026-09-06 18:48:00,28.6,73,101.05,0.00,81,0.00,23.1,33.9,24.6
2026-09-06 18:58:00,28.4,72,101.06,0.00,84,0.00,22.6,33.5,24.3
2026-09-06 19:08:00,28.4,71,101.08,0.00,83,0.00,22.4,33.3,24.1
2026-09-06 19:18:00,28.3,72,101.09,0.00,73,0.00,22.5,33.3,24.2
2026-09-06 19:28:00,28.4,74,101.11,0.00,69,0.00,23.1,33.7,24.6
2026-09-06 19:38:00,28.4,72,101.12,0.00,74,0.00,22.6,33.5,24.3
2026-09-06 19:48:00,28.4,72,101.12,0.00,72,0.00,22.6,33.5,24.3
2026-09-06 19:58:00,28.3,71,101.13,0.00,76,0.00,22.3,33.2,24.0
2026-09-06 20:08:00,28.3,71,101.14,0.00,69,0.00,22.3,33.2,24.0
2026-09-06 20:18:00,28.4,71,101.15,0.00,67,0.00,22.4,33.3,24.1
2026-09-06 20:28:00,28.3,71,101.15,0.00,66,0.00,22.3,33.2,24.0
2026-09-06 20:38:00,28.4,71,101.15,0.00,70,0.00,22.4,33.3,24.1
2026-09-06 20:48:00,28.4,71,101.16,0.00,58,0.00,22.4,33.3,24.1
2026-09-06 20:58:00,28.4,72,101.17,0.00,59,0.00,22.6,33.5,24.3
2026-09-06 21:08:00,28.4,72,101.17,0.00,65,0.00,22.6,33.5,24.3
2026-09-06 21:18:00,28.4,72,101.18,0.00,70,0.00,22.6,33.5,24.3
2026-09-06 21:28:00,28.2,73,101.18,0.00,74,0.00,22.7,33.3,24.2
2026-09-06 21:38:00,28.1,73,101.17,0.00,79,0.00,22.6,33.1,24.1
2026-09-06 21:48:00,28.2,73,101.16,0.00,73,0.00,22.7,33.3,24.2
2026-09-06 21:58:00,28.3,76,101.14,0.00,74,0.00,23.4,33.8,24.8
2026-09-06 22:08:00,28.4,79,101.13,0.00,78,0.00,24.2,34.4,25.3
2026-09-06 22:18:00,28.3,80,101.13,0.00,79,0.00,24.3,34.3,25.4
2026-09-06 22:28:00,28.2,77,101.12,0.00,74,0.00,23.6,33.8,24.8
2026-09-06 22:38:00,28.2,77,101.11,0.00,74,0.00,23.6,33.8,24.8
2026-09-06 22:48:00,28.3,79,101.11,0.00,74,0.00,24.1,34.2,25.2
2026-09-06 22:58:00,28.3,79,101.10,0.00,74,0.00,24.1,34.2,25.2
2026-09-06 23:08:00,28.4,80,101.10,0.00,74,0.00,24.4,34.5,25.4
2026-09-06 23:18:00,28.4,80,101.09,0.00,74,0.00,24.4,34.5,25.4
2026-09-06 23:28:00,28.4,82,101.09,0.00,76,0.00,24.8,34.7,25.7
2026-09-06 23:38:00,28.4,82,101.08,0.00,78,0.00,24.8,34.7,25.7
2026-09-06 23:48:00,28.3,82,101.08,0.00,74,0.00,24.7,34.6,25.6
2026-09-06 23:58:00,28.4,82,101.07,0.00,80,0.00,24.8,34.7,25.7
2026-09-07 00:08:00,28.3,85,101.06,0.00,80,0.00,25.3,35.0,26.1
2026-09-07 00:18:00,28.3,85,101.05,0.00,73,0.00,25.3,35.0,26.1
2026-09-07 00:28:00,28.2,83,101.04,0.00,76,0.00,24.8,34.5,25.7
2026-09-07 00:38:00,28.2,83,101.04,0.00,73,0.00,24.8,34.5,25.7
2026-09-07 00:48:00,28.2,82,101.04,0.00,73,0.00,24.6,34.4,25.5
2026-09-07 00:58:00,28.2,82,101.03,0.00,73,0.00,24.6,34.4,25.5
2026-09-07 01:08:00,28.1,80,101.03,0.00,73,0.00,24.1,34.0,25.2
2026-09-07 01:18:00,28.1,82,101.03,0.00,73,0.00,24.5,34.3,25.5
2026-09-07 01:28:00,28.1,82,101.02,0.00,74,0.00,24.5,34.3,25.5
2026-09-07 01:38:00,28.1,83,101.02,0.00,74,0.00,24.7,34.4,25.6
2026-09-07 01:48:00,28.1,83,101.01,0.00,74,0.00,24.7,34.4,25.6
2026-09-07 01:58:00,28.1,83,101.00,0.00,78,0.00,24.7,34.4,25.6
2026-09-07 02:08:00,28.1,84,100.99,0.00,77,0.00,24.9,34.5,25.7
2026-09-07 02:18:00,28.2,84,100.99,0.00,74,0.00,25.0,34.7,25.8
2026-09-07 02:28:00,28.2,83,100.98,0.00,74,0.00,24.8,34.5,25.7
2026-09-07 02:38:00,28.1,83,100.99,0.00,76,0.00,24.7,34.4,25.6
2026-09-07 02:48:00,28.1,84,100.98,0.00,74,0.00,24.9,34.5,25.7
2026-09-07 02:58:00,28.1,84,100.98,0.00,78,0.00,24.9,34.5,25.7
2026-09-07 03:08:00,28.1,85,100.97,0.00,77,0.00,25.1,34.6,25.9
2026-09-07 03:18:00,28.0,84,100.98,0.00,78,0.00,24.8,34.3,25.6
2026-09-07 03:28:00,28.0,85,100.96,0.00,79,0.00,25.0,34.5,25.8
2026-09-07 03:38:00,28.0,84,100.97,0.00,83,0.00,24.8,34.3,25.6
2026-09-07 03:48:00,28.1,85,100.96,0.00,83,0.00,25.1,34.6,25.9
2026-09-07 03:58:00,28.1,85,100.96,0.00,85,0.00,25.1,34.6,25.9
2026-09-07 04:08:00,28.1,85,100.97,0.00,84,0.00,25.1,34.6,25.9
2026-09-07 04:18:00,28.1,85,100.97,0.00,83,0.00,25.1,34.6,25.9
2026-09-07 04:28:00,28.0,84,100.98,0.00,83,0.00,24.8,34.3,25.6
2026-09-07 04:38:00,28.0,84,100.99,0.00,81,0.00,24.8,34.3,25.6
2026-09-07 04:48:00,28.0,84,100.98,0.00,81,0.00,24.8,34.3,25.6
2026-09-07 04:58:00,28.0,84,100.98,0.00,81,0.00,24.8,34.3,25.6
2026-09-07 05:08:00,28.0,83,100.99,0.00,79,0.00,24.6,34.2,25.5
2026-09-07 05:18:00,28.0,83,101.00,0.00,79,0.00,24.6,34.2,25.5
2026-09-07 05:28:00,28.0,83,101.02,0.00,79,0.00,24.6,34.2,25.5
2026-09-07 05:38:00,28.0,83,101.03,0.00,79,0.00,24.6,34.2,25.5
2026-09-07 05:48:00,28.0,83,101.04,0.00,81,0.00,24.6,34.2,25.5
2026-09-07 05:58:00,28.1,82,101.04,0.00,85,0.00,24.5,34.3,25.5
2026-09-07 06:08:00,28.1,80,101.06,0.00,83,0.00,24.1,34.0,25.2
2026-09-07 06:18:00,28.1,80,101.06,0.00,81,0.00,24.1,34.0,25.2
2026-09-07 06:28:00,28.1,79,101.07,0.00,84,0.00,23.9,33.9,25.0
2026-09-07 06:38:00,28.1,79,101.07,0.00,97,0.00,23.9,33.9,25.0
2026-09-07 06:48:00,27.8,80,101.08,0.00,93,0.00,23.8,33.5,24.9
2026-09-07 06:58:00,27.6,78,101.09,0.00,79,0.00,23.4,33.1,24.5
2026-09-07 07:08:00,28.1,77,101.09,0.00,67,0.00,23.5,33.6,24.7
2026-09-07 07:18:00,28.5,74,101.09,0.00,65,0.00,23.2,33.9,24.7
2026-09-07 07:28:00,28.7,73,101.10,0.00,66,0.00,23.1,34.0,24.7
2026-09-07 07:38:00,29.1,71,101.10,0.00,65,0.00,23.1,34.4,24.8
2026-09-07 07:48:00,29.3,70,101.09,0.00,62,0.00,23.0,34.6,24.8
2026-09-07 07:58:00,29.7,67,101.10,0.00,66,0.00,22.7,34.8,24.7
2026-09-07 08:08:00,28.7,69,101.11,0.00,68,0.00,22.2,33.5,24.1
2026-09-07 08:18:00,28.3,67,101.12,0.00,68,0.00,21.3,32.7,23.4
2026-09-07 08:28:00,28.2,66,101.12,0.00,70,0.00,21.0,32.4,23.2
2026-09-07 08:38:00,27.9,67,101.13,0.00,70,0.00,21.0,32.1,23.0
2026-09-07 08:48:00,28.2,66,101.14,0.00,77,0.00,21.0,32.4,23.2
2026-09-07 08:58:00,27.5,68,101.13,0.00,77,0.00,21.1,31.7,23.0
2026-09-07 09:08:00,27.3,72,101.13,0.00,74,0.00,21.6,31.8,23.2
2026-09-07 09:18:00,27.4,70,101.14,0.00,75,0.00,21.4,31.8,23.2
2026-09-07 09:28:00,27.7,72,101.13,0.00,79,0.00,22.0,32.4,23.6
2026-09-07 09:38:00,27.3,72,101.14,0.00,86,0.00,21.8,31.9,23.4
2026-09-07 09:48:00,27.2,74,101.14,0.00,88,0.00,22.2,32.0,23.6
2026-09-07 09:58:00,27.3,74,101.14,0.00,86,0.00,22.3,32.2,23.7
2026-09-07 10:08:00,27.6,78,101.14,0.00,83,0.00,23.2,33.0,24.4
2026-09-07 10:18:00,27.9,78,101.13,0.00,81,0.00,23.5,33.4,24.7
2026-09-07 10:28:00,28.4,74,101.11,0.00,79,0.00,23.1,33.7,24.6
2026-09-07 10:38:00,28.6,72,101.10,0.00,78,0.00,22.8,33.8,24.4
2026-09-07 10:48:00,28.6,73,101.09,0.00,81,0.00,23.1,33.9,24.6
2026-09-07 10:58:00,28.5,73,101.09,0.00,81,0.00,23.0,33.7,24.5
2026-09-07 11:08:00,28.6,74,101.08,0.00,79,0.00,23.3,34.0,24.7
2026-09-07 11:18:00,28.6,72,101.06,0.00,72,0.00,22.8,33.8,24.4
2026-09-07 11:28:00,29.5,70,101.05,0.00,71,0.00,23.2,34.9,25.0
2026-09-07 11:38:00,28.8,68,101.03,0.00,78,0.00,22.1,33.6,24.0
2026-09-07 11:48:00,28.5,71,101.02,0.00,79,0.00,22.5,33.5,24.2
2026-09-07 11:58:00,28.5,70,101.01,0.00,81,0.00,22.3,33.4,24.0
2026-09-07 12:08:00,28.4,72,101.01,0.00,79,0.00,22.6,33.5,24.3
2026-09-07 12:18:00,28.4,72,101.00,0.00,81,0.00,22.6,33.5,24.3
2026-09-07 12:28:00,28.4,73,100.99,0.00,85,0.00,22.9,33.6,24.4
2026-09-07 12:38:00,28.5,73,100.98,0.00,83,0.00,23.0,33.7,24.5
2026-09-07 12:48:00,28.8,72,100.97,0.00,81,0.00,23.0,34.1,24.6
2026-09-07 12:58:00,28.8,71,100.96,0.00,81,0.00,22.8,33.9,24.5
2026-09-07 13:08:00,28.7,72,100.95,0.00,86,0.00,22.9,33.9,24.5
2026-09-07 13:18:00,28.6,71,100.95,0.00,82,0.00,22.6,33.6,24.3
2026-09-07 13:28:00,29.0,71,100.94,0.00,76,0.00,23.0,34.2,24.7
2026-09-07 13:38:00,29.1,63,100.93,0.00,74,0.00,21.1,33.3,23.5
2026-09-07 13:48:00,29.1,64,100.92,0.00,70,0.00,21.3,33.5,23.7
2026-09-07 13:58:00,29.0,62,100.90,0.00,70,0.00,20.7,33.1,23.3
2026-09-07 14:08:00,29.1,61,100.91,0.00,69,0.00,20.5,33.1,23.2
2026-09-07 14:18:00,29.0,62,100.91,0.00,69,0.00,20.7,33.1,23.3
2026-09-07 14:28:00,29.1,64,100.91,0.00,68,0.00,21.3,33.5,23.7
2026-09-07 14:38:00,29.6,64,100.90,0.00,67,0.00,21.8,34.2,24.1
2026-09-07 14:48:00,29.2,61,100.91,0.00,66,0.00,20.6,33.2,23.3
2026-09-07 14:58:00,29.2,61,100.90,0.00,66,0.00,20.6,33.2,23.3
2026-09-07 15:08:00,29.2,62,100.89,0.00,65,0.00,20.9,33.4,23.4
2026-09-07 15:18:00,29.3,64,100.90,0.00,68,0.00,21.5,33.8,23.8
2026-09-07 15:28:00,29.2,65,100.91,0.00,71,0.00,21.7,33.8,23.9
2026-09-07 15:38:00,29.1,66,100.90,0.00,72,0.00,21.8,33.7,24.0
2026-09-07 15:48:00,29.2,67,100.89,0.00,66,0.00,22.2,34.0,24.2
2026-09-07 15:58:00,29.2,67,100.89,0.00,71,0.00,22.2,34.0,24.2
2026-09-07 16:08:00,29.1,66,100.89,0.00,71,0.00,21.8,33.7,24.0
2026-09-07 16:18:00,29.1,66,100.91,0.00,73,0.00,21.8,33.7,24.0
2026-09-07 16:28:00,29.0,69,100.91,0.00,75,0.00,22.5,34.0,24.4
2026-09-07 16:38:00,29.0,67,100.92,0.00,79,0.00,22.0,33.7,24.0
2026-09-07 16:48:00,28.9,67,100.92,0.00,77,0.00,21.9,33.6,24.0
2026-09-07 16:58:00,28.9,66,100.93,0.00,81,0.00,21.7,33.4,23.8
2026-09-07 17:08:00,28.8,67,100.93,0.00,81,0.00,21.8,33.4,23.9
2026-09-07 17:18:00,28.8,68,100.94,0.00,80,0.00,22.1,33.6,24.0
2026-09-07 17:28:00,28.7,67,100.94,0.00,85,0.00,21.7,33.3,23.8
2026-09-07 17:38:00,28.5,69,100.95,0.00,80,0.00,22.0,33.2,23.9
2026-09-07 17:48:00,28.5,69,100.96,0.00,90,0.00,22.0,33.2,23.9
2026-09-07 17:58:00,28.3,69,100.98,0.00,72,0.00,21.8,32.9,23.7
2026-09-07 18:08:00,28.2,66,101.00,0.00,71,0.00,21.0,32.4,23.2
2026-09-07 18:18:00,28.2,66,101.01,0.00,83,0.00,21.0,32.4,23.2
2026-09-07 18:28:00,28.2,64,101.02,0.00,81,0.00,20.5,32.1,22.8
2026-09-07 18:38:00,28.2,67,101.03,0.00,79,0.00,21.2,32.5,23.3
2026-09-07 18:48:00,28.3,68,101.05,0.00,87,0.00,21.6,32.8,23.6
2026-09-07 18:58:00,28.2,70,101.06,0.00,88,0.00,22.0,32.9,23.8
2026-09-07 19:08:00,28.2,72,101.07,0.00,86,0.00,22.4,33.2,24.1
2026-09-07 19:18:00,28.3,72,101.08,0.00,85,0.00,22.5,33.3,24.2
2026-09-07 19:28:00,28.3,72,101.10,0.00,76,0.00,22.5,33.3,24.2
2026-09-07 19:38:00,28.4,72,101.10,0.00,72,0.00,22.6,33.5,24.3
2026-09-07 19:48:00,28.4,72,101.11,0.00,72,0.00,22.6,33.5,24.3
2026-09-07 19:58:00,28.5,73,101.11,0.00,73,0.00,23.0,33.7,24.5
2026-09-07 20:08:00,28.4,73,101.12,0.00,72,0.00,22.9,33.6,24.4
2026-09-07 20:18:00,28.4,73,101.12,0.00,66,0.00,22.9,33.6,24.4
2026-09-07 20:28:00,28.2,74,101.13,0.00,82,0.00,22.9,33.4,24.4
2026-09-07 20:38:00,28.1,74,101.14,0.00,85,0.00,22.8,33.3,24.3
2026-09-07 20:48:00,28.1,76,101.15,0.00,83,0.00,23.2,33.5,24.6
2026-09-07 20:58:00,28.1,76,101.14,0.00,92,0.00,23.2,33.5,24.6
2026-09-07 21:08:00,28.3,77,101.14,0.00,84,0.00,23.7,33.9,24.9
2026-09-07 21:18:00,28.4,76,101.15,0.00,87,0.00,23.5,34.0,24.9
2026-09-07 21:28:00,28.0,77,101.14,0.00,88,0.00,23.4,33.5,24.6
2026-09-07 21:38:00,28.0,77,101.13,0.00,82,0.00,23.4,33.5,24.6
2026-09-07 21:48:00,28.0,78,101.14,0.00,78,0.00,23.6,33.6,24.8
2026-09-07 21:58:00,27.9,80,101.13,0.00,86,0.00,23.9,33.7,25.0
2026-09-07 22:08:00,28.0,79,101.13,0.00,84,0.00,23.8,33.7,24.9
2026-09-07 22:18:00,28.0,79,101.13,0.00,93,0.00,23.8,33.7,24.9
2026-09-07 22:28:00,27.9,81,101.13,0.00,86,0.00,24.1,33.8,25.1
2026-09-07 22:38:00,28.1,79,101.12,0.00,84,0.00,23.9,33.9,25.0
2026-09-07 22:48:00,28.0,79,101.11,0.00,87,0.00,23.8,33.7,24.9
2026-09-07 22:58:00,28.0,79,101.11,0.00,88,0.00,23.8,33.7,24.9
2026-09-07 23:08:00,28.0,80,101.11,0.00,92,0.00,24.0,33.8,25.1
2026-09-07 23:18:00,27.8,81,101.12,0.00,99,0.00,24.0,33.7,25.0
2026-09-07 23:28:00,27.7,80,101.11,0.00,93,0.00,23.9,33.5,24.9
2026-09-07 23:38:00,27.9,81,101.10,0.00,82,0.00,24.1,33.8,25.1
2026-09-07 23:48:00,27.9,81,101.10,0.00,81,0.00,24.1,33.8,25.1
2026-09-07 23:58:00,28.0,83,101.09,0.00,81,0.00,24.6,34.2,25.5
2026-09-08 00:08:00,28.1,84,101.08,0.00,80,0.00,24.9,34.5,25.7
2026-09-08 00:18:00,28.1,83,101.08,0.00,77,0.00,24.7,34.4,25.6
2026-09-08 00:28:00,28.1,82,101.06,0.00,77,0.00,24.5,34.3,25.5
2026-09-08 00:38:00,28.1,82,101.06,0.00,76,0.00,24.5,34.3,25.5
2026-09-08 00:48:00,28.1,83,101.07,0.00,75,0.00,24.7,34.4,25.6
2026-09-08 00:58:00,28.1,82,101.07,0.00,76,0.00,24.5,34.3,25.5
2026-09-08 01:08:00,28.1,82,101.07,0.00,75,0.00,24.5,34.3,25.5
2026-09-08 01:18:00,28.2,82,101.07,0.00,74,0.00,24.6,34.4,25.5
2026-09-08 01:28:00,28.1,82,101.07,0.00,74,0.00,24.5,34.3,25.5
2026-09-08 01:38:00,28.2,80,101.06,0.00,74,0.00,24.2,34.2,25.3
2026-09-08 01:48:00,28.2,82,101.05,0.00,74,0.00,24.6,34.4,25.5
2026-09-08 01:58:00,28.1,80,101.05,0.00,74,0.00,24.1,34.0,25.2
2026-09-08 02:08:00,28.1,82,101.05,0.00,74,0.00,24.5,34.3,25.5
2026-09-08 02:18:00,28.1,82,101.04,0.00,76,0.00,24.5,34.3,25.5
2026-09-08 02:28:00,28.0,83,101.03,0.00,76,0.00,24.6,34.2,25.5
2026-09-08 02:38:00,28.0,83,101.02,0.00,77,0.00,24.6,34.2,25.5
2026-09-08 02:48:00,28.0,84,101.02,0.00,78,0.00,24.8,34.3,25.6
2026-09-08 02:58:00,27.9,85,101.03,0.00,79,0.00,24.9,34.3,25.7
2026-09-08 03:08:00,27.9,86,101.03,0.00,79,0.00,25.1,34.4,25.8
2026-09-08 03:18:00,27.9,86,101.04,0.00,80,0.00,25.1,34.4,25.8
2026-09-08 03:28:00,27.8,86,101.04,0.00,80,0.00,25.0,34.3,25.7
2026-09-08 03:38:00,27.7,86,101.04,0.00,81,0.00,24.9,34.1,25.6
2026-09-08 03:48:00,27.7,86,101.05,0.00,81,0.00,24.9,34.1,25.6
2026-09-08 03:58:00,27.7,86,101.05,0.00,80,0.00,24.9,34.1,25.6
2026-09-08 04:08:00,27.7,86,101.06,0.00,81,0.00,24.9,34.1,25.6
2026-09-08 04:18:00,27.7,86,101.05,0.00,80,0.00,24.9,34.1,25.6
2026-09-08 04:28:00,27.7,86,101.06,0.00,81,0.00,25.1,34.2,25.8
2026-09-08 04:38:00,27.7,86,101.07,0.00,81,0.00,25.1,34.2,25.8
2026-09-08 04:48:00,27.7,86,101.07,0.00,81,0.00,25.1,34.2,25.8
2026-09-08 04:58:00,27.7,86,101.08,0.00,84,0.00,25.1,34.2,25.8
2026-09-08 05:08:00,27.7,86,101.09,0.00,84,0.00,25.1,34.2,25.8
2026-09-08 05:18:00,27.7,86,101.11,0.00,84,0.00,24.9,34.1,25.6
2026-09-08 05:28:00,27.8,86,101.12,0.00,82,0.00,25.0,34.3,25.7
2026-09-08 05:38:00,27.7,86,101.14,0.00,80,0.00,24.9,34.1,25.6
2026-09-08 05:48:00,27.8,85,101.15,0.00,83,0.00,24.8,34.2,25.6
2026-09-08 05:58:00,27.8,84,101.16,0.00,90,0.00,24.6,34.0,25.5
2026-09-08 06:08:00,27.7,80,101.16,0.00,87,0.00,23.9,33.5,24.9
2026-09-08 06:18:00,27.6,80,101.17,0.00,85,0.00,23.6,33.2,24.7
2026-09-08 06:28:00,27.8,81,101.18,0.00,83,0.00,24.0,33.7,25.0
2026-09-08 06:38:00,27.8,83,101.18,0.00,82,0.00,24.4,33.9,25.3
2026-09-08 06:48:00,27.8,81,101.18,0.00,76,0.00,24.0,33.7,25.0
2026-09-08 06:58:00,28.1,79,101.17,0.00,74,0.00,23.9,33.9,25.0
2026-09-08 07:08:00,28.3,78,101.18,0.00,72,0.00,23.9,34.1,25.1
2026-09-08 07:18:00,28.5,77,101.18,0.00,72,0.00,23.9,34.3,25.1
2026-09-08 07:28:00,28.6,74,101.18,0.00,68,0.00,23.3,34.0,24.7
2026-09-08 07:38:00,28.8,73,101.19,0.00,67,0.00,23.2,34.2,24.8
2026-09-08 07:48:00,29.1,72,101.21,0.00,70,0.00,23.3,34.5,24.9
2026-09-08 07:58:00,27.5,74,101.21,0.00,71,0.00,22.4,32.5,23.9
2026-09-08 08:08:00,27.9,74,101.21,0.00,80,0.00,22.6,32.9,24.1
2026-09-08 08:18:00,27.8,74,101.22,0.00,79,0.00,22.5,32.8,24.0
2026-09-08 08:28:00,27.6,72,101.22,0.00,76,0.00,22.1,32.4,23.7
2026-09-08 08:38:00,28.2,72,101.23,0.00,86,0.00,22.4,33.2,24.1
2026-09-08 08:48:00,27.7,74,101.24,0.00,84,0.00,22.4,32.6,23.9
2026-09-08 08:58:00,27.8,73,101.22,0.00,76,0.00,22.3,32.7,23.8
2026-09-08 09:08:00,28.6,70,101.22,0.00,75,0.00,22.3,33.5,24.1
2026-09-08 09:18:00,28.0,67,101.21,0.00,77,0.00,21.1,32.2,23.1
2026-09-08 09:28:00,28.1,64,101.20,0.00,76,0.00,20.4,32.0,22.8
2026-09-08 09:38:00,28.1,64,101.21,0.00,77,0.00,20.4,32.0,22.8
2026-09-08 09:48:00,28.1,63,101.21,0.00,74,0.00,20.1,31.9,22.6
2026-09-08 09:58:00,28.2,61,101.19,0.00,75,0.00,19.7,31.8,22.4
2026-09-08 10:08:00,28.2,62,101.19,0.00,73,0.00,20.0,31.9,22.5
2026-09-08 10:18:00,28.5,63,101.19,0.00,74,0.00,20.5,32.5,23.0
2026-09-08 10:28:00,28.2,61,101.18,0.00,73,0.00,19.7,31.8,22.4
2026-09-08 10:38:00,28.3,59,101.18,0.00,74,0.00,19.2,31.7,22.1
2026-09-08 10:48:00,28.3,61,101.16,0.00,72,0.00,19.8,31.9,22.5
2026-09-08 10:58:00,28.6,61,101.17,0.00,62,0.00,20.1,32.3,22.7
2026-09-08 11:08:00,28.8,62,101.16,0.00,60,0.00,20.5,32.8,23.1
2026-09-08 11:18:00,29.1,61,101.14,0.00,58,0.00,20.5,33.1,23.2
2026-09-08 11:28:00,29.4,61,101.13,0.00,57,0.00,20.8,33.5,23.5
2026-09-08 11:38:00,30.0,57,101.13,0.00,59,0.00,20.3,33.8,23.3
2026-09-08 11:48:00,28.8,62,101.12,0.00,60,0.00,20.5,32.8,23.1
2026-09-08 11:58:00,29.1,62,101.11,0.00,65,0.00,20.8,33.2,23.3
2026-09-08 12:08:00,28.8,63,101.09,0.00,61,0.00,20.8,32.9,23.2
2026-09-08 12:18:00,28.9,59,101.09,0.00,61,0.00,19.8,32.5,22.7
2026-09-08 12:28:00,28.8,62,101.10,0.00,72,0.00,20.5,32.8,23.1
2026-09-08 12:38:00,28.5,65,101.09,0.00,74,0.00,21.0,32.7,23.3
2026-09-08 12:48:00,28.4,64,101.08,0.00,66,0.00,20.7,32.4,23.0
2026-09-08 12:58:00,28.8,63,101.07,0.00,67,0.00,20.8,32.9,23.2
2026-09-08 13:08:00,28.6,62,101.07,0.00,66,0.00,20.3,32.5,22.9
2026-09-08 13:18:00,28.5,61,101.06,0.00,63,0.00,20.0,32.2,22.6
2026-09-08 13:28:00,28.7,58,101.05,0.00,63,0.00,19.3,32.1,22.3
2026-09-08 13:38:00,28.9,58,101.04,0.00,61,0.00,19.5,32.4,22.5
2026-09-08 13:48:00,28.7,57,101.04,0.00,61,0.00,19.1,32.0,22.2
2026-09-08 13:58:00,28.7,59,101.03,0.00,62,0.00,19.6,32.2,22.5
2026-09-08 14:08:00,28.7,56,101.04,0.00,61,0.00,18.8,31.8,22.0
2026-09-08 14:18:00,28.8,55,101.04,0.00,60,0.00,18.6,31.9,21.9
2026-09-08 14:28:00,28.9,53,101.04,0.00,59,0.00,18.1,31.7,21.7
2026-09-08 14:38:00,28.7,54,101.04,0.00,57,0.00,18.2,31.6,21.7
2026-09-08 14:48:00,29.3,54,101.04,0.00,56,0.00,18.7,32.4,22.2
2026-09-08 14:58:00,29.2,54,101.04,0.00,55,0.00,18.6,32.3,22.1
2026-09-08 15:08:00,29.2,53,101.03,0.00,55,0.00,18.3,32.2,22.0
2026-09-08 15:18:00,29.0,53,101.03,0.00,58,0.00,18.1,31.9,21.8
2026-09-08 15:28:00,28.7,51,101.04,0.00,58,0.00,17.2,31.2,21.2
2026-09-08 15:38:00,28.8,53,101.04,0.00,58,0.00,18.0,31.6,21.6
2026-09-08 15:48:00,28.7,52,101.06,0.00,58,0.00,17.6,31.3,21.3
2026-09-08 15:58:00,28.8,54,101.07,0.00,59,0.00,18.3,31.7,21.8
2026-09-08 16:08:00,28.7,57,101.07,0.00,59,0.00,19.1,32.0,22.2
2026-09-08 16:18:00,28.7,56,101.09,0.00,62,0.00,18.8,31.8,22.0
2026-09-08 16:28:00,28.6,56,101.09,0.00,62,0.00,18.7,31.7,21.9
2026-09-08 16:38:00,28.5,56,101.11,0.00,64,0.00,18.6,31.6,21.8
2026-09-08 16:48:00,28.6,59,101.12,0.00,68,0.00,19.5,32.1,22.4
2026-09-08 16:58:00,28.5,62,101.14,0.00,75,0.00,20.2,32.3,22.8
2026-09-08 17:08:00,28.4,63,101.15,0.00,74,0.00,20.4,32.3,22.9
2026-09-08 17:18:00,28.3,62,101.16,0.00,71,0.00,20.1,32.0,22.6
2026-09-08 17:28:00,28.2,60,101.17,0.00,66,0.00,19.4,31.6,22.2
2026-09-08 17:38:00,28.2,62,101.18,0.00,76,0.00,20.0,31.9,22.5
2026-09-08 17:48:00,28.1,65,101.20,0.00,78,0.00,20.6,32.1,22.9
2026-09-08 17:58:00,28.0,64,101.21,0.00,78,0.00,20.3,31.9,22.7
2026-09-08 18:08:00,28.0,66,101.22,0.00,71,0.00,20.8,32.1,23.0
2026-09-08 18:18:00,28.0,69,101.22,0.00,78,0.00,21.5,32.5,23.4
2026-09-08 18:28:00,27.9,70,101.23,0.00,79,0.00,21.7,32.5,23.5
2026-09-08 18:38:00,27.9,70,101.24,0.00,79,0.00,21.7,32.5,23.5
2026-09-08 18:48:00,28.0,71,101.25,0.00,80,0.00,22.0,32.7,23.7
2026-09-08 18:58:00,27.9,71,101.26,0.00,82,0.00,21.9,32.6,23.6
2026-09-08 19:08:00,27.8,72,101.28,0.00,87,0.00,22.1,32.5,23.7
2026-09-08 19:18:00,27.7,74,101.29,0.00,79,0.00,22.4,32.6,23.9
2026-09-08 19:28:00,27.9,74,101.31,0.00,78,0.00,22.6,32.9,24.1
2026-09-08 19:38:00,27.9,75,101.33,0.00,68,0.00,22.8,33.1,24.2
2026-09-08 19:48:00,27.9,77,101.34,0.00,82,0.00,23.3,33.3,24.5
2026-09-08 19:58:00,27.9,75,101.35,0.00,70,0.00,22.8,33.1,24.2
2026-09-08 20:08:00,27.9,75,101.36,0.00,75,0.00,22.8,33.1,24.2
2026-09-08 20:18:00,27.9,74,101.37,0.00,72,0.00,22.6,32.9,24.1
2026-09-08 20:28:00,27.9,74,101.38,0.00,75,0.00,22.6,32.9,24.1
2026-09-08 20:38:00,27.8,75,101.38,0.00,82,0.00,22.7,32.9,24.1
2026-09-08 20:48:00,27.9,75,101.39,0.00,82,0.00,22.8,33.1,24.2
2026-09-08 20:58:00,27.7,74,101.40,0.00,84,0.00,22.6,32.8,24.0
2026-09-08 21:08:00,27.7,76,101.41,0.00,80,0.00,23.1,33.0,24.3
2026-09-08 21:18:00,27.7,76,101.41,0.00,91,0.00,23.1,33.0,24.3
2026-09-08 21:28:00,28.0,74,101.41,0.00,83,0.00,22.7,33.1,24.2
2026-09-08 21:38:00,28.1,73,101.40,0.00,85,0.00,22.6,33.1,24.1
2026-09-08 21:48:00,27.8,75,101.40,0.00,90,0.00,22.7,32.9,24.1
2026-09-08 21:58:00,27.5,76,101.40,0.00,89,0.00,22.9,32.7,24.1
2026-09-08 22:08:00,27.7,76,101.40,0.00,89,0.00,23.1,33.0,24.3
2026-09-08 22:18:00,27.6,76,101.40,0.00,84,0.00,23.0,32.9,24.2
2026-09-08 22:28:00,27.9,79,101.40,0.00,79,0.00,23.7,33.6,24.8
2026-09-08 22:38:00,27.9,79,101.39,0.00,76,0.00,23.7,33.6,24.8
2026-09-08 22:48:00,28.0,78,101.39,0.00,77,0.00,23.6,33.6,24.8
2026-09-08 22:58:00,28.1,78,101.39,0.00,76,0.00,23.7,33.8,24.9
2026-09-08 23:08:00,28.1,77,101.38,0.00,74,0.00,23.5,33.6,24.7
2026-09-08 23:18:00,28.1,77,101.38,0.00,73,0.00,23.5,33.6,24.7
2026-09-08 23:28:00,28.1,77,101.37,0.00,73,0.00,23.5,33.6,24.7
2026-09-08 23:38:00,28.1,77,101.37,0.00,74,0.00,23.5,33.6,24.7
2026-09-08 23:48:00,28.1,78,101.37,0.00,72,0.00,23.7,33.8,24.9
2026-09-08 23:58:00,28.0,78,101.37,0.00,74,0.00,23.6,33.6,24.8
2026-09-09 00:08:00,28.0,79,101.38,0.00,71,0.00,23.8,33.7,24.9
2026-09-09 00:18:00,28.0,79,101.37,0.00,70,0.00,23.8,33.7,24.9
2026-09-09 00:28:00,28.0,78,101.36,0.00,69,0.00,23.6,33.6,24.8
2026-09-09 00:38:00,27.9,79,101.36,0.00,69,0.00,23.7,33.6,24.8
2026-09-09 00:48:00,27.9,79,101.36,0.00,70,0.00,23.7,33.6,24.8
2026-09-09 00:58:00,28.0,78,101.35,0.00,70,0.00,23.6,33.6,24.8
2026-09-09 01:08:00,27.9,79,101.36,0.00,70,0.00,23.7,33.6,24.8
2026-09-09 01:18:00,27.9,79,101.36,0.00,70,0.00,23.7,33.6,24.8
2026-09-09 01:28:00,27.9,79,101.36,0.00,69,0.00,23.7,33.6,24.8
2026-09-09 01:38:00,27.9,77,101.37,0.00,69,0.00,23.3,33.3,24.5
2026-09-09 01:48:00,27.9,78,101.38,0.00,68,0.00,23.5,33.4,24.7
2026-09-09 01:58:00,27.9,78,101.37,0.00,68,0.00,23.5,33.4,24.7
2026-09-09 02:08:00,27.9,78,101.37,0.00,70,0.00,23.5,33.4,24.7
2026-09-09 02:18:00,27.9,78,101.36,0.00,69,0.00,23.5,33.4,24.7
2026-09-09 02:28:00,27.9,78,101.36,0.00,69,0.00,23.5,33.4,24.7
2026-09-09 02:38:00,27.9,78,101.37,0.00,69,0.00,23.5,33.4,24.7
2026-09-09 02:48:00,27.9,78,101.37,0.00,69,0.00,23.5,33.4,24.7
2026-09-09 02:58:00,27.8,78,101.37,0.00,70,0.00,23.4,33.3,24.6
2026-09-09 03:08:00,27.9,78,101.39,0.00,70,0.00,23.5,33.4,24.7
2026-09-09 03:18:00,27.9,79,101.39,0.00,70,0.00,23.7,33.6,24.8
2026-09-09 03:28:00,27.8,78,101.40,0.00,69,0.00,23.4,33.3,24.6
2026-09-09 03:38:00,27.8,77,101.41,0.00,70,0.00,23.2,33.2,24.4
2026-09-09 03:48:00,27.8,78,101.40,0.00,70,0.00,23.4,33.3,24.6
2026-09-09 03:58:00,27.8,79,101.41,0.00,70,0.00,23.6,33.4,24.7
2026-09-09 04:08:00,27.7,78,101.41,0.00,71,0.00,23.5,33.3,24.6
2026-09-09 04:18:00,27.7,80,101.41,0.00,71,0.00,23.7,33.4,24.8
2026-09-09 04:28:00,27.7,80,101.41,0.00,71,0.00,23.7,33.4,24.8
2026-09-09 04:38:00,27.7,80,101.43,0.00,71,0.00,23.7,33.4,24.8
2026-09-09 04:48:00,27.6,80,101.43,0.00,71,0.00,23.6,33.2,24.7
2026-09-09 04:58:00,27.6,80,101.44,0.00,69,0.00,23.8,33.3,24.8
2026-09-09 05:08:00,27.7,80,101.44,0.00,70,0.00,23.9,33.5,24.9
2026-09-09 05:18:00,27.7,80,101.45,0.00,70,0.00,23.9,33.5,24.9
2026-09-09 05:28:00,27.7,80,101.45,0.00,70,0.00,23.9,33.5,24.9
2026-09-09 05:38:00,27.7,80,101.47,0.00,71,0.00,23.9,33.5,24.9
2026-09-09 05:48:00,27.7,80,101.48,0.00,80,0.00,23.9,33.5,24.9
2026-09-09 05:58:00,27.7,80,101.49,0.00,86,0.00,23.9,33.5,24.9
2026-09-09 06:08:00,27.8,83,101.51,0.00,87,0.00,24.4,33.9,25.3
2026-09-09 06:18:00,27.7,80,101.52,0.00,85,0.00,23.9,33.5,24.9
2026-09-09 06:28:00,27.6,78,101.53,0.00,92,0.00,23.4,33.1,24.5
2026-09-09 06:38:00,27.4,80,101.55,0.00,95,0.00,23.4,32.9,24.5
2026-09-09 06:48:00,27.2,79,101.57,0.00,81,0.00,23.2,32.6,24.3
2026-09-09 06:58:00,27.7,76,101.58,0.00,70,0.00,23.1,33.0,24.3
2026-09-09 07:08:00,27.9,75,101.60,0.00,68,0.00,22.8,33.1,24.2
2026-09-09 07:18:00,28.1,73,101.62,0.00,68,0.00,22.6,33.1,24.1
2026-09-09 07:28:00,28.2,72,101.62,0.00,64,0.00,22.4,33.2,24.1
2026-09-09 07:38:00,28.4,70,101.62,0.00,66,0.00,22.2,33.2,24.0
2026-09-09 07:48:00,27.5,70,101.62,0.00,73,0.00,21.3,31.9,23.1
2026-09-09 07:58:00,27.1,69,101.64,0.00,74,0.00,20.9,31.3,22.7
2026-09-09 08:08:00,27.3,68,101.64,0.00,73,0.00,20.6,31.3,22.6
2026-09-09 08:18:00,27.2,65,101.65,0.00,70,0.00,20.0,30.9,22.2
2026-09-09 08:28:00,27.4,66,101.65,0.00,72,0.00,20.5,31.3,22.6
2026-09-09 08:38:00,27.4,66,101.65,0.00,66,0.00,20.5,31.3,22.6
2026-09-09 08:48:00,27.7,64,101.65,0.00,68,0.00,20.3,31.5,22.5
2026-09-09 08:58:00,27.5,64,101.66,0.00,73,0.00,20.1,31.2,22.4
2026-09-09 09:08:00,26.7,69,101.67,0.00,76,0.00,20.5,30.7,22.4
2026-09-09 09:18:00,26.6,70,101.68,0.00,74,0.00,20.7,30.6,22.4
2026-09-09 09:28:00,26.7,70,101.67,0.00,74,0.00,20.8,30.8,22.5
2026-09-09 09:38:00,26.7,67,101.66,0.00,73,0.00,20.1,30.4,22.1
2026-09-09 09:48:00,26.9,66,101.67,0.00,71,0.00,20.0,30.6,22.1
2026-09-09 09:58:00,27.2,62,101.65,0.00,66,0.00,19.3,30.6,21.8
2026-09-09 10:08:00,27.7,58,101.65,0.00,66,0.00,18.4,30.7,21.5
2026-09-09 10:18:00,27.7,58,101.64,0.00,65,0.00,18.7,30.8,21.6
2026-09-09 10:28:00,28.2,60,101.65,0.00,66,0.00,19.4,31.6,22.2
2026-09-09 10:38:00,27.8,63,101.64,0.00,66,0.00,19.8,31.4,22.3
2026-09-09 10:48:00,27.7,62,101.64,0.00,65,0.00,19.8,31.3,22.2
2026-09-09 10:58:00,27.8,63,101.64,0.00,63,0.00,19.8,31.4,22.3
2026-09-09 11:08:00,27.9,63,101.63,0.00,60,0.00,19.9,31.6,22.4
2026-09-09 11:18:00,28.2,61,101.62,0.00,62,0.00,19.7,31.8,22.4
2026-09-09 11:28:00,28.0,62,101.62,0.00,65,0.00,19.8,31.6,22.4
2026-09-09 11:38:00,27.6,62,101.62,0.00,64,0.00,19.7,31.2,22.1
2026-09-09 11:48:00,27.9,62,101.60,0.00,64,0.00,19.7,31.5,22.3
2026-09-09 11:58:00,27.8,62,101.59,0.00,64,0.00,19.6,31.3,22.2
2026-09-09 12:08:00,27.7,58,101.59,0.00,60,0.00,18.7,30.8,21.6
2026-09-09 12:18:00,28.2,57,101.58,0.00,58,0.00,18.6,31.3,21.7
2026-09-09 12:28:00,28.2,58,101.56,0.00,56,0.00,18.9,31.4,21.9
2026-09-09 12:38:00,28.6,57,101.55,0.00,57,0.00,19.0,31.8,22.1
2026-09-09 12:48:00,28.3,56,101.56,0.00,57,0.00,18.4,31.3,21.7
2026-09-09 12:58:00,28.2,57,101.54,0.00,55,0.00,18.6,31.3,21.7
2026-09-09 13:08:00,28.7,54,101.54,0.00,56,0.00,18.2,31.6,21.7
2026-09-09 13:18:00,28.2,54,101.54,0.00,56,0.00,17.7,30.9,21.2
2026-09-09 13:28:00,28.4,55,101.53,0.00,57,0.00,18.2,31.3,21.6
2026-09-09 13:38:00,28.2,56,101.54,0.00,57,0.00,18.3,31.1,21.6
2026-09-09 13:48:00,27.9,58,101.54,0.00,58,0.00,18.6,31.0,21.6
2026-09-09 13:58:00,28.0,57,101.54,0.00,59,0.00,18.4,31.0,21.6
2026-09-09 14:08:00,27.7,58,101.53,0.00,58,0.00,18.4,30.7,21.5
2026-09-09 14:18:00,28.0,57,101.54,0.00,58,0.00,18.4,31.0,21.6
2026-09-09 14:28:00,27.8,58,101.54,0.00,58,0.00,18.5,30.8,21.5
2026-09-09 14:38:00,27.8,59,101.54,0.00,58,0.00,18.8,30.9,21.7
2026-09-09 14:48:00,27.7,60,101.54,0.00,58,0.00,19.0,30.9,21.8
2026-09-09 14:58:00,27.7,62,101.56,0.00,59,0.00,19.8,31.3,22.2
2026-09-09 15:08:00,27.5,62,101.56,0.00,57,0.00,19.3,30.9,21.9
2026-09-09 15:18:00,27.7,62,101.55,0.00,57,0.00,19.5,31.2,22.1
2026-09-09 15:28:00,27.8,61,101.57,0.00,56,0.00,19.3,31.2,22.0
2026-09-09 15:38:00,28.2,59,101.58,0.00,54,0.00,19.1,31.5,22.1
2026-09-09 15:48:00,28.1,59,101.59,0.00,54,0.00,19.1,31.4,22.0
2026-09-09 15:58:00,28.2,58,101.60,0.00,54,0.00,18.9,31.4,21.9
2026-09-09 16:08:00,28.2,59,101.60,0.00,55,0.00,19.1,31.5,22.1
2026-09-09 16:18:00,27.9,59,101.61,0.00,56,0.00,18.9,31.1,21.8
2026-09-09 16:28:00,27.6,58,101.62,0.00,56,0.00,18.6,30.7,21.5
2026-09-09 16:38:00,27.6,56,101.62,0.00,58,0.00,18.0,30.4,21.2
2026-09-09 16:48:00,27.2,57,101.63,0.00,57,0.00,17.9,30.0,21.0
2026-09-09 16:58:00,27.4,58,101.64,0.00,57,0.00,18.4,30.4,21.3
2026-09-09 17:08:00,27.4,60,101.64,0.00,59,0.00,18.7,30.5,21.5
2026-09-09 17:18:00,27.1,58,101.66,0.00,59,0.00,18.1,30.0,21.1
2026-09-09 17:28:00,26.9,56,101.67,0.00,58,0.00,17.4,29.4,20.6
2026-09-09 17:38:00,27.0,56,101.67,0.00,57,0.00,17.5,29.6,20.7
2026-09-09 17:48:00,27.1,56,101.69,0.00,58,0.00,17.6,29.7,20.8
2026-09-09 17:58:00,27.0,57,101.69,0.00,59,0.00,17.8,29.7,20.8
2026-09-09 18:08:00,27.2,59,101.77,0.00,49,0.00,18.5,30.2,21.3
2026-09-09 18:18:00,27.3,60,101.79,0.00,49,0.00,18.9,30.5,21.6
2026-09-09 18:28:00,27.0,58,101.81,0.00,51,0.00,18.0,29.8,21.0
2026-09-09 18:38:00,27.1,59,101.84,0.00,49,0.00,18.4,30.1,21.2
2026-09-09 18:48:00,27.2,60,101.85,0.00,49,0.00,18.8,30.3,21.5
2026-09-09 18:58:00,27.2,61,101.87,0.00,48,0.00,19.0,30.5,21.6
2026-09-09 19:08:00,27.1,60,101.88,0.00,48,0.00,18.7,30.2,21.4
2026-09-09 19:18:00,27.2,62,101.89,0.00,57,0.00,19.3,30.6,21.8
2026-09-09 19:28:00,26.9,59,101.90,0.00,41,0.00,18.2,29.8,21.1
2026-09-09 19:38:00,26.5,59,101.90,0.00,58,0.00,17.8,29.2,20.7
2026-09-09 19:48:00,26.9,59,101.90,0.00,49,0.00,18.2,29.8,21.1
2026-09-09 19:58:00,26.7,59,101.92,0.00,48,0.00,18.0,29.5,20.9
2026-09-09 20:08:00,26.8,59,101.92,0.00,49,0.00,18.1,29.7,21.0
2026-09-09 20:18:00,26.8,59,101.92,0.00,56,0.00,18.1,29.7,21.0
2026-09-09 20:28:00,26.5,60,101.92,0.00,48,0.00,18.1,29.4,20.9
2026-09-09 20:38:00,26.6,60,101.91,0.00,48,0.00,18.2,29.5,20.9
2026-09-09 20:48:00,26.5,60,101.91,0.00,59,0.00,18.1,29.4,20.9
2026-09-09 20:58:00,26.4,61,101.91,0.00,56,0.00,18.3,29.3,20.9
2026-09-09 21:08:00,26.5,62,101.89,0.00,59,0.00,18.6,29.6,21.2
2026-09-09 21:18:00,26.8,61,101.89,0.00,58,0.00,18.6,29.9,21.3
2026-09-09 21:28:00,26.5,61,101.89,0.00,58,0.00,18.4,29.5,21.0
2026-09-09 21:38:00,26.6,61,101.88,0.00,59,0.00,18.5,29.6,21.1
2026-09-09 21:48:00,26.5,61,101.89,0.00,58,0.00,18.4,29.5,21.0
2026-09-09 21:58:00,26.8,63,101.88,0.00,58,0.00,19.2,30.1,21.6
2026-09-09 22:08:00,26.9,63,101.88,0.00,58,0.00,19.3,30.3,21.7
2026-09-09 22:18:00,26.9,65,101.88,0.00,58,0.00,19.8,30.5,22.0
2026-09-09 22:28:00,26.8,67,101.88,0.00,59,0.00,20.2,30.6,22.2
2026-09-09 22:38:00,26.8,68,101.88,0.00,59,0.00,20.4,30.7,22.3
2026-09-09 22:48:00,26.8,68,101.88,0.00,58,0.00,20.4,30.7,22.3
2026-09-09 22:58:00,26.8,67,101.87,0.00,58,0.00,20.2,30.6,22.2
2026-09-09 23:08:00,26.7,67,101.85,0.00,58,0.00,20.1,30.4,22.1
2026-09-09 23:18:00,26.7,67,101.85,0.00,58,0.00,20.1,30.4,22.1
2026-09-09 23:28:00,26.7,67,101.85,0.00,58,0.00,20.1,30.4,22.1
2026-09-09 23:38:00,26.6,68,101.85,0.00,58,0.00,20.2,30.4,22.1
2026-09-09 23:48:00,26.6,68,101.84,0.00,59,0.00,20.2,30.4,22.1
2026-09-09 23:58:00,26.8,67,101.83,0.00,59,0.00,20.2,30.6,22.2
2026-09-10 00:08:00,26.6,67,101.82,0.00,58,0.00,20.0,30.3,22.0
2026-09-10 00:18:00,26.8,67,101.81,0.00,59,0.00,20.2,30.6,22.2
2026-09-10 00:28:00,26.7,67,101.80,0.00,58,0.00,20.1,30.4,22.1
2026-09-10 00:38:00,26.6,67,101.80,0.00,58,0.00,20.0,30.3,22.0
2026-09-10 00:48:00,26.6,66,101.80,0.00,58,0.00,19.7,30.2,21.8
2026-09-10 00:58:00,26.5,66,101.80,0.00,58,0.00,19.6,30.0,21.7
2026-09-10 01:08:00,26.5,66,101.80,0.00,58,0.00,19.6,30.0,21.7
2026-09-10 01:18:00,26.5,66,101.80,0.00,58,0.00,19.6,30.0,21.7
2026-09-10 01:28:00,26.4,66,101.79,0.00,58,0.00,19.5,29.9,21.7
2026-09-10 01:38:00,26.3,67,101.79,0.00,58,0.00,19.7,29.9,21.7
2026-09-10 01:48:00,26.3,67,101.79,0.00,58,0.00,19.7,29.9,21.7
2026-09-10 01:58:00,26.3,67,101.80,0.00,58,0.00,19.7,29.9,21.7
2026-09-10 02:08:00,26.2,67,101.81,0.00,59,0.00,19.6,29.7,21.6
2026-09-10 02:18:00,26.1,68,101.81,0.00,58,0.00,19.7,29.7,21.7
2026-09-10 02:28:00,26.1,67,101.81,0.00,58,0.00,19.5,29.6,21.5
2026-09-10 02:38:00,26.1,67,101.83,0.00,59,0.00,19.5,29.6,21.5
2026-09-10 02:48:00,26.1,67,101.84,0.00,59,0.00,19.5,29.6,21.5
2026-09-10 02:58:00,26.1,67,101.83,0.00,59,0.00,19.5,29.6,21.5
2026-09-10 03:08:00,26.2,68,101.83,0.00,59,0.00,19.8,29.8,21.8
2026-09-10 03:18:00,26.0,68,101.83,0.00,59,0.00,19.6,29.5,21.6
2026-09-10 03:28:00,26.2,68,101.84,0.00,59,0.00,19.8,29.8,21.8
2026-09-10 03:38:00,26.3,67,101.84,0.00,59,0.00,19.7,29.9,21.7
2026-09-10 03:48:00,26.3,68,101.85,0.00,59,0.00,19.9,30.0,21.9
2026-09-10 03:58:00,26.2,67,101.84,0.00,58,0.00,19.6,29.7,21.6
2026-09-10 04:08:00,26.2,67,101.84,0.00,59,0.00,19.6,29.7,21.6
2026-09-10 04:18:00,26.2,67,101.85,0.00,58,0.00,19.6,29.7,21.6
2026-09-10 04:28:00,26.1,66,101.86,0.00,58,0.00,19.2,29.5,21.4
2026-09-10 04:38:00,26.1,66,101.87,0.00,58,0.00,19.2,29.5,21.4
2026-09-10 04:48:00,26.0,66,101.87,0.00,58,0.00,19.2,29.3,21.3
2026-09-10 04:58:00,26.0,66,101.88,0.00,59,0.00,19.2,29.3,21.3
2026-09-10 05:08:00,26.3,67,101.89,0.00,60,0.00,19.7,29.9,21.7
2026-09-10 05:18:00,26.6,67,101.90,0.00,60,0.00,20.0,30.3,22.0
2026-09-10 05:28:00,26.4,65,101.91,0.00,60,0.00,19.3,29.8,21.5
2026-09-10 05:38:00,26.5,66,101.92,0.00,59,0.00,19.6,30.0,21.7
2026-09-10 05:48:00,26.5,66,101.92,0.00,60,0.00,19.6,30.0,21.7
2026-09-10 05:58:00,26.6,64,101.93,0.00,58,0.00,19.2,30.0,21.5
2026-09-10 06:08:00,26.5,63,101.94,0.00,57,0.00,18.9,29.7,21.3
2026-09-10 06:18:00,26.5,63,101.95,0.00,57,0.00,18.9,29.7,21.3
2026-09-10 06:28:00,26.8,62,101.95,0.00,57,0.00,18.9,30.0,21.4
2026-09-10 06:38:00,27.0,62,101.95,0.00,57,0.00,19.1,30.3,21.6
2026-09-10 06:48:00,27.2,61,101.94,0.00,57,0.00,19.0,30.5,21.6
2026-09-10 06:58:00,27.3,62,101.95,0.00,56,0.00,19.1,30.6,21.7
2026-09-10 07:08:00,27.8,61,101.96,0.00,59,0.00,19.3,31.2,22.0
2026-09-10 07:18:00,26.6,65,101.96,0.00,61,0.00,19.5,30.1,21.7
2026-09-10 07:28:00,26.8,66,101.95,0.00,57,0.00,19.9,30.5,22.0
2026-09-10 07:38:00,28.0,62,101.95,0.00,54,0.00,19.8,31.6,22.4
2026-09-10 07:48:00,28.4,61,101.96,0.00,55,0.00,19.9,32.1,22.6
2026-09-10 07:58:00,27.5,68,101.98,0.00,55,0.00,21.1,31.7,23.0
2026-09-10 08:08:00,27.0,68,101.99,0.00,62,0.00,20.6,31.0,22.5
2026-09-10 08:18:00,26.4,71,101.99,0.00,68,0.00,20.7,30.5,22.4
2026-09-10 08:28:00,26.5,72,101.99,0.00,70,0.00,21.0,30.7,22.6
2026-09-10 08:38:00,26.5,72,101.99,0.00,69,0.00,21.0,30.7,22.6
2026-09-10 08:48:00,26.7,72,101.98,0.00,70,0.00,21.2,31.0,22.8
2026-09-10 08:58:00,26.8,72,101.99,0.00,69,0.00,21.3,31.2,22.9
2026-09-10 09:08:00,27.3,72,101.98,0.00,69,0.00,21.8,31.9,23.4
2026-09-10 09:18:00,27.0,72,101.99,0.00,74,0.00,21.5,31.5,23.1
2026-09-10 09:28:00,26.8,72,101.98,0.00,72,0.00,21.3,31.2,22.9
2026-09-10 09:38:00,26.9,72,101.97,0.00,71,0.00,21.4,31.3,23.0
2026-09-10 09:48:00,27.0,71,101.97,0.00,64,0.00,21.3,31.3,22.9
2026-09-10 09:58:00,27.6,70,101.95,0.00,56,0.00,21.4,32.0,23.2
2026-09-10 10:08:00,28.7,66,101.93,0.00,55,0.00,21.5,33.1,23.6
2026-09-10 10:18:00,28.3,68,101.93,0.00,59,0.00,21.6,32.8,23.6
2026-09-10 10:28:00,27.9,71,101.91,0.00,59,0.00,21.9,32.6,23.6
2026-09-10 10:38:00,27.8,69,101.90,0.00,60,0.00,21.3,32.2,23.2
2026-09-10 10:48:00,27.9,68,101.89,0.00,61,0.00,21.2,32.2,23.2
2026-09-10 10:58:00,28.0,66,101.89,0.00,60,0.00,20.8,32.1,23.0
2026-09-10 11:08:00,28.2,66,101.88,0.00,56,0.00,21.0,32.4,23.2
2026-09-10 11:18:00,29.2,62,101.88,0.00,55,0.00,20.9,33.4,23.4
2026-09-10 11:28:00,28.9,63,101.86,0.00,54,0.00,20.9,33.0,23.3
2026-09-10 11:38:00,29.7,62,101.86,0.00,53,0.00,21.4,34.1,23.9
2026-09-10 11:48:00,29.4,61,101.86,0.00,59,0.00,20.8,33.5,23.5
2026-09-10 11:58:00,28.1,65,101.84,0.00,59,0.00,20.6,32.1,22.9
2026-09-10 12:08:00,28.4,63,101.84,0.00,71,0.00,20.4,32.3,22.9
2026-09-10 12:18:00,27.7,68,101.83,0.00,71,0.00,21.3,32.0,23.2
2026-09-10 12:28:00,27.8,70,101.82,0.00,69,0.00,21.6,32.3,23.4
2026-09-10 12:38:00,28.0,69,101.80,0.00,69,0.00,21.5,32.5,23.4
2026-09-10 12:48:00,28.0,69,101.80,0.00,76,0.00,21.5,32.5,23.4
2026-09-10 12:58:00,27.7,72,101.80,0.00,77,0.00,22.0,32.4,23.6
2026-09-10 13:08:00,27.7,72,101.79,0.00,76,0.00,22.0,32.4,23.6
2026-09-10 13:18:00,27.7,72,101.80,0.00,79,0.00,22.2,32.5,23.8
2026-09-10 13:28:00,27.5,74,101.80,0.00,72,0.00,22.2,32.3,23.7
2026-09-10 13:38:00,27.9,73,101.80,0.00,58,0.00,22.4,32.8,23.9
2026-09-10 13:48:00,28.2,71,101.80,0.00,58,0.00,22.2,33.0,23.9
2026-09-10 13:58:00,28.3,71,101.81,0.00,57,0.00,22.3,33.2,24.0
2026-09-10 14:08:00,28.5,70,101.82,0.00,58,0.00,22.3,33.4,24.0
2026-09-10 14:18:00,28.4,71,101.82,0.00,58,0.00,22.4,33.3,24.1
2026-09-10 14:28:00,28.4,72,101.82,0.00,58,0.00,22.6,33.5,24.3
2026-09-10 14:38:00,28.4,71,101.83,0.00,78,0.00,22.4,33.3,24.1
2026-09-10 14:48:00,27.3,74,101.84,0.00,89,0.00,22.0,32.0,23.5
2026-09-10 14:58:00,27.3,74,101.84,0.00,83,0.00,22.3,32.2,23.7
2026-09-10 15:08:00,27.4,74,101.85,0.00,86,0.00,22.1,32.2,23.6
2026-09-10 15:18:00,27.2,73,101.86,0.00,82,0.00,21.9,31.9,23.4
2026-09-10 15:28:00,27.2,72,101.88,0.00,64,0.00,21.7,31.8,23.3
2026-09-10 15:38:00,27.6,72,101.89,0.00,73,0.00,21.9,32.2,23.5
2026-09-10 15:48:00,27.4,74,101.89,0.00,78,0.00,22.4,32.3,23.8
2026-09-10 15:58:00,27.1,73,101.89,0.00,78,0.00,21.8,31.7,23.3
2026-09-10 16:08:00,27.0,73,101.90,0.00,81,0.00,21.7,31.6,23.2
2026-09-10 16:18:00,26.9,73,101.93,0.00,82,0.00,21.6,31.4,23.1
2026-09-10 16:28:00,26.8,74,101.93,0.00,80,0.00,21.8,31.4,23.2
2026-09-10 16:38:00,26.8,74,101.95,0.00,81,0.00,21.8,31.4,23.2
2026-09-10 17:58:00,26.8,71,101.95,0.00,75,0.00,21.1,31.1,22.8
2026-09-10 18:08:00,26.5,69,101.95,0.00,81,0.00,20.3,30.4,22.2
2026-09-10 18:18:00,26.5,69,101.95,0.00,77,0.00,20.3,30.4,22.2
2026-09-10 18:28:00,26.4,68,101.96,0.00,78,0.00,20.0,30.1,22.0
2026-09-10 18:38:00,26.5,68,101.98,0.00,73,0.00,20.1,30.3,22.0
2026-09-10 18:48:00,26.8,67,101.97,0.00,73,0.00,20.2,30.6,22.2
2026-09-10 18:58:00,26.7,68,101.99,0.00,72,0.00,20.3,30.6,22.2
2026-09-10 19:08:00,26.9,70,102.00,0.00,78,0.00,21.0,31.1,22.7
2026-09-10 19:18:00,26.7,69,102.00,0.00,79,0.00,20.5,30.7,22.4
2026-09-10 19:28:00,26.5,69,102.01,0.00,74,0.00,20.3,30.4,22.2
2026-09-10 19:38:00,26.7,68,102.02,0.00,76,0.00,20.3,30.6,22.2
2026-09-10 19:48:00,26.8,68,102.04,0.00,68,0.00,20.4,30.7,22.3
2026-09-10 19:58:00,26.5,68,102.06,0.00,67,0.00,20.1,30.3,22.0
2026-09-10 20:08:00,26.6,67,102.07,0.00,66,0.00,20.0,30.3,22.0
2026-09-10 20:18:00,26.7,68,102.09,0.00,66,0.00,20.3,30.6,22.2
2026-09-10 20:28:00,26.5,69,102.11,0.00,68,0.00,20.3,30.4,22.2
2026-09-10 20:38:00,26.3,70,102.11,0.00,71,0.00,20.4,30.2,22.1
2026-09-10 20:48:00,26.7,70,102.13,0.00,64,0.00,20.8,30.8,22.5
2026-09-10 20:58:00,26.8,70,102.13,0.00,69,0.00,20.9,30.9,22.6
2026-09-10 21:08:00,26.8,70,102.14,0.00,72,0.00,20.9,30.9,22.6
2026-09-10 21:18:00,26.7,71,102.16,0.00,66,0.00,21.0,30.9,22.7
2026-09-10 21:28:00,27.0,73,102.15,0.00,74,0.00,21.7,31.6,23.2
2026-09-10 21:38:00,26.7,74,102.16,0.00,75,0.00,21.7,31.3,23.1
2026-09-10 21:48:00,27.0,73,102.15,0.00,66,0.00,21.7,31.6,23.2
2026-09-10 21:58:00,26.6,74,102.15,0.00,67,0.00,21.6,31.1,23.0
2026-09-10 22:08:00,27.0,74,102.14,0.00,65,0.00,22.0,31.7,23.4
2026-09-10 22:18:00,26.9,74,102.13,0.00,70,0.00,21.9,31.6,23.3
2026-09-10 22:28:00,26.1,76,102.12,0.00,73,0.00,21.5,30.6,22.8
2026-09-10 22:38:00,27.0,77,102.12,0.00,73,0.00,22.6,32.1,23.8
2026-09-10 22:48:00,27.1,78,102.11,0.00,74,0.00,22.9,32.3,24.1
2026-09-10 22:58:00,27.0,80,102.11,0.00,74,0.00,23.3,32.4,24.2
2026-09-10 23:08:00,26.8,80,102.10,0.00,74,0.00,23.1,32.1,24.1
2026-09-10 23:18:00,26.8,80,102.10,0.00,73,0.00,23.1,32.1,24.1
2026-09-10 23:28:00,26.5,80,102.11,0.00,73,0.00,22.8,31.6,23.8
2026-09-10 23:38:00,26.7,80,102.10,0.00,72,0.00,23.0,31.9,24.0
2026-09-10 23:48:00,26.8,79,102.09,0.00,73,0.00,22.8,32.0,23.9
2026-09-10 23:58:00,26.3,79,102.07,0.00,73,0.00,22.4,31.2,23.4
2026-09-11 00:08:00,26.7,80,102.06,0.00,73,0.00,23.0,31.9,24.0
2026-09-11 00:18:00,26.3,82,102.05,0.00,73,0.00,23.0,31.6,23.9
2026-09-11 00:28:00,26.7,80,102.05,0.00,73,0.00,23.0,31.9,24.0
2026-09-11 00:38:00,26.5,79,102.05,0.00,74,0.00,22.6,31.5,23.6
2026-09-11 00:48:00,26.7,80,102.04,0.00,74,0.00,23.0,31.9,24.0
2026-09-11 00:58:00,26.7,80,102.03,0.00,74,0.00,23.0,31.9,24.0
2026-09-11 01:08:00,26.8,80,102.04,0.00,74,0.00,23.1,32.1,24.1
2026-09-11 01:18:00,26.8,80,102.04,0.00,75,0.00,23.1,32.1,24.1
2026-09-11 01:28:00,26.5,82,102.03,0.00,76,0.00,23.2,31.9,24.1
2026-09-11 01:38:00,26.7,82,102.03,0.00,75,0.00,23.4,32.2,24.2
2026-09-11 01:48:00,26.8,82,102.02,0.00,74,0.00,23.5,32.3,24.3
2026-09-11 01:58:00,26.8,82,102.00,0.00,76,0.00,23.5,32.3,24.3
2026-09-11 02:08:00,26.4,84,102.01,0.00,76,0.00,23.5,31.9,24.2
2026-09-11 02:18:00,26.6,83,102.01,0.00,76,0.00,23.5,32.1,24.3
2026-09-11 02:28:00,26.6,83,102.01,0.00,75,0.00,23.5,32.1,24.3
2026-09-11 02:38:00,26.5,84,102.02,0.00,75,0.00,23.6,32.1,24.3
2026-09-11 02:48:00,26.7,84,102.02,0.00,75,0.00,23.8,32.4,24.5
2026-09-11 02:58:00,26.7,84,102.01,0.00,75,0.00,23.8,32.4,24.5
2026-09-11 03:08:00,26.6,84,102.02,0.00,76,0.00,23.7,32.2,24.4
2026-09-11 03:18:00,26.5,85,102.01,0.00,75,0.00,23.8,32.2,24.5
2026-09-11 03:28:00,26.6,84,102.02,0.00,77,0.00,23.7,32.2,24.4
2026-09-11 03:38:00,26.6,85,102.03,0.00,77,0.00,23.9,32.4,24.6
2026-09-11 03:48:00,26.7,85,102.03,0.00,77,0.00,24.0,32.5,24.7
2026-09-11 03:58:00,26.5,85,102.04,0.00,78,0.00,23.8,32.2,24.5
2026-09-11 04:08:00,26.4,86,102.04,0.00,78,0.00,23.9,32.2,24.5
2026-09-11 04:18:00,26.5,85,102.05,0.00,77,0.00,23.8,32.2,24.5
2026-09-11 04:28:00,26.5,86,102.05,0.00,78,0.00,24.0,32.3,24.6
2026-09-11 04:38:00,26.5,86,102.05,0.00,78,0.00,24.0,32.3,24.6
2026-09-11 04:48:00,26.5,86,102.06,0.00,79,0.00,24.0,32.3,24.6
2026-09-11 04:58:00,26.5,86,102.05,0.00,79,0.00,24.0,32.3,24.6
2026-09-11 05:08:00,26.5,86,102.06,0.00,79,0.00,24.0,32.3,24.6
2026-09-11 05:18:00,26.5,86,102.06,0.00,79,0.00,24.0,32.3,24.6
2026-09-11 05:28:00,26.6,86,102.07,0.00,79,0.00,24.1,32.5,24.7
2026-09-11 05:38:00,26.8,86,102.08,0.00,79,0.00,24.3,32.8,24.9
2026-09-11 05:48:00,26.7,86,102.10,0.00,80,0.00,24.2,32.6,24.8
2026-09-11 05:58:00,26.7,88,102.11,0.00,80,0.00,24.5,32.9,25.1
2026-09-11 06:08:00,26.9,86,102.11,0.00,81,0.00,24.4,33.0,25.0
2026-09-11 06:18:00,26.9,86,102.13,0.00,81,0.00,24.4,33.0,25.0
2026-09-11 06:28:00,27.0,86,102.14,0.00,80,0.00,24.5,33.1,25.1
2026-09-11 06:38:00,26.9,86,102.14,0.00,87,0.00,24.4,33.0,25.0
2026-09-11 06:48:00,26.9,88,102.15,0.00,104,0.00,24.7,33.2,25.3
2026-09-11 06:58:00,26.6,89,102.16,0.00,88,0.00,24.6,32.8,25.1
2026-09-11 07:08:00,26.9,89,102.18,0.00,87,0.00,24.9,33.3,25.4
2026-09-11 07:18:00,26.8,91,102.18,0.00,86,0.00,25.2,33.4,25.6
2026-09-11 07:28:00,27.0,90,102.19,0.00,87,0.00,25.2,33.6,25.7
2026-09-11 07:38:00,26.5,91,102.21,0.00,94,0.25,24.9,32.9,25.3
2026-09-11 07:48:00,26.8,91,102.22,0.00,91,0.00,25.2,33.4,25.6
2026-09-11 07:58:00,26.9,90,102.22,0.00,100,0.00,25.1,33.4,25.6
2026-09-11 08:08:00,26.8,91,102.24,0.00,102,0.00,25.2,33.4,25.6
2026-09-11 08:18:00,27.0,91,102.25,0.00,114,0.10,25.4,33.7,25.8
2026-09-11 08:28:00,26.0,95,102.25,0.00,121,0.00,25.1,32.5,25.4
2026-09-11 08:38:00,26.2,94,102.26,0.00,127,0.11,25.2,32.7,25.4
2026-09-11 08:48:00,26.3,94,102.27,0.00,127,0.00,25.3,32.9,25.5
2026-09-11 08:58:00,26.5,92,102.28,0.00,122,0.00,25.1,33.0,25.5
2026-09-11 09:08:00,26.2,92,102.30,0.00,124,0.00,24.8,32.5,25.2
2026-09-11 09:18:00,26.5,94,102.30,0.00,120,0.14,25.5,33.2,25.7
2026-09-11 09:28:00,26.5,92,102.31,0.00,119,0.00,25.1,33.0,25.5
2026-09-11 09:38:00,26.6,92,102.32,0.00,120,0.00,25.2,33.2,25.5
2026-09-11 09:48:00,26.5,92,102.34,0.00,127,0.00,25.1,33.0,25.5
2026-09-11 09:58:00,26.3,94,102.34,0.00,127,0.00,25.3,32.9,25.5
2026-09-11 10:08:00,26.3,92,102.34,0.00,110,0.00,24.9,32.7,25.3
2026-09-11 10:18:00,26.3,91,102.33,0.00,126,0.00,24.7,32.6,25.1
2026-09-11 10:28:00,26.3,92,102.33,0.00,106,0.00,24.9,32.7,25.3
2026-09-11 10:38:00,26.5,89,102.32,0.00,108,0.00,24.5,32.7,25.0
2026-09-11 10:48:00,26.0,94,102.31,0.00,129,0.00,25.0,32.4,25.2
2026-09-11 10:58:00,25.8,95,102.30,0.00,129,0.00,24.9,32.2,25.2
2026-09-11 11:08:00,25.9,94,102.30,0.00,120,0.00,24.9,32.3,25.1
2026-09-11 11:18:00,27.0,90,102.29,0.00,102,0.00,25.2,33.6,25.7
2026-09-11 11:28:00,26.3,92,102.28,0.00,105,0.00,24.9,32.7,25.3
2026-09-11 11:38:00,26.9,90,102.27,0.00,95,0.00,25.1,33.4,25.6
2026-09-11 11:48:00,28.5,86,102.26,0.00,83,0.14,25.7,35.4,26.4
2026-09-11 11:58:00,28.2,88,102.25,0.00,84,0.00,25.8,35.2,26.4
2026-09-11 12:08:00,27.6,90,102.24,0.00,100,0.00,25.8,34.6,26.3
2026-09-11 12:18:00,26.9,86,102.23,0.00,99,0.00,24.4,33.0,25.0
2026-09-11 12:28:00,27.2,85,102.22,0.00,94,0.00,24.5,33.3,25.2
2026-09-11 12:38:00,26.8,86,102.22,0.00,95,0.00,24.3,32.8,24.9
2026-09-11 12:48:00,26.8,85,102.21,0.00,96,0.00,24.1,32.7,24.8
2026-09-11 12:58:00,26.9,84,102.21,0.00,108,0.00,24.0,32.7,24.7
2026-09-11 13:08:00,26.7,83,102.21,0.00,105,0.00,23.6,32.3,24.4
2026-09-11 13:18:00,26.8,83,102.20,0.00,108,0.00,23.7,32.4,24.5
2026-09-11 13:28:00,26.7,82,102.20,0.00,108,0.00,23.4,32.2,24.2
2026-09-11 13:38:00,26.7,82,102.19,0.00,99,0.00,23.4,32.2,24.2
2026-09-11 13:48:00,26.8,80,102.19,0.00,108,0.00,23.1,32.1,24.1
2026-09-11 13:58:00,26.7,80,102.19,0.00,93,0.00,23.0,31.9,24.0
2026-09-11 14:08:00,26.6,80,102.19,0.00,89,0.00,22.9,31.8,23.9
2026-09-11 14:18:00,26.5,82,102.18,0.00,92,0.00,23.2,31.9,24.1
2026-09-11 14:28:00,26.6,80,102.18,0.00,84,0.00,22.9,31.8,23.9
2026-09-11 14:38:00,26.5,82,102.16,0.00,81,0.00,23.2,31.9,24.1
2026-09-11 14:48:00,26.8,80,102.16,0.00,78,0.00,23.1,32.1,24.1
2026-09-11 14:58:00,27.0,79,102.15,0.00,81,0.00,23.0,32.3,24.1
2026-09-11 15:08:00,26.9,79,102.15,0.00,86,0.00,22.9,32.1,24.0
2026-09-11 15:18:00,26.8,79,102.14,0.00,86,0.00,22.8,32.0,23.9
2026-09-11 15:28:00,26.8,78,102.14,0.00,85,0.00,22.6,31.9,23.8
2026-09-11 15:38:00,26.8,78,102.14,0.00,83,0.00,22.6,31.9,23.8
2026-09-11 15:48:00,26.8,76,102.15,0.00,84,0.00,22.2,31.6,23.5
2026-09-11 15:58:00,26.8,76,102.14,0.00,76,0.00,22.2,31.6,23.5
2026-09-11 16:08:00,26.7,77,102.15,0.00,69,0.00,22.3,31.6,23.5
2026-09-11 16:18:00,26.8,78,102.16,0.00,74,0.00,22.6,31.9,23.8
2026-09-11 16:28:00,26.5,74,102.17,0.00,77,0.00,21.5,31.0,22.9
2026-09-11 16:38:00,26.8,77,102.17,0.00,76,0.00,22.4,31.7,23.6
2026-09-11 16:48:00,26.4,74,102.17,0.00,71,0.00,21.4,30.8,22.8
2026-09-11 20:14:00,27.0,73,102.30,0.00,65,0.00,21.7,31.6,23.2
2026-09-11 20:24:00,27.3,74,102.31,0.00,65,0.00,22.0,32.0,23.5
2026-09-11 20:34:00,27.3,74,102.31,0.00,68,0.00,22.0,32.0,23.5
2026-09-11 20:44:00,27.3,74,102.32,0.00,69,0.00,22.0,32.0,23.5
2026-09-11 20:54:00,27.1,74,102.32,0.00,68,0.00,22.1,31.9,23.5
2026-09-11 21:04:00,27.1,74,102.32,0.00,71,0.00,22.1,31.9,23.5
2026-09-11 21:14:00,27.2,74,102.31,0.00,77,0.00,22.2,32.0,23.6
2026-09-11 21:24:00,27.0,76,102.31,0.00,80,0.00,22.4,31.9,23.7
2026-09-11 21:34:00,26.8,76,102.30,0.00,81,0.00,22.2,31.6,23.5
2026-09-11 21:44:00,26.7,76,102.29,0.00,81,0.00,22.1,31.5,23.4
2026-09-11 21:54:00,26.5,76,102.28,0.00,77,0.00,21.9,31.2,23.2
2026-09-11 22:04:00,26.5,74,102.27,0.00,73,0.00,21.5,31.0,22.9
2026-09-11 22:14:00,26.8,74,102.26,0.00,71,0.00,21.8,31.4,23.2
2026-09-11 22:24:00,26.8,73,102.26,0.00,66,0.00,21.6,31.3,23.1
2026-09-11 22:34:00,26.8,73,102.25,0.00,73,0.00,21.6,31.3,23.1
2026-09-11 22:44:00,26.8,73,102.25,0.00,72,0.00,21.6,31.3,23.1
2026-09-11 22:54:00,26.8,73,102.24,0.00,77,0.00,21.6,31.3,23.1
2026-09-11 23:04:00,26.8,76,102.23,0.00,72,0.00,22.2,31.6,23.5
2026-09-11 23:14:00,27.2,74,102.22,0.00,72,0.00,22.2,32.0,23.6
2026-09-11 23:24:00,27.3,74,102.23,0.00,73,0.00,22.3,32.2,23.7
2026-09-11 23:34:00,27.5,74,102.22,0.00,73,0.00,22.4,32.5,23.9
2026-09-11 23:44:00,27.4,74,102.21,0.00,72,0.00,22.4,32.3,23.8
2026-09-11 23:54:00,27.4,74,102.21,0.00,72,0.00,22.4,32.3,23.8
2026-09-12 00:04:00,27.5,74,102.22,0.00,72,0.00,22.4,32.5,23.9
2026-09-12 00:14:00,27.4,74,102.22,0.00,72,0.00,22.4,32.3,23.8
2026-09-12 00:24:00,27.2,76,102.21,0.00,72,0.00,22.6,32.2,23.9
2026-09-12 00:34:00,27.0,77,102.20,0.00,74,0.00,22.6,32.1,23.8
2026-09-12 00:44:00,27.0,78,102.19,0.00,72,0.00,22.8,32.2,24.0
2026-09-12 00:54:00,27.0,78,102.18,0.00,75,0.00,22.8,32.2,24.0
2026-09-12 01:04:00,27.0,79,102.18,0.00,77,0.00,23.0,32.3,24.1
2026-09-12 01:14:00,27.0,78,102.16,0.00,77,0.00,22.8,32.2,24.0
2026-09-12 01:24:00,27.0,77,102.16,0.00,77,0.00,22.6,32.1,23.8
2026-09-12 01:34:00,27.0,77,102.14,0.00,77,0.00,22.6,32.1,23.8
2026-09-12 01:44:00,26.8,78,102.13,0.00,78,0.00,22.6,31.9,23.8
2026-09-12 01:54:00,26.9,78,102.12,0.00,78,0.00,22.7,32.0,23.9
2026-09-12 02:04:00,27.0,77,102.12,0.00,79,0.00,22.6,32.1,23.8
2026-09-12 02:14:00,26.9,78,102.11,0.00,79,0.00,22.7,32.0,23.9
2026-09-12 02:24:00,26.8,78,102.11,0.00,79,0.00,22.6,31.9,23.8
2026-09-12 02:34:00,26.9,78,102.11,0.00,79,0.00,22.7,32.0,23.9
2026-09-12 02:44:00,27.0,77,102.10,0.00,79,0.00,22.6,32.1,23.8
2026-09-12 02:54:00,26.9,78,102.10,0.00,79,0.00,22.7,32.0,23.9
2026-09-12 03:04:00,27.0,78,102.09,0.00,78,0.00,22.8,32.2,24.0
2026-09-12 03:14:00,27.0,77,102.09,0.00,79,0.00,22.6,32.1,23.8
2026-09-12 03:24:00,27.0,77,102.09,0.00,78,0.00,22.6,32.1,23.8
2026-09-12 03:34:00,27.0,77,102.09,0.00,78,0.00,22.6,32.1,23.8
2026-09-12 03:44:00,26.9,77,102.09,0.00,79,0.00,22.5,31.9,23.7
2026-09-12 03:54:00,26.8,78,102.09,0.00,79,0.00,22.6,31.9,23.8
2026-09-12 04:04:00,26.9,77,102.09,0.00,79,0.00,22.5,31.9,23.7
2026-09-12 04:14:00,26.8,78,102.10,0.00,79,0.00,22.6,31.9,23.8
2026-09-12 04:24:00,26.8,78,102.10,0.00,79,0.00,22.6,31.9,23.8
2026-09-12 04:34:00,26.8,78,102.11,0.00,80,0.00,22.6,31.9,23.8
2026-09-12 04:44:00,26.8,79,102.12,0.00,80,0.00,22.8,32.0,23.9
2026-09-12 04:54:00,26.8,78,102.12,0.00,81,0.00,22.6,31.9,23.8
2026-09-12 05:04:00,26.8,79,102.13,0.00,81,0.00,22.8,32.0,23.9
2026-09-12 05:14:00,26.7,79,102.13,0.00,83,0.00,22.8,31.8,23.8
2026-09-12 05:24:00,26.6,80,102.14,0.00,84,0.00,22.9,31.8,23.9
2026-09-12 05:34:00,26.6,80,102.15,0.00,85,0.00,22.9,31.8,23.9
2026-09-12 05:44:00,26.6,80,102.16,0.00,86,0.00,22.9,31.8,23.9
2026-09-12 05:54:00,26.6,80,102.17,0.00,85,0.00,22.9,31.8,23.9
2026-09-12 06:04:00,26.6,80,102.18,0.00,85,0.00,22.9,31.8,23.9
2026-09-12 06:14:00,26.8,80,102.19,0.00,85,0.00,23.1,32.1,24.1
2026-09-12 06:24:00,26.9,80,102.20,0.00,85,0.00,23.2,32.3,24.2
2026-09-12 06:34:00,27.0,80,102.21,0.00,85,0.00,23.3,32.4,24.2
2026-09-12 06:44:00,26.7,83,102.21,0.00,85,0.00,23.6,32.3,24.4
2026-09-12 06:54:00,27.0,83,102.20,0.00,86,0.00,23.9,32.8,24.7
2026-09-12 07:04:00,26.8,83,102.24,0.00,84,0.00,23.7,32.4,24.5
2026-09-12 07:14:00,26.7,80,102.22,0.00,78,0.00,23.0,31.9,24.0
2026-09-12 07:24:00,27.0,76,102.23,0.00,82,0.00,22.4,31.9,23.7
2026-09-12 07:34:00,26.9,79,102.29,0.00,75,0.00,22.9,32.1,24.0
2026-09-12 07:44:00,27.3,72,102.29,0.00,68,0.00,21.8,31.9,23.4
2026-09-12 07:54:00,28.0,68,102.30,0.00,65,0.00,21.3,32.4,23.3
2026-09-12 08:04:00,28.6,66,102.30,0.00,72,0.00,21.4,33.0,23.5
2026-09-12 08:14:00,27.9,73,102.31,0.00,61,0.00,22.4,32.8,23.9
2026-09-12 08:24:00,29.4,63,102.26,0.00,61,0.00,21.4,33.8,23.8
2026-09-12 08:34:00,29.0,60,102.28,0.00,56,0.00,20.2,32.8,22.9
2026-09-12 08:44:00,30.2,54,102.25,0.00,53,0.00,19.6,33.7,23.0
2026-09-12 08:54:00,29.0,60,102.24,0.00,57,0.00,20.2,32.8,22.9
2026-09-12 09:04:00,29.7,57,102.23,0.00,54,0.00,20.0,33.4,23.1
2026-09-12 09:14:00,30.8,53,102.22,0.00,53,0.00,19.8,34.4,23.3
2026-09-12 09:24:00,28.7,60,102.21,0.00,53,0.00,19.9,32.4,22.7
2026-09-12 09:34:00,28.9,58,102.20,0.00,54,0.00,19.5,32.4,22.5
2026-09-12 09:44:00,29.7,55,102.19,0.00,52,0.00,19.4,33.1,22.7
2026-09-12 09:54:00,31.2,47,102.18,0.00,52,0.00,18.2,34.1,22.6
2026-09-12 10:04:00,30.9,55,102.16,0.00,53,0.00,20.5,34.9,23.8
2026-09-12 10:14:00,30.9,52,102.15,0.00,53,0.00,19.6,34.4,23.2
2026-09-12 10:24:00,31.4,51,102.13,0.00,53,0.00,19.7,35.0,23.5
2026-09-12 10:34:00,30.5,56,102.13,0.00,55,0.00,20.4,34.4,23.6
2026-09-12 10:44:00,29.6,57,102.12,0.00,55,0.00,19.9,33.3,23.0
2026-09-12 10:54:00,29.0,56,102.10,0.00,54,0.00,19.0,32.3,22.3
2026-09-12 11:04:00,30.4,52,102.10,0.00,54,0.00,19.1,33.7,22.8
2026-09-12 11:14:00,29.9,55,102.08,0.00,53,0.00,19.6,33.4,22.9
2026-09-12 11:24:00,32.3,48,102.07,0.00,52,0.00,19.5,35.8,23.7
2026-09-12 11:34:00,30.4,53,102.05,0.00,54,0.00,19.4,33.8,23.0
2026-09-12 11:44:00,32.4,48,102.03,0.00,53,0.00,19.6,35.9,23.8
2026-09-12 11:54:00,32.4,48,102.03,0.00,53,0.00,19.3,35.8,23.6
2026-09-12 12:04:00,31.9,50,102.02,0.00,51,0.00,19.9,35.5,23.7
2026-09-12 12:14:00,30.5,54,102.01,0.00,52,0.00,19.8,34.1,23.3
2026-09-12 12:24:00,30.1,53,102.02,0.00,52,0.00,19.2,33.4,22.7
2026-09-12 12:34:00,31.5,48,102.03,0.00,52,0.00,18.8,34.7,23.0
2026-09-12 12:44:00,31.1,48,102.01,0.00,52,0.00,18.5,34.1,22.7
2026-09-12 12:54:00,30.9,50,102.01,0.00,52,0.00,18.9,34.1,22.9
2026-09-12 13:04:00,31.1,49,102.00,0.00,53,0.00,18.8,34.3,22.9
2026-09-12 13:14:00,29.7,58,102.00,0.00,53,0.00,20.3,33.5,23.2
2026-09-12 13:24:00,29.3,58,102.00,0.00,53,0.00,19.9,33.0,22.9
2026-09-12 13:34:00,30.4,53,102.00,0.00,52,0.00,19.4,33.8,23.0
2026-09-12 13:44:00,29.3,59,102.00,0.00,53,0.00,20.2,33.1,23.0
2026-09-12 13:54:00,29.9,57,102.00,0.00,53,0.00,20.2,33.7,23.2
2026-09-12 14:04:00,30.4,53,102.01,0.00,53,0.00,19.4,33.8,23.0
2026-09-12 14:14:00,29.6,56,102.00,0.00,53,0.00,19.6,33.1,22.8
2026-09-12 14:24:00,29.9,57,102.00,0.00,53,0.00,20.2,33.7,23.2
2026-09-12 14:34:00,29.3,59,102.01,0.00,54,0.00,20.2,33.1,23.0
2026-09-12 14:44:00,29.1,60,102.02,0.00,54,0.00,20.3,32.9,23.0
2026-09-12 14:54:00,28.7,61,102.02,0.00,55,0.00,20.2,32.5,22.8
2026-09-12 15:04:00,28.8,62,102.03,0.00,55,0.00,20.5,32.8,23.1
2026-09-12 15:14:00,28.7,62,102.03,0.00,55,0.00,20.4,32.6,23.0
2026-09-12 15:24:00,28.6,64,102.03,0.00,55,0.00,20.9,32.7,23.2
2026-09-12 15:34:00,28.3,67,102.03,0.00,49,0.00,21.3,32.7,23.4
2026-09-12 15:44:00,28.4,66,102.03,0.00,48,0.00,21.2,32.7,23.3
2026-09-12 15:54:00,27.9,69,102.03,0.00,48,0.00,21.4,32.3,23.3
2026-09-12 16:04:00,27.8,70,102.03,0.00,46,0.00,21.6,32.3,23.4
2026-09-12 17:56:00,27.3,72,102.05,0.00,56,0.00,21.6,31.8,23.2
2026-09-12 18:06:00,27.8,71,102.05,0.00,55,0.26,21.8,32.4,23.5
2026-09-12 18:16:00,27.9,70,102.06,0.00,59,0.00,21.7,32.5,23.5
2026-09-12 18:26:00,27.4,72,102.07,0.00,59,0.00,21.7,31.9,23.3
2026-09-12 18:36:00,27.1,72,102.08,0.00,61,0.00,21.6,31.6,23.2
2026-09-12 18:46:00,27.1,73,102.10,0.00,56,0.00,21.8,31.7,23.3
2026-09-12 18:56:00,26.9,73,102.11,0.00,56,0.00,21.6,31.4,23.1
2026-09-12 20:06:00,26.8,76,102.18,0.00,62,0.00,22.2,31.6,23.5
2026-09-12 20:16:00,26.7,76,102.18,0.00,57,0.00,22.1,31.5,23.4
2026-09-12 20:26:00,26.8,77,102.18,0.00,46,0.00,22.4,31.7,23.6
2026-09-12 20:36:00,26.5,79,102.18,0.00,52,0.00,22.6,31.5,23.6
2026-09-12 20:46:00,26.7,79,102.18,0.00,47,0.00,22.8,31.8,23.8
2026-09-12 20:56:00,26.5,79,102.18,0.00,47,0.00,22.6,31.5,23.6
2026-09-12 21:06:00,26.5,79,102.18,0.00,46,0.00,22.6,31.5,23.6
2026-09-12 21:16:00,26.7,80,102.18,0.00,47,0.00,23.0,31.9,24.0
2026-09-12 21:26:00,27.1,78,102.18,0.00,46,0.00,22.9,32.3,24.1
2026-09-12 21:36:00,27.4,78,102.18,0.00,46,0.00,23.2,32.8,24.3
2026-09-12 21:46:00,27.2,85,102.18,0.00,45,0.00,24.5,33.3,25.2
2026-09-12 21:56:00,26.8,85,102.18,0.00,44,0.52,24.1,32.7,24.8
2026-09-12 22:06:00,26.2,85,102.18,0.00,51,0.00,23.5,31.7,24.2
2026-09-12 22:16:00,26.2,86,102.18,0.00,51,0.00,23.7,31.8,24.3
2026-09-12 22:26:00,26.1,85,102.18,0.00,51,0.00,23.4,31.6,24.1
2026-09-12 22:36:00,26.0,85,102.18,0.00,51,0.00,23.3,31.4,24.0
2026-09-12 22:46:00,26.6,86,102.18,0.00,51,0.00,24.1,32.5,24.7
2026-09-12 22:56:00,26.5,85,102.18,0.00,51,0.00,23.8,32.2,24.5
2026-09-12 23:06:00,26.3,86,102.18,0.00,51,0.00,23.8,32.0,24.4
2026-09-12 23:16:00,26.9,85,102.18,0.00,51,0.00,24.2,32.8,24.9
2026-09-12 23:26:00,27.0,86,102.18,0.00,51,0.00,24.5,33.1,25.1
2026-09-12 23:36:00,27.1,86,102.18,0.00,51,0.00,24.6,33.3,25.2
2026-09-12 23:46:00,27.1,85,102.18,0.00,50,0.00,24.4,33.2,25.1
2026-09-12 23:56:00,27.2,86,102.18,0.00,51,0.00,24.7,33.4,25.3
2026-09-13 00:06:00,27.2,85,102.18,0.00,51,0.00,24.5,33.3,25.2
2026-09-13 00:16:00,27.2,86,102.18,0.00,51,0.00,24.7,33.4,25.3
2026-09-13 00:26:00,27.2,85,102.18,0.00,51,0.00,24.5,33.3,25.2
2026-09-13 00:36:00,27.3,86,102.18,0.00,51,0.00,24.6,33.5,25.3
2026-09-13 00:46:00,27.4,86,102.18,0.00,51,0.00,24.7,33.6,25.3
2026-09-13 00:56:00,27.5,86,102.18,0.00,51,0.00,24.7,33.8,25.4
2026-09-13 01:06:00,27.3,86,102.18,0.00,51,0.00,24.7,33.6,25.4
2026-09-13 01:16:00,27.3,86,102.18,0.00,51,0.24,24.7,33.6,25.4
2026-09-13 01:26:00,27.3,86,102.18,0.00,51,0.00,24.7,33.6,25.4
2026-09-13 01:36:00,27.4,86,102.18,0.00,51,0.00,24.7,33.6,25.3
2026-09-13 01:46:00,27.4,86,102.18,0.00,51,0.00,24.7,33.6,25.3
2026-09-13 01:56:00,27.4,86,102.18,0.00,50,0.00,24.7,33.6,25.3
2026-09-13 02:06:00,27.4,86,102.18,0.00,51,0.00,24.7,33.6,25.3
2026-09-13 02:16:00,27.4,86,102.18,0.00,50,0.00,24.7,33.6,25.3
2026-09-13 02:26:00,27.4,86,102.18,0.00,51,0.00,24.8,33.8,25.5
2026-09-13 02:36:00,27.4,86,102.18,0.00,51,0.00,24.8,33.8,25.5
2026-09-13 02:46:00,27.4,86,102.18,0.00,51,0.00,24.8,33.8,25.5
2026-09-13 02:56:00,27.4,86,102.18,0.00,51,0.00,24.8,33.8,25.5
2026-09-13 03:06:00,27.4,86,102.18,0.00,51,0.00,24.8,33.8,25.5
2026-09-13 03:16:00,27.4,86,102.18,0.00,51,0.00,24.8,33.8,25.5
2026-09-13 03:26:00,27.5,86,102.18,0.00,51,0.00,24.9,33.9,25.6
2026-09-13 03:36:00,27.5,86,102.18,0.00,51,0.00,24.9,33.9,25.6
2026-09-13 03:46:00,27.5,86,102.18,0.00,51,0.00,24.9,33.9,25.6
2026-09-13 03:56:00,27.5,86,102.18,0.00,51,0.00,24.9,33.9,25.6
2026-09-13 04:06:00,27.5,86,102.18,0.00,51,0.00,24.9,33.9,25.6
2026-09-13 04:16:00,27.4,86,102.18,0.00,51,0.00,24.8,33.8,25.5
2026-09-13 04:26:00,27.5,86,102.18,0.00,51,0.00,24.9,33.9,25.6
2026-09-13 04:36:00,27.5,86,102.18,0.00,51,0.00,24.9,33.9,25.6
2026-09-13 04:46:00,27.4,86,102.18,0.00,51,0.00,24.8,33.8,25.5
2026-09-13 04:56:00,27.5,86,102.18,0.00,51,0.00,24.9,33.9,25.6
2026-09-13 05:06:00,27.4,86,102.18,0.00,50,0.00,24.8,33.8,25.5
2026-09-13 05:16:00,27.4,86,102.18,0.00,51,0.00,24.8,33.8,25.5
2026-09-13 05:26:00,27.3,88,102.18,0.00,51,0.00,25.1,33.8,25.7
2026-09-13 05:36:00,27.4,88,102.18,0.00,51,0.00,25.2,34.0,25.8
2026-09-13 05:46:00,27.5,88,102.18,0.00,51,0.00,25.3,34.2,25.9
2026-09-13 05:56:00,27.5,86,102.18,0.00,51,0.00,24.9,33.9,25.6
2026-09-13 06:06:00,27.7,86,102.18,0.00,50,0.00,25.1,34.2,25.8
2026-09-13 06:16:00,27.9,87,102.18,0.00,51,0.00,25.3,34.6,26.0
2026-09-13 06:26:00,27.9,87,102.18,0.00,51,0.00,25.3,34.6,26.0
2026-09-13 06:36:00,28.0,86,102.18,0.00,51,0.00,25.2,34.6,25.9
2026-09-13 06:46:00,28.0,86,102.18,0.00,51,0.00,25.2,34.6,25.9
2026-09-13 06:56:00,28.1,85,102.18,0.00,51,0.00,25.1,34.6,25.9
2026-09-13 07:06:00,28.2,85,102.18,0.00,51,0.00,25.2,34.8,26.0
2026-09-13 07:16:00,28.3,85,102.18,0.00,50,0.00,25.3,35.0,26.1
2026-09-13 07:26:00,28.5,85,102.18,0.00,51,0.00,25.5,35.3,26.3
2026-09-13 07:36:00,28.3,85,102.18,0.00,51,0.00,25.3,35.0,26.1
2026-09-13 07:46:00,27.9,87,102.18,0.00,50,0.00,25.3,34.6,26.0
2026-09-13 07:56:00,28.1,86,102.18,0.00,50,0.00,25.3,34.8,26.0
2026-09-13 08:06:00,28.0,85,102.18,0.00,50,0.00,25.0,34.5,25.8
2026-09-13 08:16:00,28.2,86,102.18,0.00,49,0.00,25.4,34.9,26.1
2026-09-13 08:26:00,28.6,85,102.18,0.00,51,0.00,25.6,35.4,26.4
2026-09-13 08:36:00,28.4,85,102.18,0.00,50,0.00,25.4,35.1,26.2
2026-09-13 08:46:00,28.7,85,102.18,0.00,50,0.00,25.7,35.6,26.5
2026-09-13 08:56:00,29.1,83,102.18,0.00,51,0.00,25.7,36.0,26.6
2026-09-13 09:06:00,28.5,85,102.18,0.00,45,0.00,25.5,35.3,26.3
2026-09-15 19:38:00,28.4,58,101.96,0.00,40,0.00,19.1,31.7,22.1
2026-09-15 19:48:00,28.4,58,101.96,0.00,40,0.00,19.1,31.7,22.1
2026-09-15 19:58:00,28.0,59,101.97,0.00,39,0.00,19.0,31.2,21.9
2026-09-15 20:08:00,28.0,61,101.99,0.00,39,0.00,19.5,31.5,22.2
2026-09-15 20:31:00,26.8,56,101.97,0.00,39,0.00,17.3,29.3,20.5
2026-09-15 20:41:00,26.4,56,101.99,0.00,40,0.00,16.9,28.8,20.1
2026-09-15 20:51:00,26.2,57,101.99,0.00,39,0.00,17.0,28.6,20.1
2026-09-15 21:01:00,26.3,59,101.98,0.00,38,0.00,17.6,29.0,20.5
2026-09-15 21:11:00,26.0,58,101.98,0.00,40,0.00,17.1,28.4,20.1
2026-09-15 21:22:00,25.9,60,101.98,0.00,39,0.00,17.5,28.5,20.3
2026-09-15 21:32:00,25.8,59,102.00,0.00,41,0.00,17.2,28.3,20.1
2026-09-15 21:42:00,25.8,60,101.99,0.00,40,0.00,17.4,28.4,20.2
2026-09-15 21:52:00,25.6,63,101.99,0.00,40,0.00,18.0,28.4,20.5
2026-09-15 22:02:00,25.7,62,101.99,0.00,41,0.00,17.9,28.5,20.4
2026-09-15 22:12:00,25.9,63,101.99,0.00,37,0.00,18.3,28.8,20.8
2026-09-15 22:22:00,25.9,63,101.99,0.00,40,0.00,18.3,28.8,20.8
2026-09-15 22:32:00,25.9,65,102.00,0.00,39,0.00,18.8,29.1,21.1
2026-09-15 22:42:00,25.7,64,102.00,0.00,40,0.00,18.4,28.7,20.7
2026-09-15 22:52:00,25.8,63,102.00,0.00,39,0.00,18.2,28.7,20.7
2026-09-15 23:02:00,25.7,64,101.99,0.00,40,0.00,18.4,28.7,20.7
2026-09-15 23:12:00,25.8,65,101.98,0.00,40,0.00,18.7,28.9,21.0
2026-09-15 23:22:00,25.8,64,101.96,0.00,39,0.00,18.5,28.8,20.8
2026-09-15 23:32:00,25.8,63,101.96,0.00,39,0.00,18.2,28.7,20.7
2026-09-15 23:42:00,25.7,64,101.95,0.00,39,0.00,18.4,28.7,20.7
2026-09-15 23:52:00,25.7,64,101.95,0.00,40,0.00,18.4,28.7,20.7
2026-09-16 00:02:00,25.6,65,101.95,0.00,40,0.00,18.5,28.6,20.8
2026-09-16 00:12:00,25.7,66,101.96,0.00,40,0.00,18.9,28.9,21.0
2026-09-16 00:22:00,25.7,67,101.95,0.00,41,0.00,19.1,29.0,21.2
2026-09-16 00:32:00,25.7,67,101.94,0.00,38,0.00,19.1,29.0,21.2
2026-09-16 00:42:00,25.7,66,101.92,0.00,39,0.00,18.9,28.9,21.0
2026-09-16 00:52:00,25.6,66,101.92,0.00,40,0.00,18.8,28.7,20.9
2026-09-16 01:02:00,25.6,65,101.92,0.00,40,0.00,18.5,28.6,20.8
2026-09-16 01:12:00,25.5,67,101.91,0.00,40,0.00,18.9,28.7,21.0
2026-09-16 01:22:00,25.5,67,101.91,0.00,40,0.00,18.9,28.7,21.0
2026-09-16 01:32:00,25.6,67,101.91,0.00,41,0.00,19.0,28.9,21.1
2026-09-16 01:42:00,25.4,65,101.89,0.00,39,0.00,18.3,28.4,20.6
2026-09-16 01:52:00,25.2,65,101.89,0.00,40,0.00,18.2,28.1,20.4
2026-09-16 02:02:00,25.2,66,101.88,0.00,40,0.00,18.4,28.2,20.6
2026-09-16 02:12:00,25.1,65,101.88,0.00,40,0.00,18.1,27.9,20.3
2026-09-16 02:22:00,25.1,66,101.89,0.00,39,0.00,18.3,28.0,20.5
2026-09-16 02:32:00,25.1,66,101.89,0.00,40,0.00,18.3,28.0,20.5
2026-09-16 02:42:00,25.2,65,101.89,0.00,38,0.00,18.2,28.1,20.4
2026-09-16 02:52:00,25.0,66,101.90,0.00,39,0.00,18.2,27.9,20.4
2026-09-16 03:02:00,24.7,67,101.89,0.00,38,0.00,18.2,27.6,20.2
2026-09-16 03:12:00,24.4,68,101.88,0.00,39,0.00,18.1,27.3,20.1
2026-09-16 03:22:00,23.9,68,101.88,0.00,40,0.00,17.6,26.6,19.6
2026-09-16 03:32:00,23.7,68,101.87,0.00,39,0.00,17.4,26.3,19.5
2026-09-16 03:42:00,23.9,70,101.87,0.00,40,0.00,18.1,26.7,19.9
2026-09-16 03:52:00,23.8,71,101.88,0.00,38,0.00,18.2,26.7,20.0
2026-09-16 04:02:00,23.7,71,101.89,0.00,38,0.00,18.1,26.6,19.9
2026-09-16 04:12:00,23.6,71,101.89,0.00,38,0.00,18.0,26.4,19.8
2026-09-16 04:22:00,23.6,70,101.88,0.00,40,0.00,17.8,26.3,19.6
2026-09-16 04:32:00,23.7,70,101.88,0.00,38,0.00,17.9,26.5,19.7
2026-09-16 04:42:00,23.6,71,101.88,0.00,38,0.00,18.0,26.4,19.8
2026-09-16 04:52:00,23.5,71,101.89,0.00,39,0.00,17.9,26.3,19.7
2026-09-16 05:02:00,23.5,71,101.89,0.00,38,0.00,17.9,26.3,19.7
2026-09-16 05:12:00,23.4,71,101.89,0.00,39,0.00,17.8,26.1,19.6
2026-09-16 05:22:00,23.3,71,101.90,0.00,40,0.00,17.7,26.0,19.5
2026-09-16 05:32:00,23.3,71,101.89,0.00,40,0.00,17.7,26.0,19.5
2026-09-16 05:42:00,23.3,72,101.90,0.00,39,0.00,18.0,26.1,19.6
2026-09-16 05:52:00,23.5,71,101.92,0.00,38,0.00,17.9,26.3,19.7
2026-09-16 06:02:00,23.8,71,101.92,0.00,38,0.00,18.2,26.7,20.0
2026-09-16 06:12:00,26.7,73,101.93,0.00,40,0.00,21.5,31.1,23.0
2026-09-16 06:22:00,29.5,75,101.94,0.00,43,0.00,24.4,35.6,25.7
2026-09-16 06:32:00,31.0,81,101.95,0.00,43,0.00,27.1,38.9,28.1
2026-09-16 06:42:00,31.2,81,101.97,0.00,39,0.00,27.3,39.2,28.3
2026-09-16 06:52:00,26.8,74,101.98,0.00,40,0.00,21.8,31.4,23.2
2026-09-16 07:02:00,26.0,72,101.97,0.00,40,0.00,20.6,30.0,22.2
2026-09-16 07:12:00,26.3,71,101.98,0.00,39,0.00,20.6,30.3,22.3
2026-09-16 07:22:00,27.2,67,101.97,0.00,40,0.00,20.5,31.2,22.5
2026-09-16 07:32:00,26.6,64,101.96,0.00,39,0.00,19.2,30.0,21.5
2026-09-16 07:42:00,28.0,61,101.99,0.00,41,0.00,22.2,35.7,24.8
2026-09-16 07:52:00,28.0,57,101.97,0.00,40,0.00,24.8,41.2,27.7
2026-09-16 08:02:00,28.0,53,101.96,0.00,39,0.00,20.7,35.9,24.2
2026-09-16 08:12:00,28.0,50,101.96,0.00,40,0.00,16.7,30.8,20.8
2026-09-16 08:22:00,28.0,43,101.96,0.00,39,0.00,15.0,30.8,20.2
2026-09-16 08:32:00,28.0,37,101.99,0.00,39,0.00,18.7,39.2,24.5
2026-09-16 08:42:00,28.0,33,102.00,0.00,40,0.00,20.9,45.1,27.2
2026-09-16 08:52:00,28.0,30,102.00,0.00,39,0.00,19.5,44.6,26.5
2026-09-16 09:02:00,28.0,30,102.01,0.00,39,0.00,16.9,40.5,24.2
2026-09-16 09:13:00,28.0,30,102.00,0.00,40,0.00,15.6,38.3,23.0
2026-09-16 09:23:00,28.0,31,102.01,0.00,40,0.00,17.6,40.8,24.6
2026-09-16 09:33:00,28.0,31,102.01,0.00,40,0.00,18.9,43.0,25.8
2026-09-16 09:43:00,28.0,29,102.01,0.00,39,0.00,13.5,35.8,21.4
2026-09-16 09:53:00,28.0,31,102.00,0.00,39,0.00,18.1,41.6,25.0
2026-09-16 10:03:00,28.0,29,101.99,0.00,39,0.00,18.5,43.6,25.8
2026-09-16 10:13:00,28.0,26,101.97,0.00,39,0.00,15.6,41.0,23.8
2026-09-16 10:23:00,28.0,23,101.96,0.00,38,0.00,12.1,38.1,21.6
2026-09-16 10:33:00,28.0,27,101.95,0.00,38,0.00,12.5,35.6,20.9
2026-09-16 10:43:00,28.0,31,101.95,0.00,39,0.00,15.2,37.1,22.4
2026-09-16 10:53:00,28.0,32,101.95,0.00,40,0.00,18.1,41.0,24.8
2026-09-16 11:03:00,28.0,32,101.93,0.00,38,0.00,15.7,37.3,22.7
2026-09-16 11:13:00,28.0,33,101.92,0.00,40,0.00,15.4,36.3,22.3
2026-09-16 11:23:00,28.0,36,101.93,0.00,38,0.00,18.9,40.1,24.9
2026-09-16 11:33:00,28.0,37,101.92,0.00,39,0.00,19.6,40.7,25.3
2026-09-16 11:43:00,28.0,38,101.90,0.00,39,0.00,20.1,41.1,25.7
2026-09-16 11:53:00,28.0,38,101.88,0.00,38,0.00,18.7,38.7,24.3
2026-09-16 12:03:00,28.0,39,101.92,0.00,40,0.00,21.8,43.3,27.0
2026-09-16 12:13:00,28.0,40,101.92,0.00,39,0.00,23.3,45.3,28.3
2026-09-16 12:23:00,28.0,36,101.88,0.00,39,0.00,17.6,38.0,23.7
2026-09-16 12:33:00,28.0,41,101.87,0.00,40,0.00,21.4,41.7,26.4
2026-09-16 12:43:00,28.0,39,101.84,0.00,39,0.00,18.0,37.2,23.6
2026-09-16 12:53:00,28.0,43,101.87,0.00,38,0.00,21.9,41.7,26.6
2026-09-16 13:03:00,28.0,41,101.86,0.00,41,0.00,23.4,45.0,28.2
2026-09-16 13:13:00,28.0,37,101.84,0.00,40,0.00,21.4,43.6,26.9
2026-09-16 13:23:00,28.0,37,101.82,0.00,38,0.00,20.8,42.6,26.4
2026-09-16 13:33:00,28.0,37,101.80,0.00,39,0.00,20.5,42.2,26.1
2026-09-16 13:43:00,28.0,40,101.79,0.00,39,0.00,22.3,43.7,27.4
2026-09-16 13:53:00,28.0,38,101.78,0.00,41,0.00,23.1,46.0,28.4
2026-09-16 14:03:00,28.0,37,101.78,0.00,40,0.00,21.5,43.9,27.1
2026-09-16 14:13:00,28.0,36,101.78,0.00,40,0.00,22.3,45.7,27.9
2026-09-16 14:23:00,28.0,36,101.79,0.00,40,0.00,21.6,44.5,27.3
2026-09-16 14:33:00,28.0,39,101.78,0.00,39,0.00,22.5,44.5,27.7
2026-09-16 14:43:00,28.0,41,101.76,0.00,39,0.00,23.7,45.6,28.5
2026-09-16 14:53:00,28.0,41,101.74,0.00,38,0.00,22.7,43.9,27.6
2026-09-16 15:03:00,28.0,41,101.73,0.00,39,0.00,23.5,45.1,28.3
2026-09-16 15:13:00,28.0,42,101.73,0.00,39,0.00,22.7,43.4,27.4
2026-09-16 15:23:00,28.0,43,101.71,0.00,39,0.00,21.4,40.8,26.1
2026-09-16 15:33:00,28.0,45,101.72,0.00,38,0.00,23.7,43.8,28.0
2026-09-16 15:43:00,28.0,45,101.71,0.00,39,0.00,23.8,43.9,28.0
2026-09-16 15:53:00,28.0,45,101.73,0.00,38,0.00,21.4,39.9,25.8
2026-09-16 16:03:00,28.0,48,101.73,0.00,40,0.00,23.4,42.0,27.3
2026-09-16 16:13:00,28.0,49,101.72,0.00,40,0.00,22.7,40.5,26.5
2026-09-16 16:23:00,28.0,48,101.72,0.00,38,0.00,21.8,39.4,25.8
2026-09-16 16:33:00,28.0,50,101.72,0.00,38,0.00,18.8,34.0,22.8
2026-09-16 16:43:00,28.0,53,101.71,0.00,39,0.00,18.5,32.4,22.1
2026-09-16 16:53:00,28.0,51,101.71,0.00,40,0.00,17.7,31.9,21.6
2026-09-16 17:03:00,28.0,49,101.72,0.00,38,0.00,16.8,31.2,21.0
2026-09-16 17:13:00,28.0,50,101.73,0.00,40,0.00,16.9,31.1,21.0
2026-09-16 17:23:00,28.0,50,101.73,0.00,39,0.00,16.8,30.9,20.9
2026-09-16 17:33:00,28.2,50,101.74,0.00,39,0.00,16.5,30.4,20.6
2026-09-16 17:43:00,27.9,52,101.74,0.00,38,0.00,16.8,30.2,20.7
2026-09-16 17:53:00,27.5,54,101.76,0.00,40,0.00,17.4,30.0,20.8
2026-09-16 18:03:00,27.5,58,101.77,0.00,36,0.00,18.5,30.5,21.4
2026-09-16 18:13:00,27.1,58,101.78,0.00,39,0.00,18.1,30.0,21.1
2026-09-16 18:23:00,27.2,61,101.78,0.00,40,0.00,19.0,30.5,21.6
2026-09-16 18:34:00,27.0,60,101.77,0.00,38,0.00,18.6,30.1,21.3
2026-09-16 18:44:00,27.1,60,101.78,0.00,39,0.00,18.7,30.2,21.4
2026-09-16 18:54:00,26.7,62,101.78,0.00,39,0.00,18.8,29.9,21.3
2026-09-16 19:04:00,26.5,64,101.80,0.00,38,0.00,19.1,29.8,21.5
2026-09-16 19:14:00,26.4,63,101.81,0.00,38,0.00,18.8,29.6,21.2
2026-09-16 19:24:00,26.7,63,101.81,0.00,39,0.00,19.1,30.0,21.5
2026-09-16 19:34:00,26.7,64,101.83,0.00,39,0.00,19.3,30.1,21.6
2026-09-16 19:44:00,26.2,65,101.84,0.00,40,0.00,19.1,29.5,21.3
2026-09-16 19:54:00,26.2,67,101.85,0.00,40,0.00,19.6,29.7,21.6
2026-09-16 20:04:00,26.1,67,101.85,0.00,40,0.00,19.5,29.6,21.5
2026-09-16 20:14:00,26.1,67,101.85,0.00,40,0.00,19.5,29.6,21.5
2026-09-16 20:24:00,25.9,69,101.85,0.00,38,0.00,19.8,29.5,21.6
2026-09-16 20:34:00,27.1,69,101.85,0.00,38,0.00,20.9,31.3,22.7
2026-09-16 20:44:00,27.0,68,101.85,0.00,37,0.00,20.6,31.0,22.5
2026-09-16 20:54:00,26.7,71,101.85,0.00,39,0.00,21.0,30.9,22.7
2026-09-16 21:04:00,26.7,70,101.85,0.00,39,0.00,20.8,30.8,22.5
2026-09-16 21:14:00,26.5,72,101.85,0.00,39,0.00,21.0,30.7,22.6
2026-09-16 21:24:00,26.7,69,101.85,0.00,38,0.00,20.5,30.7,22.4
2026-09-16 21:34:00,27.0,71,101.85,0.00,40,0.00,21.3,31.3,22.9
2026-09-16 21:50:00,26.5,71,101.32,0.00,41,0.00,20.8,30.6,22.5
2026-09-16 22:00:00,25.9,71,101.32,0.00,41,0.00,20.2,29.7,21.9
2026-09-16 22:20:00,25.0,74,101.85,0.00,41,0.00,20.0,28.7,21.5
2026-09-16 22:30:00,25.1,73,101.85,0.00,41,0.00,19.9,28.8,21.5
2026-09-16 22:40:00,24.7,72,101.84,0.00,40,0.00,19.3,28.1,20.9
2026-09-16 22:50:00,24.7,71,101.84,0.00,40,0.00,19.1,28.0,20.8
2026-09-16 23:00:00,24.6,71,101.83,0.00,41,0.00,19.0,27.8,20.7
2026-09-16 23:10:00,24.8,71,101.81,0.00,39,0.00,19.2,28.1,20.9
2026-09-16 23:20:00,24.6,70,101.81,0.00,39,0.00,18.8,27.7,20.6
2026-09-16 23:30:00,24.8,69,101.81,0.00,40,0.00,18.7,27.9,20.6
2026-09-16 23:40:00,24.6,68,101.79,0.00,40,0.00,18.3,27.5,20.3
2026-09-16 23:50:00,24.9,68,101.79,0.00,40,0.00,18.6,28.0,20.6
2026-09-17 00:00:00,25.1,69,101.79,0.00,39,0.00,19.0,28.4,20.9
2026-09-17 00:10:00,25.0,67,101.80,0.00,41,0.00,18.4,28.0,20.5
2026-09-17 00:20:00,24.8,67,101.81,0.00,39,0.00,18.3,27.7,20.3
2026-09-17 00:30:00,24.8,68,101.79,0.00,40,0.00,18.5,27.8,20.5
2026-09-17 00:40:00,24.5,68,101.78,0.00,40,0.00,18.2,27.4,20.2
2026-09-17 00:50:00,24.3,70,101.78,0.00,39,0.00,18.5,27.3,20.3
2026-09-17 01:00:00,24.0,72,101.78,0.00,39,0.00,18.6,27.1,20.3
2026-09-17 01:10:00,24.1,71,101.77,0.00,41,0.00,18.5,27.1,20.2
2026-09-17 01:20:00,24.1,72,101.76,0.00,40,0.00,18.7,27.2,20.4
2026-09-17 01:30:00,23.9,72,101.76,0.00,41,0.00,18.5,26.9,20.2
2026-09-17 01:40:00,23.7,73,101.75,0.00,39,0.00,18.6,26.8,20.1
2026-09-17 01:50:00,23.6,74,101.75,0.00,39,0.00,18.7,26.7,20.2
2026-09-17 02:00:00,23.2,73,101.75,0.00,40,0.00,18.1,26.0,19.7
2026-09-17 02:10:00,23.3,74,101.76,0.00,39,0.00,18.4,26.3,19.9
2026-09-17 02:20:00,23.5,76,101.75,0.00,40,0.00,19.0,26.8,20.4
2026-09-17 02:30:00,23.3,74,101.74,0.00,39,0.00,18.4,26.3,19.9
2026-09-17 02:40:00,23.2,74,101.75,0.00,38,0.00,18.3,26.1,19.8
2026-09-17 02:50:00,23.0,74,101.74,0.00,42,0.00,18.1,25.9,19.6
2026-09-17 03:00:00,23.0,76,101.73,0.00,41,0.00,18.5,26.0,19.9
2026-09-17 03:10:00,23.0,74,101.74,0.00,41,0.00,18.1,25.9,19.6
2026-09-17 03:20:00,23.0,76,101.73,0.00,40,0.00,18.5,26.0,19.9
2026-09-17 03:30:00,23.4,76,101.73,0.00,43,0.00,18.9,26.6,20.3
2026-09-17 03:40:00,23.5,76,101.73,0.00,40,0.00,19.0,26.8,20.4
2026-09-17 03:50:00,23.4,76,101.73,0.00,40,0.00,18.9,26.6,20.3
2026-09-17 04:00:00,23.4,76,101.73,0.00,41,0.00,18.9,26.6,20.3
2026-09-17 04:10:00,23.5,76,101.72,0.00,40,0.00,19.0,26.8,20.4
2026-09-17 04:20:00,23.8,74,101.72,0.00,42,0.00,18.9,27.0,20.4
2026-09-17 04:30:00,24.1,76,101.71,0.00,41,0.00,19.6,27.6,20.9
2026-09-17 04:40:00,24.1,78,101.72,0.00,42,0.00,20.0,27.8,21.2
2026-09-17 04:50:00,24.3,77,101.73,0.00,41,0.00,20.0,28.0,21.2
2026-09-17 05:00:00,24.6,78,101.74,0.00,42,0.00,20.5,28.6,21.7
2026-09-17 05:10:00,24.6,78,101.75,0.00,42,0.00,20.5,28.6,21.7
2026-09-17 05:20:00,24.8,79,101.76,0.00,43,0.00,20.9,29.0,22.0
2026-09-17 05:30:00,25.0,79,101.75,0.00,42,0.00,21.1,29.3,22.2
2026-09-17 05:40:00,25.0,79,101.75,0.00,43,0.00,21.1,29.3,22.2
2026-09-17 05:50:00,25.1,79,101.75,0.00,41,0.00,21.2,29.4,22.3
2026-09-17 06:00:00,25.2,79,101.76,0.00,42,0.00,21.3,29.6,22.4
2026-09-17 06:11:00,25.5,79,101.77,0.00,43,0.00,21.6,30.0,22.7
2026-09-17 06:21:00,25.6,79,101.78,0.00,43,0.00,21.7,30.2,22.8
2026-09-17 06:31:00,25.8,77,101.77,0.00,42,0.00,21.5,30.2,22.7
2026-09-17 06:41:00,26.6,76,101.76,0.00,44,0.00,22.0,31.3,23.3
2026-09-17 06:51:00,27.0,74,101.77,0.00,41,0.00,22.0,31.7,23.4
2026-09-17 07:01:00,27.0,74,101.77,0.00,43,0.00,22.0,31.7,23.4
2026-09-17 07:11:00,27.2,74,101.78,0.00,43,0.00,22.2,32.0,23.6
2026-09-17 07:21:00,26.8,73,101.76,0.00,42,0.00,21.6,31.3,23.1
2026-09-17 07:31:00,27.1,74,101.75,0.00,41,0.00,22.1,31.9,23.5
2026-09-17 07:41:00,28.1,75,101.76,0.00,43,0.00,23.0,33.4,24.4
2026-09-17 07:51:00,28.9,72,101.78,0.00,42,0.00,23.1,34.2,24.7
2026-09-17 08:01:00,30.0,69,101.79,0.00,41,0.00,24.3,36.9,26.1
2026-09-17 08:11:00,27.9,66,101.79,0.00,40,0.00,20.7,32.0,22.9
2026-09-17 08:21:00,29.1,74,101.80,0.00,46,0.00,23.8,34.8,25.2
2026-09-17 08:31:00,30.0,69,101.82,0.00,45,0.00,25.4,38.8,27.2
2026-09-17 08:41:00,30.0,66,101.81,0.00,42,0.00,29.7,47.1,31.6
2026-09-17 08:51:00,30.0,54,101.81,0.00,45,0.00,23.8,40.5,27.0
2026-09-17 09:01:00,30.0,62,101.81,0.00,44,0.00,23.4,37.4,25.9
2026-09-17 09:11:00,29.8,66,101.82,0.00,43,0.00,22.5,34.8,24.6
2026-09-17 09:21:00,30.0,74,101.82,0.00,45,0.00,30.7,46.8,32.0
2026-09-17 09:31:00,30.0,62,101.82,0.00,41,0.00,26.9,43.3,29.2
2026-09-17 09:41:00,30.0,53,101.80,0.00,43,0.00,20.4,35.3,23.9
2026-09-17 09:51:00,30.0,64,101.81,0.00,43,0.00,22.2,34.8,24.5
2026-09-17 10:01:00,30.0,70,101.80,0.00,44,0.00,32.9,52.2,34.4
2026-09-17 10:11:00,30.0,42,101.79,0.00,40,0.00,16.5,33.5,21.7
2026-09-17 10:21:00,30.0,57,101.79,0.00,42,0.00,20.9,34.9,23.9
2026-09-17 10:31:00,29.5,58,101.80,0.00,41,0.00,20.1,33.3,23.1
2026-09-17 10:41:00,30.0,62,101.80,0.00,42,0.00,21.9,35.0,24.4
2026-09-17 10:51:00,30.0,60,101.79,0.00,41,0.00,21.7,35.1,24.4
2026-09-17 11:01:00,30.0,57,101.80,0.00,43,0.00,23.0,38.3,26.0
2026-09-17 11:11:00,30.0,51,101.77,0.00,41,0.00,20.5,36.1,24.2
2026-09-17 11:21:00,30.0,54,101.77,0.00,39,0.00,22.4,38.2,25.7
2026-09-17 11:31:00,30.0,53,101.76,0.00,42,0.00,23.3,40.0,26.6
2026-09-17 11:41:00,30.0,45,101.76,0.00,41,0.00,18.0,34.6,22.7
2026-09-17 11:51:00,30.0,46,101.76,0.00,39,0.00,20.5,38.0,24.8
2026-09-17 12:01:00,30.0,40,101.73,0.00,41,0.00,16.7,34.7,22.2
2026-09-17 12:11:00,30.0,48,101.74,0.00,41,0.00,20.3,36.9,24.4
2026-09-17 12:21:00,30.0,44,101.71,0.00,40,0.00,18.5,35.7,23.3
2026-09-17 12:31:00,30.0,47,101.72,0.00,41,0.00,18.6,34.7,22.9
2026-09-17 12:41:00,30.0,45,101.70,0.00,42,0.00,18.8,35.7,23.4
2026-09-17 12:51:00,30.0,48,101.70,0.00,41,0.00,20.0,36.5,24.1
2026-09-17 13:01:00,30.0,44,101.69,0.00,39,0.00,17.0,33.4,21.9
2026-09-17 13:11:00,30.0,47,101.67,0.00,41,0.00,19.6,36.3,23.9
2026-09-17 13:21:00,30.0,46,101.68,0.00,42,0.00,19.6,36.6,24.0
2026-09-17 13:31:00,30.0,45,101.69,0.00,41,0.00,19.7,37.3,24.3
2026-09-17 13:41:00,30.0,42,101.67,0.00,40,0.00,17.2,34.6,22.4
2026-09-17 13:51:00,30.0,46,101.68,0.00,41,0.00,19.7,36.9,24.2
2026-09-17 14:01:00,30.0,44,101.67,0.00,39,0.00,20.2,38.4,24.8
2026-09-17 14:11:00,30.0,43,101.66,0.00,41,0.00,18.9,36.8,23.8
2026-09-17 14:21:00,30.0,47,101.66,0.00,41,0.00,19.0,35.4,23.3
2026-09-17 14:31:00,30.0,50,101.65,0.00,41,0.00,21.7,38.4,25.5
2026-09-17 14:41:00,30.0,48,101.66,0.00,41,0.00,20.7,37.7,24.8
2026-09-17 14:51:00,30.0,50,101.65,0.00,40,0.00,20.9,37.1,24.7
2026-09-17 15:01:00,30.0,50,101.65,0.00,41,0.00,19.9,35.5,23.7
2026-09-17 15:11:00,30.0,53,101.66,0.00,40,0.00,21.5,37.2,25.0
2026-09-17 15:21:00,30.0,56,101.66,0.00,41,0.00,26.4,44.2,29.2
2026-09-17 15:31:00,30.0,55,101.67,0.00,39,0.00,20.9,35.4,24.1
2026-09-17 15:41:00,30.0,55,101.66,0.00,40,0.00,20.1,34.3,23.4
2026-09-17 15:51:00,30.0,59,101.66,0.00,41,0.00,23.2,37.9,25.9
2026-09-17 16:01:00,30.0,57,101.67,0.00,40,0.00,21.3,35.4,24.3
2026-09-17 16:11:00,30.0,55,101.68,0.00,40,0.00,19.7,33.6,23.0
2026-09-17 16:21:00,29.2,54,101.68,0.00,40,0.00,18.6,32.3,22.1
2026-09-17 16:31:00,28.8,54,101.68,0.00,39,0.00,18.3,31.7,21.8
2026-09-17 16:41:00,28.6,56,101.66,0.00,41,0.00,18.7,31.7,21.9
2026-09-17 16:51:00,28.6,58,101.68,0.00,40,0.00,19.2,32.0,22.3
2026-09-17 17:01:00,28.6,59,101.69,0.00,40,0.00,19.5,32.1,22.4
2026-09-17 17:11:00,28.2,60,101.68,0.00,40,0.00,19.4,31.6,22.2
2026-09-17 17:21:00,28.3,62,101.68,0.00,40,0.00,20.1,32.0,22.6
2026-09-17 17:31:00,27.9,64,101.68,0.00,40,0.00,20.2,31.7,22.6
2026-09-17 17:41:00,27.8,65,101.70,0.00,40,0.00,20.4,31.7,22.6
2026-09-17 17:51:00,27.6,66,101.70,0.00,39,0.00,20.4,31.5,22.6
2026-09-17 18:02:00,27.6,66,101.71,0.00,41,0.00,20.4,31.5,22.6
2026-09-17 18:12:00,27.4,68,101.72,0.00,39,0.00,21.0,31.6,22.9
2026-09-17 18:22:00,27.4,72,101.72,0.00,41,0.00,21.9,32.1,23.5
2026-09-17 18:32:00,27.2,73,101.74,0.00,39,0.00,21.9,31.9,23.4
2026-09-17 18:42:00,27.3,74,101.75,0.00,41,0.00,22.0,32.0,23.5
2026-09-17 18:52:00,27.1,74,101.76,0.00,40,0.00,22.1,31.9,23.5
2026-09-17 19:02:00,27.3,76,101.77,0.00,41,0.00,22.7,32.4,24.0
2026-09-17 19:12:00,27.3,74,101.78,0.00,40,0.00,22.3,32.2,23.7
2026-09-17 19:22:00,27.1,72,101.78,0.00,40,0.00,21.6,31.6,23.2
2026-09-17 19:32:00,27.3,74,101.80,0.00,44,0.00,22.0,32.0,23.5
2026-09-17 19:42:00,27.1,72,101.80,0.00,39,0.00,21.6,31.6,23.2
2026-09-17 19:52:00,27.1,72,101.81,0.00,43,0.00,21.6,31.6,23.2
2026-09-17 20:02:00,27.1,72,101.82,0.00,40,0.00,21.6,31.6,23.2
2026-09-17 20:12:00,27.1,72,101.81,0.00,41,0.00,21.6,31.6,23.2
2026-09-17 20:22:00,27.0,72,101.83,0.00,42,0.00,21.5,31.5,23.1
2026-09-17 20:32:00,26.9,72,101.82,0.00,41,0.00,21.4,31.3,23.0
2026-09-17 20:42:00,26.9,73,101.82,0.00,41,0.00,21.6,31.4,23.1
2026-09-17 20:52:00,27.0,74,101.82,0.00,41,0.00,22.0,31.7,23.4
2026-09-17 21:02:00,26.8,74,101.82,0.00,41,0.00,21.8,31.4,23.2
2026-09-17 21:12:00,26.8,76,101.79,0.00,43,0.00,22.2,31.6,23.5
2026-09-17 21:22:00,26.7,74,101.79,0.00,43,0.00,21.7,31.3,23.1
2026-09-17 21:32:00,26.7,76,101.79,0.00,43,0.00,22.1,31.5,23.4
2026-09-17 21:42:00,26.9,78,101.78,0.00,41,0.00,22.7,32.0,23.9
2026-09-17 21:52:00,26.6,74,101.79,0.00,43,0.00,21.6,31.1,23.0
2026-09-17 22:02:00,26.6,78,101.78,0.00,44,0.00,22.4,31.6,23.6
2026-09-17 22:12:00,26.5,80,101.79,0.00,42,0.00,22.8,31.6,23.8
2026-09-17 22:22:00,26.4,80,101.79,0.00,41,0.00,22.7,31.5,23.7
2026-09-17 22:32:00,26.5,80,101.78,0.00,44,0.00,22.8,31.6,23.8
2026-09-17 22:42:00,26.4,80,101.77,0.00,43,0.00,22.7,31.5,23.7
2026-09-17 22:52:00,26.3,80,101.77,0.00,42,1.09,22.6,31.3,23.6
2026-09-17 23:02:00,26.2,80,101.76,0.00,45,0.00,22.5,31.2,23.5
2026-09-17 23:12:00,26.2,80,101.76,0.00,45,0.00,22.5,31.2,23.5
2026-09-17 23:22:00,26.2,80,101.76,0.00,44,0.00,22.5,31.2,23.5
2026-09-17 23:32:00,26.2,82,101.75,0.00,43,0.00,22.9,31.4,23.8
2026-09-17 23:42:00,26.3,79,101.74,0.00,43,0.00,22.4,31.2,23.4
2026-09-17 23:52:00,26.1,79,101.75,0.00,43,0.00,22.2,30.9,23.2
2026-09-18 00:02:00,26.0,80,101.76,0.00,42,0.00,22.3,30.9,23.3
2026-09-18 00:12:00,26.1,80,101.76,0.00,41,0.00,22.4,31.0,23.4
2026-09-18 00:22:00,26.1,80,101.76,0.00,41,0.00,22.4,31.0,23.4
2026-09-18 00:32:00,25.9,80,101.77,0.00,43,0.00,22.2,30.7,23.2
2026-09-18 00:42:00,25.7,82,101.78,0.00,41,0.00,22.4,30.6,23.3
2026-09-18 00:52:00,25.8,82,101.76,0.00,42,0.00,22.5,30.8,23.4
2026-09-18 01:02:00,26.1,82,101.76,0.00,41,0.00,22.8,31.2,23.7
2026-09-18 01:12:00,26.2,82,101.76,0.00,43,0.00,22.9,31.4,23.8
2026-09-18 01:22:00,26.3,82,101.74,0.00,45,0.00,23.0,31.6,23.9
2026-09-18 01:32:00,26.3,80,101.72,0.00,43,0.16,22.6,31.3,23.6
2026-09-18 01:42:00,26.3,82,101.72,0.00,42,0.00,23.0,31.6,23.9
2026-09-18 01:52:00,26.3,83,101.72,0.00,44,0.00,23.2,31.7,24.0
2026-09-18 02:02:00,26.4,83,101.71,0.00,43,0.00,23.3,31.8,24.1
2026-09-18 02:12:00,26.4,83,101.71,0.00,45,0.00,23.3,31.8,24.1
2026-09-18 02:22:00,26.4,83,101.70,0.00,44,0.00,23.3,31.8,24.1
2026-09-18 02:32:00,26.4,83,101.70,0.00,43,0.00,23.3,31.8,24.1
2026-09-18 02:42:00,26.4,83,101.71,0.00,44,0.00,23.3,31.8,24.1
2026-09-18 02:52:00,26.4,83,101.69,0.00,43,0.00,23.3,31.8,24.1
2026-09-18 03:02:00,26.3,83,101.70,0.00,42,0.00,23.2,31.7,24.0
2026-09-18 03:12:00,26.3,84,101.70,0.00,44,0.00,23.4,31.8,24.1
2026-09-18 03:22:00,26.4,84,101.70,0.00,45,0.00,23.5,31.9,24.2
2026-09-18 03:32:00,26.4,84,101.70,0.00,45,0.00,23.5,31.9,24.2
2026-09-18 03:42:00,26.4,83,101.70,0.00,45,0.00,23.3,31.8,24.1
2026-09-18 03:52:00,26.4,84,101.70,0.00,44,0.00,23.5,31.9,24.2
2026-09-18 04:02:00,26.5,84,101.72,0.00,45,0.00,23.6,32.1,24.3
2026-09-18 04:12:00,26.5,84,101.73,0.00,42,0.00,23.6,32.1,24.3
2026-09-18 04:22:00,26.5,84,101.74,0.00,45,0.00,23.6,32.1,24.3
2026-09-18 04:32:00,26.4,84,101.74,0.00,43,0.00,23.5,31.9,24.2
2026-09-18 04:42:00,26.4,84,101.73,0.00,45,0.00,23.5,31.9,24.2
2026-09-18 04:52:00,26.2,84,101.74,0.00,43,0.00,23.3,31.6,24.0
2026-09-18 05:02:00,26.1,84,101.75,0.00,45,0.00,23.2,31.5,23.9
2026-09-18 05:12:00,26.1,85,101.75,0.00,45,0.00,23.4,31.6,24.1
2026-09-18 05:22:00,25.9,85,101.76,0.00,45,0.00,23.2,31.3,23.9
2026-09-18 05:33:00,26.1,85,101.76,0.00,45,0.00,23.4,31.6,24.1
2026-09-18 05:43:00,26.2,86,101.77,0.00,46,0.00,23.7,31.8,24.3
2026-09-18 05:53:00,26.3,86,101.77,0.00,46,0.00,23.8,32.0,24.4
2026-09-18 06:03:00,26.3,86,101.78,0.00,46,0.00,23.8,32.0,24.4
2026-09-18 06:13:00,26.5,85,101.79,0.00,47,0.00,23.8,32.2,24.5
2026-09-18 06:23:00,26.8,85,101.80,0.00,48,0.00,24.1,32.7,24.8
2026-09-18 06:33:00,27.6,86,101.80,0.00,45,0.00,24.8,34.0,25.5
2026-09-18 06:43:00,28.1,85,101.82,0.00,41,0.11,25.1,34.6,25.9
2026-09-18 06:53:00,27.7,84,101.82,0.00,42,0.00,24.7,34.0,25.5
2026-09-18 07:03:00,28.1,84,101.83,0.00,42,0.00,24.9,34.5,25.7
2026-09-18 07:13:00,28.3,83,101.83,0.00,42,0.13,25.3,35.3,26.2
2026-09-18 07:23:00,28.5,82,101.84,0.00,42,0.00,25.3,35.5,26.2
2026-09-18 07:33:00,28.5,82,101.85,0.00,43,0.00,24.9,34.9,25.8
2026-09-18 07:43:00,28.5,82,101.86,0.00,42,0.00,24.9,34.9,25.8
2026-09-18 07:53:00,28.7,80,101.86,0.00,40,0.00,25.7,36.6,26.7
2026-09-18 08:03:00,29.0,78,101.86,0.00,44,0.12,25.0,36.0,26.2
2026-09-18 08:13:00,28.7,79,101.86,0.00,42,0.00,25.3,36.3,26.4
2026-09-18 08:23:00,30.0,80,101.87,0.00,45,0.13,26.9,38.7,27.9
2026-09-18 08:33:00,30.0,77,101.87,0.00,46,0.00,26.3,38.3,27.5
2026-09-18 08:43:00,30.0,74,101.88,0.00,46,0.00,25.3,37.3,26.7
2026-09-18 08:53:00,30.0,77,101.88,0.00,46,0.00,25.9,37.6,27.1
2026-09-18 09:03:00,30.0,77,101.89,0.00,47,0.00,26.2,38.1,27.4
2026-09-18 09:13:00,30.0,76,101.89,0.00,43,0.18,29.9,44.9,31.1
2026-09-18 09:23:00,30.0,68,101.89,0.00,43,0.28,29.5,46.2,31.2
2026-09-18 09:33:00,30.0,61,101.89,0.00,41,0.16,25.6,41.3,28.0
2026-09-18 09:43:00,30.0,62,101.90,0.00,42,0.11,27.4,44.1,29.7
2026-09-18 09:53:00,30.0,55,101.89,0.00,43,0.20,25.5,43.1,28.5
2026-09-18 10:03:00,30.0,51,101.90,0.00,45,0.14,24.2,42.3,27.7
2026-09-18 10:13:00,30.0,51,101.89,0.00,43,0.00,21.5,37.7,25.1
2026-09-18 10:23:00,30.0,62,101.88,0.00,45,0.00,26.2,42.2,28.6
2026-09-18 10:33:00,30.0,56,101.87,0.00,43,0.00,21.7,36.5,24.8
2026-09-18 10:43:00,30.0,67,101.87,0.00,45,0.00,26.4,40.9,28.3
2026-09-18 10:53:00,30.0,60,101.88,0.00,43,0.19,25.8,41.9,28.3
2026-09-18 11:03:00,30.0,58,101.86,0.00,43,0.30,24.5,40.5,27.3
2026-09-18 11:13:00,30.0,60,101.84,0.00,42,0.00,27.6,45.0,30.0
2026-09-18 11:23:00,30.0,55,101.84,0.00,43,0.00,22.3,37.7,25.4
2026-09-18 11:33:00,30.0,61,101.83,0.00,42,0.00,25.2,40.7,27.7
2026-09-18 11:43:00,30.0,56,101.82,0.00,45,0.00,23.0,38.6,26.1
2026-09-18 11:53:00,30.0,57,101.82,0.00,44,0.39,24.4,40.6,27.3
2026-09-18 12:03:00,30.0,56,101.81,0.00,45,0.00,21.9,36.8,25.0
2026-09-18 12:13:00,30.0,68,101.82,0.00,44,0.00,24.4,37.4,26.3
2026-09-18 12:23:00,30.0,70,101.82,0.00,43,0.00,23.9,36.0,25.6
2026-09-18 12:33:00,29.3,79,101.81,0.00,49,0.00,25.1,35.8,26.2
2026-09-18 12:43:00,28.8,85,101.81,0.00,45,0.00,25.8,35.8,26.6
2026-09-18 12:53:00,29.3,88,101.80,0.00,47,0.00,26.9,37.0,27.5
2026-09-18 13:03:00,29.9,86,101.80,0.00,49,0.00,27.1,37.7,27.8
2026-09-18 13:13:00,30.8,86,101.80,0.00,46,0.00,28.0,39.3,28.7
2026-09-18 13:23:00,31.4,85,101.79,0.00,46,0.00,28.4,40.1,29.1
2026-09-18 13:33:00,31.5,83,101.78,0.00,48,0.00,28.0,40.0,28.9
2026-09-18 13:43:00,31.4,84,101.77,0.00,46,0.00,28.2,40.0,28.9
2026-09-18 13:53:00,30.3,83,101.76,0.00,46,0.00,26.9,38.0,27.7
2026-09-18 14:03:00,30.1,83,101.76,0.00,50,0.00,26.7,37.6,27.5
2026-09-18 14:13:00,30.3,83,101.75,0.00,51,0.00,26.9,38.0,27.7
2026-09-18 14:23:00,30.3,83,101.76,0.00,46,0.00,26.9,38.0,27.7
2026-09-18 14:33:00,30.5,84,101.75,0.00,46,0.00,27.3,38.5,28.1
2026-09-18 14:43:00,29.6,84,101.77,0.00,53,0.00,26.4,37.0,27.2
2026-09-18 14:53:00,28.8,88,101.76,0.00,57,0.00,26.4,36.2,27.0
2026-09-18 15:03:00,28.4,91,101.76,0.00,57,0.00,26.6,35.9,27.0
2026-09-18 15:13:00,28.4,91,101.75,0.00,59,0.00,26.6,35.9,27.0
2026-09-18 15:23:00,29.2,93,101.75,0.00,54,0.00,27.8,37.5,28.1
2026-09-18 15:33:00,29.8,90,101.75,0.00,56,0.00,27.8,38.1,28.3
2026-09-18 15:43:00,29.8,89,101.76,0.00,60,0.00,27.6,38.0,28.1
2026-09-18 15:53:00,29.3,89,101.76,0.00,58,0.00,27.1,37.1,27.6
2026-09-18 16:03:00,29.3,91,101.76,0.00,61,0.00,27.5,37.4,27.9
2026-09-18 16:14:08,31.1,88,101.77,0.00,53,0.00,28.9,40.2,29.4
2026-09-18 16:24:08,30.3,85,101.77,0.00,51,0.00,27.5,38.4,28.2
2026-09-18 16:34:08,29.4,87,101.78,0.00,64,0.00,27.0,37.2,27.6
2026-09-18 16:45:08,29.0,89,101.78,0.00,56,0.00,27.0,36.8,27.5
2026-09-18 16:55:08,28.9,89,101.78,0.00,49,0.00,26.9,36.6,27.4
2026-09-18 17:05:08,28.9,90,101.78,0.00,52,0.00,27.1,36.7,27.5
2026-09-18 17:15:08,28.8,90,101.78,0.00,54,0.00,27.0,36.6,27.4
2026-09-18 17:25:08,28.7,90,101.80,0.00,54,0.00,26.9,36.4,27.3
2026-09-18 17:35:08,28.4,90,101.80,0.00,53,0.00,26.6,35.9,27.0
2026-09-18 17:45:08,28.6,91,101.82,0.00,55,0.00,27.0,36.3,27.4
2026-09-18 17:55:08,28.7,90,101.82,0.00,58,0.00,26.9,36.4,27.3
2026-09-18 18:05:08,28.5,93,101.82,0.00,64,0.00,27.3,36.4,27.6
2026-09-18 18:15:08,28.0,95,101.84,0.00,73,0.00,27.1,35.8,27.4
2026-09-18 18:25:08,27.7,95,101.84,0.00,74,0.00,26.8,35.3,27.1
2026-09-18 18:35:08,27.2,95,101.85,0.00,68,0.00,26.3,34.5,26.6
2026-09-18 18:45:08,26.8,95,101.86,0.00,68,0.00,25.9,33.8,26.2
2026-09-18 18:55:08,26.8,95,101.86,0.00,64,0.00,25.9,33.8,26.2
2026-09-18 19:05:08,26.7,96,101.86,0.00,67,0.00,26.0,33.8,26.2
2026-09-18 19:15:08,27.0,96,101.86,0.00,67,0.00,26.3,34.3,26.5
2026-09-18 19:25:08,27.1,94,101.87,0.00,72,0.00,26.0,34.2,26.3
2026-09-18 19:35:08,26.9,95,101.88,0.00,73,0.00,26.0,34.0,26.3
2026-09-18 19:45:08,26.7,97,101.88,0.00,66,0.00,26.2,33.9,26.3
2026-09-18 19:55:08,26.6,97,101.90,0.00,68,0.00,26.1,33.7,26.2
2026-09-18 20:05:08,26.6,97,101.91,0.00,69,0.00,26.1,33.7,26.2
2026-09-18 20:15:08,26.9,96,101.92,0.00,70,0.00,26.2,34.1,26.4
2026-09-18 20:25:08,26.8,96,101.93,0.00,72,0.00,26.1,34.0,26.3
2026-09-18 20:35:08,26.9,97,101.93,0.00,73,0.00,26.4,34.2,26.5
2026-09-18 20:45:08,27.1,95,101.94,0.00,68,0.00,26.2,34.3,26.5
2026-09-18 20:55:08,27.0,96,101.94,0.00,88,0.00,26.3,34.3,26.5
2026-09-18 21:05:08,27.2,96,101.94,0.00,66,0.00,26.5,34.6,26.7
2026-09-18 21:15:08,27.0,96,101.93,0.00,71,0.00,26.3,34.3,26.5
2026-09-18 21:25:08,26.9,97,101.93,0.00,78,0.00,26.4,34.2,26.5
2026-09-18 21:35:08,27.0,98,101.93,0.00,77,0.00,26.7,34.5,26.8
2026-09-18 21:45:08,26.9,97,101.92,0.00,83,0.00,26.4,34.2,26.5
2026-09-18 21:55:08,26.9,97,101.92,0.00,77,0.00,26.4,34.2,26.5
2026-09-18 22:05:08,26.9,97,101.91,0.00,76,0.00,26.4,34.2,26.5
2026-09-18 22:15:08,26.9,97,101.92,0.00,80,0.00,26.4,34.2,26.5
2026-09-18 22:26:08,26.9,97,101.92,0.00,87,0.00,26.4,34.2,26.5
2026-09-18 22:35:08,26.9,97,101.92,0.00,79,0.00,26.4,34.2,26.5
2026-09-18 22:46:08,26.9,98,101.91,0.00,87,0.00,26.6,34.4,26.7
2026-09-18 22:56:08,26.9,97,101.90,0.00,77,0.00,26.4,34.2,26.5
2026-09-18 23:06:08,26.8,98,101.90,0.00,90,0.00,26.5,34.2,26.6
2026-09-18 23:16:08,26.9,98,101.91,0.00,96,0.00,26.6,34.4,26.7
2026-09-18 23:26:08,26.9,98,101.90,0.00,96,0.00,26.6,34.4,26.7
2026-09-18 23:36:08,26.9,98,101.91,0.00,95,0.00,26.6,34.4,26.7
2026-09-18 23:46:08,27.0,98,101.89,0.00,102,0.00,26.7,34.5,26.8
2026-09-18 23:56:08,27.0,98,101.88,0.00,105,0.00,26.7,34.5,26.8
2026-09-19 00:06:08,26.9,98,101.88,0.00,100,0.00,26.6,34.4,26.7
2026-09-19 00:16:08,27.0,98,101.89,0.00,93,0.00,26.7,34.5,26.8
2026-09-19 00:26:08,27.0,100,101.88,0.00,93,0.00,27.0,34.8,27.1
2026-09-19 00:36:08,27.0,100,101.87,0.00,93,0.00,27.0,34.8,27.1
2026-09-19 00:46:08,26.9,100,101.86,0.00,91,0.00,26.9,34.6,27.0
2026-09-19 00:56:08,26.9,100,101.88,0.00,95,0.00,26.9,34.6,27.0
2026-09-19 01:06:08,26.9,100,101.87,0.00,98,0.00,26.9,34.6,27.0
2026-09-19 01:16:08,26.9,100,101.87,0.00,94,0.00,26.9,34.6,27.0
2026-09-19 01:26:08,26.9,100,101.86,0.00,102,0.00,26.9,34.6,27.0
2026-09-19 01:36:08,26.8,100,101.87,0.00,96,0.00,26.8,34.4,26.9
2026-09-19 01:46:08,26.8,100,101.87,0.00,94,0.00,26.8,34.4,26.9
2026-09-19 01:56:08,26.8,100,101.86,0.00,99,0.00,26.8,34.4,26.9
2026-09-19 02:06:08,26.8,100,101.85,0.00,100,0.00,26.8,34.4,26.9
2026-09-19 02:16:08,26.7,100,101.84,0.00,94,0.00,26.7,34.3,26.8
2026-09-19 02:26:08,26.5,100,101.83,0.00,104,0.00,26.5,33.9,26.6
2026-09-19 02:36:08,26.5,100,101.83,0.00,104,0.00,26.5,33.9,26.6
2026-09-19 02:46:08,26.5,100,101.83,0.00,102,0.00,26.5,33.9,26.6
2026-09-19 02:56:08,26.6,100,101.81,0.00,105,0.00,26.6,34.1,26.7
2026-09-19 03:06:08,26.6,100,101.81,0.00,105,0.00,26.6,34.1,26.7
2026-09-19 03:16:08,26.6,100,101.82,0.00,106,0.00,26.6,34.1,26.7
2026-09-19 03:26:08,26.5,100,101.82,0.00,96,0.00,26.5,33.9,26.6
2026-09-19 03:36:08,26.5,100,101.83,0.00,97,0.00,26.5,33.9,26.6
2026-09-19 03:46:08,26.5,100,101.82,0.00,105,0.00,26.5,33.9,26.6
2026-09-19 03:56:08,26.4,100,101.83,0.00,106,0.00,26.4,33.8,26.5
2026-09-19 04:06:08,26.5,100,101.82,0.00,105,0.00,26.5,33.9,26.6
2026-09-19 04:16:08,26.4,100,101.83,0.00,97,0.00,26.4,33.8,26.5
2026-09-19 04:26:08,26.4,100,101.84,0.00,106,0.00,26.4,33.8,26.5
2026-09-19 04:36:08,26.4,100,101.84,0.00,96,0.00,26.4,33.8,26.5
2026-09-19 04:46:08,26.3,100,101.84,0.00,97,0.00,26.3,33.6,26.4
2026-09-19 04:56:08,26.3,100,101.84,0.00,105,0.00,26.3,33.6,26.4
2026-09-19 05:06:08,26.2,100,101.85,0.00,89,0.00,26.2,33.4,26.3
2026-09-19 05:16:08,26.3,98,101.86,0.00,95,0.00,26.0,33.4,26.1
2026-09-19 05:26:08,26.3,98,101.87,0.00,101,0.00,26.0,33.4,26.1
2026-09-19 05:36:08,26.3,100,101.88,0.00,99,0.00,26.3,33.6,26.4
2026-09-19 05:46:08,26.3,98,101.88,0.00,92,0.00,26.0,33.4,26.1
2026-09-19 05:56:08,26.3,98,101.89,0.00,98,0.00,26.0,33.4,26.1
2026-09-19 06:06:08,26.3,98,101.91,0.00,103,0.00,26.0,33.4,26.1
2026-09-19 06:16:08,26.4,98,101.92,0.00,100,0.00,26.1,33.5,26.2
2026-09-19 06:26:08,26.4,98,101.93,0.00,88,0.00,26.1,33.5,26.2
2026-09-19 06:36:08,26.4,98,101.93,0.00,97,0.00,26.1,33.5,26.2
2026-09-19 06:46:08,26.6,98,101.94,0.00,103,0.00,26.3,33.9,26.4
2026-09-19 06:56:08,26.9,98,101.95,0.00,100,0.00,26.6,34.4,26.7
2026-09-19 07:06:08,27.0,98,101.95,0.00,99,0.00,26.7,34.5,26.8
2026-09-19 07:16:08,27.1,98,101.96,0.00,91,0.00,26.8,34.7,26.9
2026-09-19 07:26:08,26.9,97,101.97,0.00,93,0.00,26.4,34.2,26.5
2026-09-19 07:36:08,27.1,98,101.96,0.00,90,0.00,26.8,34.7,26.9
2026-09-19 07:46:08,26.8,97,101.97,0.00,89,0.00,26.3,34.1,26.4
2026-09-19 07:56:08,26.3,97,101.98,0.00,85,0.00,25.8,33.2,25.9
2026-09-19 08:06:08,26.4,97,101.99,0.00,104,0.00,25.9,33.4,26.0
2026-09-19 08:16:08,26.6,98,102.01,0.00,105,0.00,26.3,33.9,26.4
2026-09-19 08:26:08,26.4,97,102.03,0.00,89,0.00,25.9,33.4,26.0
2026-09-19 08:36:08,26.2,97,102.03,0.00,98,0.00,25.7,33.1,25.8
2026-09-19 08:46:08,26.1,97,102.04,0.00,91,0.24,25.6,32.9,25.7
2026-09-19 08:56:08,26.4,97,102.04,0.00,124,0.00,25.9,33.4,26.0
2026-09-19 09:06:08,26.5,98,102.05,0.00,127,0.00,26.2,33.7,26.3
2026-09-19 09:17:00,26.9,97,102.06,0.00,92,0.00,26.4,34.2,26.5
2026-09-19 09:27:00,27.5,97,102.07,0.00,100,0.00,27.0,35.2,27.1
2026-09-19 09:37:00,28.0,97,102.07,0.00,93,0.00,27.5,36.1,27.6
2026-09-19 09:47:00,28.9,97,102.07,0.00,87,0.00,28.4,37.6,28.5
2026-09-19 09:57:00,28.4,95,102.08,0.00,76,0.00,27.5,36.5,27.8
2026-09-19 10:07:00,29.9,91,102.08,0.00,68,0.00,28.3,38.6,28.7
2026-09-19 10:17:00,30.0,89,102.09,0.00,75,0.00,28.0,38.5,28.5
2026-09-19 10:27:00,29.3,88,102.09,0.00,68,0.00,27.1,37.1,27.6
2026-09-19 10:37:00,29.3,89,102.09,0.00,66,0.00,27.3,37.3,27.8
2026-09-19 10:47:00,30.3,88,102.07,0.00,61,0.00,28.1,38.8,28.6
2026-09-19 10:57:00,31.8,82,102.04,0.00,64,0.00,28.3,40.5,29.2
2026-09-19 11:07:00,31.3,75,102.03,0.00,57,0.00,26.3,38.6,27.6
2026-09-19 11:17:00,31.4,75,102.02,0.00,55,0.00,26.4,38.8,27.7
2026-09-19 11:27:00,32.0,75,101.99,0.00,55,0.00,27.0,39.8,28.3
2026-09-19 11:37:00,34.9,75,101.98,0.00,56,0.00,29.8,44.7,31.0
2026-09-19 12:01:00,33.5,66,101.95,0.00,53,0.00,26.3,40.8,28.2
2026-09-19 12:11:00,32.7,68,101.94,0.00,49,0.00,26.0,39.8,27.8
2026-09-19 12:21:00,32.3,56,101.94,0.00,51,0.00,22.4,37.2,25.4
2026-09-19 12:31:00,33.5,66,101.93,0.00,50,0.00,26.3,40.8,28.2
2026-09-19 12:41:00,31.7,72,101.93,0.00,53,0.00,26.0,38.8,27.5
2026-09-19 12:51:00,31.1,78,101.91,0.00,50,0.00,26.8,38.7,27.9
2026-09-19 13:01:00,30.9,80,101.90,0.00,54,0.00,27.0,38.7,28.0
2026-09-19 13:11:00,30.2,84,101.89,0.00,52,0.00,27.2,38.1,27.9
2026-09-19 13:21:00,29.3,87,101.90,0.00,57,0.00,26.9,37.0,27.5
2026-09-19 13:31:00,30.1,88,101.90,0.00,56,0.00,27.9,38.5,28.4
2026-09-19 13:41:00,29.1,91,101.90,0.00,64,0.00,27.5,37.2,27.9
2026-09-19 13:51:00,28.9,91,101.89,0.00,67,0.00,27.3,36.9,27.7
2026-09-19 14:01:00,29.0,91,101.89,0.00,66,0.00,27.4,37.0,27.8
2026-09-19 14:11:00,29.0,91,101.89,0.00,66,0.00,27.4,37.0,27.8
2026-09-19 14:21:00,29.0,91,101.88,0.00,67,0.00,27.4,37.0,27.8
2026-09-19 14:31:00,29.0,90,101.89,0.00,72,0.00,27.2,36.9,27.6
2026-09-19 14:41:00,29.1,90,101.89,0.00,71,0.00,27.3,37.1,27.7
2026-09-19 14:51:00,29.3,90,101.89,0.00,65,0.00,27.5,37.4,27.9
2026-09-19 15:01:00,29.3,90,101.90,0.00,68,0.00,27.5,37.4,27.9
2026-09-19 15:11:00,29.1,90,101.90,0.00,65,0.00,27.3,37.1,27.7
2026-09-19 15:21:00,29.4,89,101.91,0.00,67,0.00,27.4,37.4,27.9
2026-09-19 15:31:00,29.8,89,101.90,0.00,65,0.00,27.8,38.1,28.3
2026-09-19 15:41:00,30.2,88,101.91,0.00,59,0.00,28.0,38.7,28.5
2026-09-19 15:51:00,29.2,87,101.91,0.00,65,0.00,26.8,36.8,27.4
2026-09-19 16:01:00,29.1,88,101.92,0.00,64,0.00,26.9,36.8,27.4
2026-09-19 16:11:00,28.7,89,101.92,0.00,65,0.00,26.7,36.3,27.2
2026-09-19 16:21:00,28.9,90,101.92,0.00,73,0.00,27.1,36.7,27.5
2026-09-19 16:31:00,28.5,90,101.93,0.00,70,0.00,26.7,36.1,27.1
2026-09-19 16:41:00,27.4,90,101.94,0.00,69,0.00,25.6,34.2,26.1
2026-09-19 16:51:00,27.5,92,101.96,0.00,70,0.00,26.1,34.6,26.4
2026-09-19 17:01:00,27.3,94,101.97,0.00,70,0.00,26.2,34.6,26.5
2026-09-19 17:11:00,26.7,94,101.97,0.00,77,0.00,25.7,33.6,25.9
2026-09-19 17:21:00,26.7,96,101.97,0.00,92,0.00,26.0,33.8,26.2
2026-09-19 17:31:00,26.7,96,101.97,0.00,91,0.00,26.0,33.8,26.2
2026-09-19 17:41:00,27.2,96,101.97,0.00,88,0.00,26.5,34.6,26.7
2026-09-19 17:51:00,27.2,95,101.98,0.00,78,0.00,26.3,34.5,26.6
2026-09-19 18:01:00,26.8,94,101.97,0.00,84,0.00,25.8,33.7,26.0
2026-09-19 18:11:00,27.3,96,101.98,0.00,80,0.00,26.6,34.8,26.8
2026-09-19 18:21:00,27.2,95,101.98,0.00,80,0.00,26.3,34.5,26.6
2026-09-19 18:31:00,26.9,95,101.98,0.00,79,0.00,26.0,34.0,26.3
2026-09-19 18:41:00,26.9,95,101.99,0.00,84,0.00,26.0,34.0,26.3
2026-09-19 18:51:00,27.3,95,102.00,0.00,88,0.00,26.4,34.7,26.7
2026-09-19 19:01:00,27.4,95,102.00,0.00,95,0.00,26.5,34.8,26.8
2026-09-19 19:11:00,27.2,95,102.01,0.00,84,0.00,26.3,34.5,26.6
2026-09-19 19:21:00,27.2,94,102.02,0.00,84,0.00,26.1,34.4,26.4
2026-09-19 19:31:00,26.9,94,102.04,0.00,82,0.00,25.9,33.9,26.1
2026-09-19 19:41:00,26.5,95,102.05,0.00,74,0.00,25.6,33.3,25.9
2026-09-19 19:51:00,26.1,95,102.05,0.00,87,0.00,25.2,32.7,25.5
2026-09-19 20:01:00,25.8,97,102.06,0.00,102,0.00,25.3,32.4,25.4
2026-09-19 20:11:00,25.8,98,102.08,0.00,135,0.00,25.5,32.5,25.6
2026-09-19 20:21:00,25.8,100,102.09,0.00,118,0.00,25.8,32.8,25.9
2026-09-19 20:31:00,25.9,98,102.08,0.00,130,0.00,25.6,32.7,25.7
2026-09-19 20:41:00,26.2,98,102.09,0.00,121,0.00,25.9,33.2,26.0
2026-09-19 20:52:00,26.1,97,102.09,0.00,119,0.00,25.6,32.9,25.7
2026-09-19 21:02:00,26.3,98,102.09,0.00,111,0.00,26.0,33.4,26.1
2026-09-19 21:12:00,26.3,97,102.08,0.00,121,0.00,25.8,33.2,25.9
2026-09-19 21:22:00,26.4,98,102.08,0.00,122,0.00,26.1,33.5,26.2
2026-09-19 21:32:00,26.4,98,102.08,0.00,110,0.00,26.1,33.5,26.2
2026-09-19 21:42:00,26.4,97,102.08,0.00,108,0.00,25.9,33.4,26.0
2026-09-19 21:52:00,26.4,98,102.07,0.00,100,0.00,26.1,33.5,26.2
2026-09-19 22:02:00,26.5,97,102.06,0.00,113,0.00,26.0,33.6,26.1
2026-09-19 22:12:00,26.5,97,102.05,0.00,104,0.00,26.0,33.6,26.1
2026-09-19 22:22:00,26.5,97,102.05,0.00,95,0.00,26.0,33.6,26.1
2026-09-19 22:32:00,26.3,97,102.05,0.00,96,0.00,25.8,33.2,25.9
2026-09-19 22:42:00,26.3,97,102.05,0.00,87,0.00,25.8,33.2,25.9
2026-09-19 22:52:00,26.5,97,102.04,0.00,97,0.00,26.0,33.6,26.1
2026-09-19 23:02:00,26.6,97,102.04,0.00,96,0.00,26.1,33.7,26.2
2026-09-19 23:12:00,26.4,97,102.04,0.00,92,0.00,25.9,33.4,26.0
2026-09-19 23:22:00,26.4,96,102.04,0.00,90,0.00,25.7,33.3,25.9
2026-09-19 23:32:00,26.4,96,102.04,0.00,90,0.00,25.7,33.3,25.9
2026-09-19 23:42:00,26.3,96,102.03,0.00,91,0.00,25.6,33.1,25.8
2026-09-19 23:52:00,26.4,96,102.04,0.00,90,0.00,25.7,33.3,25.9
2026-09-20 00:02:00,26.5,96,102.03,0.00,74,0.00,25.8,33.5,26.0
2026-09-20 00:12:00,26.5,95,102.02,0.00,80,0.00,25.6,33.3,25.9
2026-09-20 00:22:00,26.5,95,102.01,0.00,69,0.00,25.6,33.3,25.9
2026-09-20 00:32:00,26.5,95,102.00,0.00,72,0.00,25.6,33.3,25.9
2026-09-20 00:42:00,26.6,95,101.99,0.00,71,0.00,25.7,33.5,26.0
2026-09-20 00:52:00,26.5,95,101.99,0.00,69,0.00,25.6,33.3,25.9
2026-09-20 01:02:00,26.6,95,101.98,0.00,71,0.00,25.7,33.5,26.0
2026-09-20 01:12:00,26.5,95,101.98,0.00,67,0.00,25.6,33.3,25.9
2026-09-20 01:22:00,26.5,95,101.97,0.00,72,0.00,25.6,33.3,25.9
2026-09-20 01:32:00,26.5,96,101.97,0.00,69,0.00,25.8,33.5,26.0
2026-09-20 01:42:00,26.6,95,101.97,0.00,73,0.00,25.7,33.5,26.0
2026-09-20 01:52:00,26.5,95,101.96,0.00,70,0.00,25.6,33.3,25.9
2026-09-20 02:02:00,26.5,95,101.95,0.00,73,0.00,25.6,33.3,25.9
2026-09-20 02:12:00,26.5,95,101.95,0.00,73,0.00,25.6,33.3,25.9
2026-09-20 02:22:00,26.5,95,101.95,0.00,68,0.00,25.6,33.3,25.9
2026-09-20 02:32:00,26.5,95,101.95,0.00,61,0.00,25.6,33.3,25.9
2026-09-20 02:42:00,26.4,95,101.95,0.00,71,0.00,25.5,33.2,25.8
2026-09-20 02:52:00,26.4,95,101.94,0.00,77,0.00,25.5,33.2,25.8
2026-09-20 03:02:00,26.4,95,101.94,0.00,76,0.00,25.5,33.2,25.8
2026-09-20 03:12:00,26.4,95,101.94,0.00,77,0.00,25.5,33.2,25.8
2026-09-20 03:22:00,26.4,95,101.93,0.00,77,0.00,25.5,33.2,25.8
2026-09-20 03:32:00,26.5,96,101.93,0.00,81,0.00,25.8,33.5,26.0
2026-09-20 03:42:00,26.5,96,101.93,0.00,75,0.00,25.8,33.5,26.0
2026-09-20 03:52:00,26.5,96,101.92,0.00,71,0.00,25.8,33.5,26.0
2026-09-20 04:02:00,26.5,95,101.92,0.00,74,0.00,25.6,33.3,25.9
2026-09-20 04:12:00,26.4,96,101.92,0.00,82,0.00,25.7,33.3,25.9
2026-09-20 04:22:00,26.4,96,101.92,0.00,78,0.00,25.7,33.3,25.9
2026-09-20 04:32:00,26.4,95,101.92,0.00,78,0.00,25.5,33.2,25.8
2026-09-20 04:42:00,26.5,95,101.92,0.00,79,0.00,25.6,33.3,25.9
2026-09-20 04:52:00,26.4,95,101.91,0.00,71,0.00,25.5,33.2,25.8
2026-09-20 05:02:00,26.3,95,101.91,0.00,74,0.00,25.4,33.0,25.7
2026-09-20 05:12:00,26.3,95,101.92,0.00,69,0.00,25.4,33.0,25.7
2026-09-20 05:22:00,26.3,95,101.93,0.00,68,0.00,25.4,33.0,25.7
2026-09-20 05:32:00,26.3,95,101.93,0.00,71,0.00,25.4,33.0,25.7
2026-09-20 05:42:00,26.2,95,101.93,0.00,73,0.00,25.3,32.9,25.6
2026-09-20 05:52:00,26.3,95,101.94,0.00,76,0.00,25.4,33.0,25.7
2026-09-20 06:02:00,26.4,95,101.94,0.00,72,0.00,25.5,33.2,25.8
2026-09-20 06:12:00,26.6,94,101.95,0.00,78,0.00,25.6,33.4,25.8
2026-09-20 06:22:00,26.8,95,101.96,0.00,75,0.00,25.9,33.8,26.2
2026-09-20 06:32:00,27.1,94,101.97,0.00,75,0.00,26.0,34.2,26.3
2026-09-20 06:42:00,27.3,91,101.97,0.00,70,0.00,25.7,34.2,26.1
2026-09-20 06:52:00,27.5,89,101.97,0.00,62,0.00,25.5,34.3,26.0
2026-09-20 07:02:00,27.7,89,101.98,0.00,62,0.00,25.7,34.6,26.2
2026-09-20 07:12:00,28.0,89,101.98,0.00,60,0.00,26.0,35.1,26.5
2026-09-20 07:22:00,28.4,87,101.98,0.00,56,0.00,26.0,35.5,26.6
2026-09-20 07:32:00,28.8,84,101.98,0.00,57,0.00,25.8,35.8,26.6
2026-09-20 07:42:00,29.1,83,101.97,0.00,65,0.00,25.9,36.1,26.7
2026-09-20 07:53:00,28.6,84,101.96,0.00,59,0.00,25.6,35.4,26.4
2026-09-20 08:03:00,29.2,79,101.96,0.00,60,0.00,25.2,35.8,26.2
2026-09-20 08:13:00,30.0,79,101.96,0.00,53,0.00,26.0,37.1,27.0
2026-09-20 08:23:00,30.8,77,101.96,0.00,54,0.00,26.3,38.1,27.4
2026-09-20 08:33:00,32.0,76,101.97,0.00,51,0.00,27.6,40.6,28.8
2026-09-20 08:43:00,32.0,66,101.98,0.00,48,0.00,25.8,40.0,27.7
2026-09-20 08:53:00,32.0,64,101.98,0.00,46,0.00,25.6,40.3,27.7
2026-09-20 09:03:00,32.0,62,101.98,0.00,44,0.00,29.6,47.9,31.7
2026-09-20 09:13:00,32.0,51,101.98,0.00,42,0.00,27.5,47.6,30.7
2026-09-20 09:23:00,32.0,45,101.98,0.00,43,0.00,23.2,42.5,27.3
2026-09-20 09:33:00,32.0,45,101.98,0.00,43,0.00,25.7,46.8,29.7
2026-09-20 09:43:00,32.0,45,101.97,0.00,41,0.00,21.8,40.2,26.1
2026-09-20 09:53:00,32.0,48,101.97,0.00,42,0.00,25.4,45.1,29.1
2026-09-20 10:03:00,32.0,43,101.96,0.00,41,0.00,19.8,37.8,24.5
2026-09-20 10:13:00,32.0,46,101.95,0.00,42,0.00,22.0,40.1,26.1
2026-09-20 10:23:00,32.0,48,101.95,0.00,42,0.00,22.5,40.2,26.4
2026-09-20 10:33:00,32.0,44,101.94,0.00,41,0.00,19.6,37.0,24.1
2026-09-20 10:43:00,32.0,47,101.93,0.00,42,0.00,21.8,39.4,25.8
2026-09-20 10:53:00,32.0,46,101.93,0.00,41,0.00,21.1,38.7,25.3
2026-09-20 11:03:00,32.0,47,101.92,0.00,41,0.00,23.3,41.8,27.2
2026-09-20 11:13:00,32.0,46,101.92,0.00,42,0.00,23.9,43.3,27.9
2026-09-20 11:23:00,32.0,45,101.90,0.00,41,0.00,22.5,41.3,26.7
2026-09-20 11:33:00,32.0,41,101.89,0.00,43,0.00,18.6,36.8,23.7
2026-09-20 11:43:00,32.0,45,101.89,0.00,42,0.00,19.7,36.8,24.1
2026-09-20 11:53:00,32.0,48,101.88,0.00,43,0.00,22.9,40.8,26.7
2026-09-20 12:03:00,32.0,49,101.87,0.00,43,0.00,21.4,38.0,25.2
2026-09-20 12:13:00,32.0,48,101.85,0.00,41,0.00,20.6,37.1,24.6
2026-09-20 12:23:00,32.0,50,101.83,0.00,42,0.00,21.5,37.7,25.1
2026-09-20 12:33:00,32.0,49,101.83,0.00,42,0.00,20.1,36.0,24.0
2026-09-20 12:43:00,32.0,52,101.83,0.00,42,0.00,21.1,36.4,24.6
2026-09-20 12:53:00,32.0,54,101.81,0.00,42,0.00,21.5,36.5,24.7
2026-09-20 13:03:00,32.0,55,101.80,0.00,42,0.00,22.3,37.4,25.4
2026-09-20 13:13:00,32.0,57,101.79,0.00,42,0.00,23.4,38.6,26.2
2026-09-20 13:23:00,32.0,54,101.78,0.00,42,0.00,23.0,38.9,26.1
2026-09-20 13:33:00,32.0,51,101.77,0.00,41,0.00,21.6,37.6,25.2
2026-09-20 13:43:00,32.0,53,101.76,0.00,43,0.00,21.4,36.6,24.7
2026-09-20 13:53:00,32.0,55,101.76,0.00,42,0.00,21.3,35.7,24.4
2026-09-20 14:03:00,32.0,53,101.76,0.00,42,0.00,20.6,35.3,24.0
2026-09-20 14:13:00,32.0,54,101.76,0.00,42,0.00,21.3,36.2,24.6
2026-09-20 14:23:00,32.0,55,101.75,0.00,42,0.00,24.0,40.3,27.0
2026-09-20 14:33:00,32.0,53,101.74,0.00,41,0.00,22.3,38.1,25.6
2026-09-20 14:43:00,32.0,50,101.74,0.00,41,0.00,22.5,39.4,26.1
2026-09-20 14:53:00,32.0,46,101.74,0.00,42,0.00,21.0,38.5,25.2
2026-09-20 15:03:00,32.0,47,101.73,0.00,40,0.00,20.5,37.4,24.6
2026-09-20 15:13:00,31.4,51,101.74,0.00,41,0.00,20.0,35.1,23.7
2026-09-20 15:23:00,31.0,56,101.74,0.00,40,0.00,21.2,35.3,24.2
2026-09-20 15:33:00,30.9,57,101.74,0.00,41,0.00,21.4,35.3,24.3
2026-09-20 15:43:00,30.9,60,101.74,0.00,41,0.00,22.2,35.7,24.8
2026-09-20 15:54:52,30.3,62,101.74,0.00,66,0.00,22.2,35.1,24.6
2026-09-20 16:04:52,30.4,61,101.74,0.00,40,0.00,22.0,35.1,24.5
2026-09-20 16:14:52,30.2,59,101.74,0.00,41,0.00,21.3,34.6,24.0
2026-09-20 16:24:52,29.8,60,101.74,0.00,42,0.00,21.2,34.1,23.8
2026-09-20 16:34:52,30.0,61,101.75,0.00,42,0.00,21.7,34.5,24.2
2026-09-20 16:44:52,29.6,63,101.75,0.00,41,0.00,21.8,34.2,24.1
2026-09-20 16:54:52,29.4,65,101.75,0.00,42,0.00,22.1,34.2,24.3
2026-09-20 17:04:52,29.1,66,101.74,0.00,43,0.00,22.1,33.9,24.1
2026-09-20 17:14:52,28.9,69,101.73,0.00,43,0.00,22.6,34.0,24.4
2026-09-20 17:24:52,28.8,61,101.73,0.00,42,0.00,20.5,32.8,23.1
2026-09-20 17:34:52,28.7,67,101.72,0.00,43,0.00,22.0,33.4,23.9
2026-09-20 17:44:52,28.4,68,101.71,0.00,42,0.00,21.9,33.1,23.8
2026-09-20 17:54:52,28.0,70,101.71,0.00,42,0.00,22.0,32.7,23.7
2026-09-20 18:04:52,27.8,69,101.71,0.00,41,0.00,21.6,32.3,23.4
2026-09-20 18:14:52,27.7,70,101.71,0.00,40,0.00,21.7,32.3,23.5
2026-09-20 18:24:52,27.5,71,101.71,0.00,41,0.00,21.8,32.1,23.4
2026-09-20 18:34:52,27.5,74,101.71,0.00,42,0.00,22.4,32.5,23.9
2026-09-20 18:44:52,27.4,74,101.72,0.00,40,0.00,22.4,32.3,23.8
2026-09-20 18:54:52,27.3,74,101.73,0.00,40,0.00,22.3,32.2,23.7
2026-09-20 19:04:52,27.9,74,101.74,0.00,41,0.00,22.8,33.1,24.2
2026-09-20 19:14:52,27.5,68,101.74,0.00,41,0.13,21.1,31.7,23.0
2026-09-20 19:24:52,27.6,69,101.76,0.00,40,0.00,21.4,32.0,23.2
2026-09-20 19:34:52,27.8,70,101.77,0.00,42,0.00,21.8,32.4,23.5
2026-09-20 19:44:52,27.3,70,101.77,0.00,41,0.00,21.3,31.7,23.1
2026-09-20 19:54:52,27.1,68,101.77,0.00,40,0.00,20.7,31.1,22.6
2026-09-20 20:04:52,27.4,69,101.77,0.00,43,0.00,21.2,31.7,23.0
2026-09-20 20:14:52,27.1,67,101.78,0.00,41,0.00,20.4,31.0,22.4
2026-09-20 20:24:52,27.2,71,101.77,0.00,50,0.00,21.5,31.6,23.1
2026-09-20 20:34:52,27.1,80,101.78,0.00,44,0.00,23.3,32.6,24.3
2026-09-20 20:44:52,26.5,78,101.79,0.00,43,0.11,22.3,31.4,23.5
2026-09-20 20:54:52,26.3,79,101.79,0.00,43,0.00,22.4,31.2,23.4
2026-09-20 21:04:52,26.3,80,101.80,0.00,42,0.00,22.6,31.3,23.6
2026-09-20 21:14:52,26.8,78,101.80,0.00,43,0.00,22.6,31.9,23.8
2026-09-20 21:24:52,26.4,74,101.80,0.00,47,0.00,21.4,30.8,22.8
2026-09-20 21:34:52,26.7,72,101.79,0.00,45,0.00,21.2,31.0,22.8
2026-09-20 21:44:52,26.2,73,101.79,0.00,42,0.00,21.0,30.4,22.5
2026-09-20 21:54:52,26.0,74,101.78,0.00,44,0.00,21.0,30.2,22.4
2026-09-20 22:04:52,26.0,74,101.78,0.00,42,0.00,21.0,30.2,22.4
2026-09-20 22:14:52,26.3,74,101.79,0.00,44,0.00,21.3,30.7,22.7
2026-09-20 22:24:52,26.4,73,101.78,0.00,43,0.00,21.2,30.7,22.7
2026-09-20 22:34:52,26.0,76,101.78,0.00,41,0.00,21.4,30.4,22.7
2026-09-20 22:44:52,26.3,74,101.77,0.00,44,0.00,21.3,30.7,22.7
2026-09-20 22:54:52,25.9,76,101.77,0.00,45,0.00,21.3,30.3,22.6
2026-09-20 23:04:52,25.7,76,101.77,0.00,44,0.00,21.1,30.0,22.4
2026-09-20 23:14:52,25.5,82,101.75,0.00,45,0.00,22.2,30.3,23.1
2026-09-20 23:24:52,25.4,82,101.75,0.00,45,0.00,22.1,30.2,23.0
2026-09-20 23:34:52,25.2,84,101.74,0.00,46,0.00,22.3,30.1,23.1
2026-09-20 23:44:52,25.2,83,101.73,0.00,44,0.00,22.1,30.0,22.9
2026-09-20 23:54:52,25.2,82,101.73,0.00,43,0.00,21.9,29.9,22.8
2026-09-21 00:04:52,25.0,82,101.73,0.00,46,0.00,21.7,29.6,22.6
2026-09-21 00:14:52,25.0,84,101.72,0.00,44,0.00,22.1,29.8,22.9
2026-09-21 00:24:52,25.2,85,101.72,0.00,46,0.00,22.5,30.2,23.2
2026-09-21 00:34:52,25.3,85,101.72,0.00,46,0.00,22.6,30.3,23.3
2026-09-21 00:44:52,25.1,85,101.72,0.00,45,0.00,22.4,30.0,23.1
2026-09-21 00:54:52,25.1,84,101.71,0.00,46,0.00,22.2,29.9,23.0
2026-09-21 01:04:52,25.1,85,101.70,0.00,47,0.00,22.4,30.0,23.1
2026-09-21 01:14:52,25.0,86,101.70,0.00,46,0.00,22.5,30.0,23.2
2026-09-21 01:24:52,24.9,86,101.70,0.00,45,0.00,22.4,29.8,23.1
2026-09-21 01:34:52,24.9,86,101.69,0.00,46,0.00,22.4,29.8,23.1
2026-09-21 01:44:52,24.9,86,101.68,0.00,47,0.00,22.4,29.8,23.1
2026-09-21 01:54:52,24.8,86,101.67,0.00,47,0.00,22.3,29.7,23.0
2026-09-21 02:04:52,24.9,86,101.67,0.00,47,0.00,22.4,29.8,23.1
2026-09-21 02:14:52,24.8,86,101.66,0.00,46,0.00,22.3,29.7,23.0
2026-09-21 02:24:52,24.9,86,101.65,0.00,46,0.00,22.4,29.8,23.1
2026-09-21 02:34:52,24.8,86,101.64,0.00,46,0.00,22.3,29.7,23.0
2026-09-21 02:44:52,24.7,86,101.64,0.00,46,0.00,22.2,29.5,22.9
2026-09-21 02:54:52,24.8,88,101.64,0.00,48,0.00,22.7,29.9,23.2
2026-09-21 03:04:52,24.8,88,101.64,0.00,48,0.00,22.7,29.9,23.2
2026-09-21 03:14:52,24.7,86,101.64,0.00,47,0.11,22.2,29.5,22.9
2026-09-21 03:24:52,24.8,88,101.64,0.00,48,0.00,22.7,29.9,23.2
2026-09-21 03:35:52,24.7,88,101.64,0.00,47,0.00,22.6,29.7,23.1
2026-09-21 03:45:52,24.7,88,101.63,0.00,46,0.00,22.6,29.7,23.1
2026-09-21 03:55:52,24.6,88,101.63,0.00,46,0.00,22.5,29.6,23.0
2026-09-21 04:05:52,24.6,88,101.62,0.00,47,0.00,22.5,29.6,23.0
2026-09-21 04:15:52,24.7,88,101.62,0.00,48,0.00,22.6,29.7,23.1
2026-09-21 04:25:52,24.6,88,101.63,0.00,48,0.00,22.5,29.6,23.0
2026-09-21 04:35:52,24.6,88,101.64,0.00,47,0.00,22.5,29.6,23.0
2026-09-21 04:45:52,24.4,89,101.66,0.00,49,0.00,22.5,29.4,23.0
2026-09-21 04:55:52,24.5,89,101.66,0.00,51,0.00,22.6,29.5,23.1
2026-09-21 05:05:52,24.6,89,101.65,0.00,50,0.00,22.7,29.7,23.2
2026-09-21 05:15:52,24.6,89,101.65,0.00,49,0.00,22.7,29.7,23.2
2026-09-21 05:25:52,24.4,89,101.67,0.00,50,0.00,22.5,29.4,23.0
2026-09-21 05:35:52,24.6,89,101.67,0.00,50,0.00,22.7,29.7,23.2
2026-09-21 05:45:52,24.7,90,101.68,0.00,50,0.00,22.9,29.9,23.4
2026-09-21 05:55:52,24.9,89,101.68,0.00,49,0.00,23.0,30.1,23.5
2026-09-21 06:05:52,25.0,88,101.68,0.00,49,0.00,22.9,30.2,23.4
2026-09-21 06:15:52,25.8,88,101.69,0.00,49,0.00,23.7,31.4,24.2
2026-09-21 06:25:52,27.6,86,101.69,0.00,49,0.00,25.0,34.1,25.7
2026-09-21 06:35:52,27.4,85,101.70,0.00,49,0.11,24.7,33.6,25.3
2026-09-21 06:45:52,26.7,86,101.70,0.00,49,0.10,24.2,32.6,24.8
2026-09-21 06:55:52,26.9,84,101.71,0.00,49,0.00,24.0,32.7,24.7
2026-09-21 07:05:52,27.2,84,101.72,0.00,47,0.00,24.3,33.2,25.0
2026-09-21 07:15:52,27.5,84,101.72,0.00,47,0.00,24.6,33.7,25.3
2026-09-21 07:25:52,27.6,83,101.73,0.00,47,0.00,24.4,33.7,25.3
2026-09-21 07:35:52,28.0,79,101.73,0.00,45,0.00,24.0,33.8,25.1
2026-09-21 07:45:52,27.4,78,101.72,0.00,45,0.10,23.2,32.8,24.3
2026-09-21 07:55:52,29.1,71,101.71,0.00,46,0.24,23.3,34.5,24.9
2026-09-21 08:05:52,29.5,61,101.71,0.00,45,0.00,21.2,33.8,23.7
2026-09-21 08:15:52,29.7,71,101.70,0.00,45,0.00,23.9,35.5,25.5
2026-09-21 08:25:52,29.2,72,101.72,0.00,48,0.00,23.6,34.8,25.2
2026-09-21 08:35:52,28.0,73,101.73,0.00,44,0.00,22.7,33.1,24.2
2026-09-21 08:45:52,28.9,71,101.71,0.00,47,0.31,23.1,34.2,24.7
2026-09-21 08:55:52,29.3,64,101.71,0.00,45,0.14,21.8,33.9,24.0
2026-09-21 09:05:52,31.0,60,101.72,0.00,44,0.18,22.3,35.9,24.9
2026-09-21 09:15:52,30.1,62,101.71,0.00,47,0.18,22.0,34.8,24.4
2026-09-21 09:25:52,30.1,58,101.69,0.00,43,0.34,22.8,37.2,25.5
2026-09-21 09:35:52,30.5,52,101.70,0.00,45,0.00,22.3,38.4,25.7
2026-09-21 09:45:52,30.2,64,101.70,0.00,46,0.00,22.6,35.3,24.8
2026-09-21 09:55:52,30.0,69,101.70,0.00,46,0.00,23.7,35.7,25.4
2026-09-21 10:05:52,28.1,71,101.69,0.00,46,0.17,22.3,33.0,24.0
2026-09-21 10:15:52,28.3,50,101.66,0.00,44,0.41,21.5,37.9,25.2
2026-09-21 10:25:52,28.4,46,101.66,0.00,45,0.11,22.7,41.3,26.8
2026-09-21 10:35:52,28.5,48,101.66,0.00,43,0.29,22.0,39.3,25.9
2026-09-21 10:45:52,28.7,40,101.66,0.00,41,0.16,18.8,37.6,24.0
2026-09-21 10:55:52,28.9,42,101.65,0.00,43,0.00,20.6,39.5,25.4
2026-09-21 11:05:52,28.8,52,101.63,0.00,43,0.00,21.5,37.2,25.0
2026-09-21 11:15:52,29.2,53,101.63,0.00,43,0.00,22.0,37.5,25.3
2026-09-21 11:25:52,29.8,61,101.61,0.00,42,0.00,21.5,34.2,24.0
2026-09-21 11:35:52,29.6,64,101.59,0.00,43,0.00,23.6,36.8,25.7
2026-09-21 11:45:52,29.2,69,101.59,0.00,44,0.34,22.9,34.4,24.7
2026-09-21 11:55:52,29.5,48,101.58,0.00,43,0.00,20.5,37.0,24.5
2026-09-21 12:05:52,29.4,61,101.56,0.00,44,0.00,23.1,36.8,25.5
2026-09-21 12:15:52,29.3,66,101.56,0.00,45,0.38,22.3,34.2,24.3
2026-09-21 12:25:52,29.5,43,101.53,0.00,44,0.18,19.1,36.7,23.8
2026-09-21 12:35:52,29.5,44,101.52,0.00,43,0.00,20.8,39.0,25.3
2026-09-21 12:45:52,29.6,48,101.50,0.00,43,0.00,19.8,35.8,23.8
2026-09-21 12:55:52,29.8,42,101.50,0.00,43,0.00,19.2,37.2,24.0
2026-09-21 13:05:52,29.7,57,101.50,0.00,42,0.16,21.6,35.6,24.5
2026-09-21 13:15:52,29.7,44,101.48,0.00,42,0.00,19.4,36.7,24.0
2026-09-21 13:25:52,29.7,53,101.47,0.00,40,0.00,20.7,35.4,24.0
2026-09-21 13:35:52,29.7,61,101.46,0.00,43,0.00,21.4,34.1,23.9
2026-09-21 13:45:52,29.7,56,101.45,0.00,42,0.00,22.6,37.5,25.5
2026-09-21 13:55:52,29.8,61,101.44,0.00,42,0.00,21.5,34.2,24.0
2026-09-21 14:05:52,29.7,54,101.44,0.00,42,0.00,20.0,34.1,23.3
2026-09-21 14:15:52,29.7,63,101.45,0.00,44,0.00,21.9,34.4,24.2
2026-09-21 14:25:52,29.8,70,101.44,0.00,45,0.00,24.2,36.3,25.9
2026-09-21 14:35:52,29.9,71,101.44,0.00,43,0.00,24.6,36.7,26.2
2026-09-21 14:45:52,30.0,71,101.43,0.00,43,0.00,24.2,35.9,25.8
2026-09-21 14:55:52,30.0,72,101.44,0.00,44,0.00,25.0,37.0,26.5
2026-09-21 15:05:52,29.2,71,101.44,0.00,44,0.00,23.4,34.7,25.0
2026-09-21 15:15:52,29.8,68,101.43,0.00,42,0.22,23.3,35.2,25.1
2026-09-21 15:25:52,29.5,65,101.44,0.00,43,0.00,23.6,36.6,25.7
2026-09-21 15:36:52,29.5,67,101.44,0.00,45,0.00,22.7,34.6,24.7
2026-09-21 15:46:52,29.7,69,101.45,0.00,42,0.00,23.4,35.2,25.2
2026-09-21 15:56:52,29.0,67,101.46,0.00,42,0.00,22.2,33.9,24.2
2026-09-21 16:06:52,29.0,67,101.45,0.00,42,0.00,22.2,33.9,24.2
2026-09-21 16:16:52,29.0,65,101.46,0.00,43,0.00,24.1,37.4,26.2
2026-09-21 16:26:52,28.8,66,101.47,0.00,44,0.00,21.8,33.4,23.9
2026-09-21 16:36:52,29.0,67,101.48,0.00,43,0.00,24.2,37.1,26.1
2026-09-21 16:46:52,29.6,67,101.49,0.00,43,0.00,22.8,34.8,24.8
2026-09-21 16:56:52,29.3,70,101.51,0.00,42,0.00,23.3,34.7,24.9
2026-09-21 17:06:52,29.1,71,101.50,0.00,47,0.00,23.3,34.5,24.9
2026-09-21 17:16:52,29.0,72,101.51,0.00,45,0.00,23.4,34.5,25.0
2026-09-21 17:26:52,28.9,73,101.51,0.00,46,0.00,23.6,34.5,25.0
2026-09-21 17:36:52,28.9,76,101.51,0.00,46,0.00,24.2,34.9,25.5
2026-09-21 17:46:52,28.5,77,101.52,0.00,45,0.00,24.1,34.4,25.2
2026-09-21 17:56:52,28.5,76,101.53,0.00,46,0.00,23.9,34.3,25.1
2026-09-21 18:06:52,28.4,77,101.55,0.00,46,0.00,24.0,34.2,25.2
2026-09-21 18:16:52,28.5,78,101.56,0.00,69,0.00,24.3,34.5,25.4
2026-09-21 18:27:18,28.3,78,101.58,0.00,48,0.00,24.1,34.2,25.2
2026-09-21 18:37:18,28.2,79,101.58,0.00,45,0.00,24.2,34.2,25.3
2026-09-21 18:47:18,28.3,79,101.60,0.00,46,0.00,24.3,34.3,25.4
2026-09-21 18:57:18,28.4,79,101.60,0.00,47,0.00,24.4,34.5,25.4
2026-09-21 19:07:18,28.4,78,101.61,0.00,46,0.00,24.2,34.4,25.3
2026-09-21 19:17:18,28.4,76,101.63,0.00,46,0.00,23.8,34.1,25.0
2026-09-21 19:27:18,28.2,74,101.64,0.00,47,0.00,23.1,33.5,24.5
2026-09-21 19:37:18,28.1,74,101.65,0.00,45,0.00,23.0,33.4,24.4
2026-09-21 19:47:18,27.7,74,101.66,0.00,46,0.00,22.6,32.8,24.0
2026-09-21 19:57:18,27.8,74,101.67,0.00,47,0.00,22.7,32.9,24.1
2026-09-21 20:07:18,27.4,76,101.68,0.00,46,0.00,22.8,32.5,24.1
2026-09-21 20:17:18,27.6,77,101.69,0.00,44,0.00,23.2,33.0,24.4
2026-09-21 20:27:18,27.3,77,101.69,0.00,45,0.00,22.9,32.5,24.1
2026-09-21 20:37:18,27.3,78,101.70,0.00,46,0.00,23.1,32.6,24.2
2026-09-21 20:47:18,27.6,76,101.71,0.00,45,0.00,23.0,32.9,24.2
2026-09-21 20:57:18,27.6,73,101.71,0.00,42,0.00,22.3,32.5,23.8
2026-09-21 21:07:18,27.5,67,101.71,0.00,43,0.00,20.8,31.6,22.8
2026-09-21 21:17:18,27.2,66,101.71,0.00,42,0.00,20.3,31.1,22.4
2026-09-21 21:27:18,26.9,69,101.71,0.00,43,0.00,20.7,31.0,22.6
2026-09-21 21:37:18,26.9,72,101.72,0.00,42,0.00,21.4,31.3,23.0
2026-09-21 21:47:18,26.3,74,101.73,0.00,44,0.00,21.3,30.7,22.7
2026-09-21 21:57:18,26.1,76,101.73,0.00,44,0.00,21.5,30.6,22.8
2026-09-21 22:07:18,26.1,77,101.72,0.00,44,0.00,21.7,30.7,23.0
2026-09-21 22:17:18,25.8,76,101.71,0.00,46,0.00,21.2,30.1,22.5
2026-09-21 22:27:18,25.8,77,101.71,0.00,46,0.00,21.5,30.2,22.7
2026-09-21 22:37:18,25.8,77,101.71,0.00,45,0.11,21.5,30.2,22.7
2026-09-21 22:47:18,26.0,77,101.72,0.00,45,0.00,21.7,30.5,22.9
2026-09-21 22:57:18,26.0,76,101.71,0.00,47,0.00,21.4,30.4,22.7
2026-09-21 23:07:18,25.8,74,101.72,0.00,46,0.00,20.8,29.9,22.3
2026-09-21 23:17:18,25.6,79,101.72,0.00,46,0.00,21.7,30.2,22.8
2026-09-21 23:27:18,25.6,80,101.72,0.00,45,0.00,21.9,30.3,22.9
2026-09-21 23:37:18,25.5,82,101.70,0.00,45,0.00,22.2,30.3,23.1
2026-09-21 23:47:18,25.6,80,101.70,0.00,45,0.00,21.9,30.3,22.9
2026-09-21 23:57:18,25.5,82,101.70,0.00,46,0.16,22.2,30.3,23.1
2026-09-22 00:07:18,25.4,82,101.70,0.00,44,0.00,22.1,30.2,23.0
2026-09-22 00:17:18,25.5,82,101.70,0.00,46,0.00,22.2,30.3,23.1
2026-09-22 00:27:18,25.3,83,101.69,0.00,45,0.00,22.2,30.1,23.0
2026-09-22 00:37:18,25.0,85,101.70,0.00,46,0.00,22.3,29.9,23.0
2026-09-22 00:47:18,25.2,85,101.69,0.00,46,0.00,22.5,30.2,23.2
2026-09-22 00:57:18,25.3,85,101.68,0.00,45,0.00,22.6,30.3,23.3
2026-09-22 01:07:18,25.2,85,101.68,0.00,46,0.00,22.5,30.2,23.2
2026-09-22 01:17:18,25.1,85,101.68,0.00,46,0.00,22.4,30.0,23.1
2026-09-22 01:27:18,25.2,85,101.68,0.00,44,0.00,22.5,30.2,23.2
2026-09-22 01:37:18,25.3,86,101.68,0.00,46,0.00,22.8,30.4,23.4
2026-09-22 01:47:18,25.1,85,101.68,0.00,46,0.11,22.4,30.0,23.1
2026-09-22 01:57:18,25.0,86,101.66,0.00,46,0.00,22.5,30.0,23.2
2026-09-22 02:07:18,24.9,85,101.66,0.00,44,0.00,22.2,29.7,22.9
2026-09-22 02:17:18,24.7,86,101.65,0.00,46,0.00,22.2,29.5,22.9
2026-09-22 02:27:18,24.9,86,101.65,0.00,47,0.00,22.4,29.8,23.1
2026-09-22 02:37:18,25.1,86,101.65,0.00,46,0.00,22.6,30.1,23.2
2026-09-22 02:47:18,25.2,86,101.66,0.00,46,0.00,22.7,30.3,23.3
2026-09-22 02:57:18,25.1,86,101.66,0.00,46,0.00,22.6,30.1,23.2
2026-09-22 03:07:18,25.1,86,101.66,0.00,47,0.00,22.6,30.1,23.2
2026-09-22 03:17:18,25.1,86,101.66,0.00,47,0.00,22.6,30.1,23.2
2026-09-22 03:27:18,24.9,86,101.65,0.00,47,0.00,22.4,29.8,23.1
2026-09-22 03:37:18,24.8,86,101.65,0.00,46,0.00,22.3,29.7,23.0
2026-09-22 03:47:18,25.0,88,101.65,0.00,46,0.00,22.9,30.2,23.4
2026-09-22 03:57:18,25.1,88,101.65,0.00,47,0.00,23.0,30.3,23.5
2026-09-22 04:07:18,25.1,88,101.66,0.00,45,0.00,23.0,30.3,23.5
2026-09-22 04:17:18,25.1,88,101.68,0.00,47,0.00,23.0,30.3,23.5
2026-09-22 04:27:18,25.2,88,101.68,0.00,47,0.00,23.1,30.5,23.6
2026-09-22 04:37:18,25.2,88,101.68,0.00,48,0.00,23.1,30.5,23.6
2026-09-22 04:47:18,25.4,88,101.69,0.00,48,0.00,23.3,30.8,23.8
2026-09-22 04:57:18,25.4,88,101.70,0.00,48,0.00,23.3,30.8,23.8
2026-09-22 05:07:18,25.5,88,101.71,0.00,48,0.00,23.4,31.0,23.9
2026-09-22 05:17:18,25.5,88,101.72,0.00,47,0.00,23.4,31.0,23.9
2026-09-22 05:27:18,25.6,88,101.72,0.00,49,0.00,23.5,31.1,24.0
2026-09-22 05:37:18,25.6,88,101.73,0.00,47,0.00,23.5,31.1,24.0
2026-09-22 05:47:18,25.5,88,101.74,0.00,48,0.00,23.4,31.0,23.9
2026-09-22 05:57:18,25.5,88,101.75,0.00,48,0.00,23.4,31.0,23.9
2026-09-22 06:08:18,25.6,89,101.76,0.00,48,0.00,23.6,31.2,24.1
2026-09-22 06:18:18,25.8,88,101.77,0.00,48,0.00,23.7,31.4,24.2
2026-09-22 06:28:18,25.8,88,101.78,0.00,48,0.00,23.7,31.4,24.2
2026-09-22 06:38:18,26.2,89,101.80,0.00,49,0.00,24.2,32.2,24.7
2026-09-22 06:48:18,26.5,88,101.81,0.00,50,0.00,24.3,32.5,24.9
2026-09-22 06:58:18,27.0,88,101.81,0.00,48,0.00,24.8,33.3,25.4
2026-09-22 07:08:18,27.9,88,101.82,0.00,48,0.00,25.7,34.8,26.3
2026-09-22 07:18:18,27.5,86,101.82,0.00,48,0.00,24.9,33.9,25.6
2026-09-22 07:28:18,27.7,86,101.83,0.00,47,0.00,25.1,34.2,25.8
2026-09-22 07:38:18,27.5,85,101.82,0.00,46,0.13,24.7,33.8,25.4
2026-09-22 07:48:18,27.6,83,101.82,0.00,46,0.00,24.4,33.7,25.3
2026-09-22 07:58:18,28.0,84,101.82,0.00,46,0.00,25.0,34.5,25.8
2026-09-22 08:08:18,28.6,79,101.83,0.00,47,0.00,24.6,34.8,25.6
2026-09-22 08:18:18,28.9,81,101.83,0.00,46,0.11,25.3,35.5,26.2
2026-09-22 08:28:18,29.0,73,101.84,0.00,46,0.11,23.7,34.6,25.1
2026-09-22 08:38:18,28.3,75,101.85,0.00,44,0.22,23.4,33.8,24.8
2026-09-22 08:48:18,30.1,68,101.86,0.00,48,0.00,23.5,35.7,25.4
2026-09-22 08:58:18,28.3,76,101.86,0.00,44,0.12,23.7,33.9,24.9
2026-09-22 09:08:18,29.0,70,101.86,0.00,44,0.00,23.0,34.2,24.7
2026-09-22 09:18:18,31.8,57,101.87,0.00,45,0.29,22.2,36.6,25.1
2026-09-22 09:28:18,31.1,62,101.86,0.00,42,0.31,23.0,36.3,25.3
2026-09-22 09:38:18,31.2,46,101.88,0.00,42,0.00,18.2,34.1,22.6
2026-09-22 09:48:18,31.5,58,101.87,0.00,42,0.00,22.2,36.3,25.0
2026-09-22 09:58:18,32.3,49,101.86,0.00,42,0.30,20.2,36.1,24.1
2026-09-22 10:08:18,32.1,50,101.85,0.00,42,0.24,20.3,35.9,24.1
2026-09-22 10:18:18,31.9,51,101.84,0.00,42,0.00,20.4,35.8,24.1
2026-09-22 10:28:18,31.7,52,101.83,0.00,41,0.16,20.5,35.6,24.1
2026-09-22 10:38:18,31.5,52,101.83,0.00,42,0.00,20.5,35.5,24.0
2026-09-22 10:48:18,31.3,53,101.80,0.00,42,0.00,20.6,35.3,24.0
2026-09-22 10:58:18,31.1,54,101.79,0.00,40,0.00,20.7,35.2,24.0
2026-09-22 11:08:18,30.9,55,101.80,0.00,41,0.00,20.8,35.0,24.0
2026-09-22 11:18:18,30.9,56,101.78,0.00,42,0.51,21.1,35.2,24.1
2026-09-22 11:28:18,31.9,50,101.77,0.00,42,0.37,20.9,36.1,24.4
2026-09-22 11:38:18,32.9,45,101.76,0.00,42,0.00,20.8,37.0,24.6
2026-09-22 11:48:18,33.9,39,101.74,0.00,41,0.00,18.0,36.7,23.4
2026-09-22 11:58:18,33.7,39,101.74,0.00,42,0.00,20.0,37.5,24.5
2026-09-22 12:08:18,33.6,39,101.73,0.00,42,0.00,19.4,37.1,24.1
2026-09-22 12:18:18,33.4,40,101.72,0.00,42,0.00,18.9,36.6,23.8
2026-09-22 12:28:18,33.3,40,101.70,0.00,42,0.00,18.3,36.2,23.4
2026-09-22 12:38:18,33.1,40,101.69,0.00,42,0.00,17.7,35.8,23.0
2026-09-22 12:48:18,33.6,38,101.67,0.00,42,0.00,17.3,36.1,22.9
2026-09-22 12:58:18,33.8,41,101.66,0.00,41,0.00,18.5,36.8,23.6
2026-09-22 13:08:18,34.0,43,101.66,0.00,42,0.00,19.6,37.5,24.3
2026-09-22 13:18:18,33.6,43,101.65,0.00,42,0.00,19.3,37.0,24.0
2026-09-22 13:28:18,33.3,43,101.63,0.00,41,0.00,19.0,36.5,23.7
2026-09-22 13:38:18,32.9,43,101.62,0.00,42,0.00,18.7,36.0,23.4
2026-09-22 13:48:18,31.3,51,101.62,0.00,40,0.00,19.9,35.0,23.6
2026-09-22 13:58:18,31.1,54,101.62,0.00,41,0.00,20.7,35.1,24.0
2026-09-22 14:08:18,30.9,59,101.61,0.00,39,0.00,21.9,35.6,24.6
2026-09-22 14:18:18,30.9,57,101.61,0.00,41,0.00,21.4,35.3,24.3
2026-09-22 14:28:18,31.4,61,101.60,0.00,41,0.00,23.0,36.6,25.4
2026-09-22 14:38:18,31.4,61,101.60,0.00,41,0.00,23.0,36.6,25.4
2026-09-22 14:48:18,31.6,61,101.60,0.00,42,0.00,23.2,37.0,25.6
2026-09-22 14:58:18,31.7,61,101.59,0.00,41,0.00,23.2,37.1,25.7
2026-09-22 15:08:18,30.1,59,101.59,0.00,41,0.00,21.2,34.4,23.9
2026-09-22 15:18:18,30.0,62,101.60,0.00,41,0.00,21.9,34.7,24.3
2026-09-22 15:28:18,31.0,62,101.59,0.00,41,0.00,22.9,36.2,25.2
2026-09-22 15:38:18,29.1,62,101.60,0.00,40,0.00,21.1,33.3,23.5
2026-09-22 15:48:18,29.2,66,101.60,0.00,41,0.00,22.2,34.0,24.2
2026-09-22 15:58:18,29.0,70,101.62,0.00,41,0.00,23.0,34.2,24.7
2026-09-22 16:08:18,29.0,70,101.62,0.00,42,0.00,23.0,34.2,24.7
2026-09-22 16:18:18,29.0,70,101.63,0.00,42,0.00,23.0,34.2,24.7
2026-09-22 16:28:18,28.5,72,101.64,0.00,42,0.00,23.0,33.7,24.5
2026-09-22 16:38:18,28.4,73,101.65,0.00,42,0.00,23.1,33.7,24.6
2026-09-22 16:48:18,28.5,73,101.66,0.00,43,0.00,23.2,33.9,24.7
2026-09-22 16:59:18,28.4,75,101.67,0.00,42,0.00,23.5,34.0,24.9
2026-09-22 17:09:18,28.4,74,101.68,0.00,42,0.00,23.3,33.8,24.7
2026-09-22 17:19:18,28.1,76,101.69,0.00,42,0.00,23.5,33.6,24.7
2026-09-22 17:29:18,27.8,76,101.70,0.00,43,0.00,23.2,33.2,24.4
2026-09-22 17:39:18,27.7,80,101.70,0.00,44,0.00,23.9,33.5,24.9
2026-09-22 17:49:18,27.7,83,101.71,0.00,46,0.00,24.5,33.9,25.4
2026-09-22 17:59:18,27.7,83,101.71,0.00,45,0.00,24.5,33.9,25.4
2026-09-22 18:09:18,27.6,82,101.73,0.00,46,0.00,24.2,33.6,25.1
2026-09-22 18:19:18,27.8,83,101.73,0.00,47,0.00,24.6,34.0,25.5
2026-09-22 18:29:18,27.8,82,101.75,0.00,46,0.00,24.4,33.9,25.3
2026-09-22 18:39:18,27.7,80,101.76,0.00,46,0.00,23.9,33.5,24.9
2026-09-22 18:49:18,27.5,79,101.76,0.00,45,0.00,23.5,33.1,24.6
2026-09-22 18:59:18,27.5,80,101.78,0.00,47,0.00,23.7,33.2,24.7
2026-09-22 19:09:18,27.3,83,101.79,0.00,49,0.00,24.2,33.2,25.0
2026-09-22 19:19:31,26.8,84,101.82,0.00,48,0.00,23.9,32.6,24.6
2026-09-22 19:29:31,26.9,84,101.84,0.00,48,0.00,24.0,32.7,24.7
2026-09-22 19:39:31,27.0,84,101.86,0.00,49,0.00,24.1,32.9,24.8
2026-09-22 19:49:31,27.0,84,101.87,0.00,48,0.00,24.1,32.9,24.8
2026-09-22 19:59:31,27.0,84,101.88,0.00,45,0.00,24.1,32.9,24.8
2026-09-22 20:09:31,27.0,83,101.89,0.00,47,0.00,23.9,32.8,24.7
2026-09-22 20:19:31,27.0,84,101.89,0.00,48,0.00,24.1,32.9,24.8
2026-09-22 20:29:31,27.0,84,101.90,0.00,46,0.00,24.1,32.9,24.8
2026-09-22 20:39:31,27.1,84,101.90,0.00,46,0.00,24.2,33.0,24.9
2026-09-22 20:49:31,27.0,84,101.91,0.00,47,0.00,24.1,32.9,24.8
2026-09-22 20:59:31,27.0,86,101.91,0.00,50,0.00,24.5,33.1,25.1
2026-09-22 21:09:31,27.0,86,101.92,0.00,49,0.00,24.5,33.1,25.1
2026-09-22 21:19:31,27.0,86,101.92,0.00,49,0.00,24.5,33.1,25.1
2026-09-22 21:29:31,27.0,86,101.91,0.00,49,0.00,24.5,33.1,25.1
2026-09-22 21:39:31,27.0,88,101.90,0.00,47,0.14,24.8,33.3,25.4
2026-09-22 21:49:31,26.9,86,101.89,0.00,50,0.00,24.4,33.0,25.0
2026-09-22 21:59:31,26.7,88,101.88,0.00,48,0.00,24.5,32.9,25.1
2026-09-22 22:09:31,26.7,88,101.87,0.00,49,0.00,24.5,32.9,25.1
2026-09-22 22:19:31,26.6,91,101.87,0.00,52,0.00,25.0,33.1,25.4
2026-09-22 22:29:31,26.6,83,101.88,0.00,48,0.00,23.5,32.1,24.3
2026-09-22 22:39:31,26.6,85,101.87,0.00,51,0.00,23.9,32.4,24.6
2026-09-22 22:49:31,26.6,85,101.87,0.00,51,0.00,23.9,32.4,24.6
2026-09-22 22:59:31,26.6,88,101.87,0.00,51,0.00,24.4,32.7,25.0
2026-09-22 23:09:31,26.7,89,101.88,0.00,48,0.00,24.7,33.0,25.2
2026-09-22 23:19:31,26.7,88,101.87,0.00,50,0.00,24.5,32.9,25.1
2026-09-22 23:29:31,26.6,88,101.86,0.00,49,0.00,24.4,32.7,25.0
2026-09-22 23:39:31,26.4,86,101.82,0.00,50,0.00,23.9,32.2,24.5
2026-09-22 23:49:31,26.4,86,101.81,0.00,47,0.00,23.9,32.2,24.5
2026-09-22 23:59:31,26.4,88,101.81,0.00,51,0.00,24.2,32.4,24.8
2026-09-23 00:09:31,26.4,88,101.80,0.00,46,0.00,24.2,32.4,24.8
2026-09-23 00:19:31,26.3,88,101.81,0.00,51,0.00,24.2,32.2,24.7
2026-09-23 00:29:31,26.2,88,101.80,0.00,50,0.00,24.1,32.1,24.6
2026-09-23 00:39:31,26.2,88,101.80,0.00,50,0.00,24.1,32.1,24.6
2026-09-23 00:49:31,26.0,89,101.80,0.00,48,0.00,24.0,31.9,24.5
2026-09-23 00:59:31,26.1,89,101.78,0.00,52,0.00,24.1,32.0,24.6
2026-09-23 01:09:31,26.1,89,101.77,0.00,51,0.00,24.1,32.0,24.6
2026-09-23 01:19:31,25.9,89,101.77,0.00,49,0.10,23.9,31.7,24.4
2026-09-23 01:29:31,25.9,89,101.76,0.00,51,0.00,23.9,31.7,24.4
2026-09-23 01:39:31,25.9,90,101.75,0.00,49,0.00,24.1,31.8,24.6
2026-09-23 01:49:31,25.8,89,101.77,0.00,50,0.00,23.8,31.6,24.3
2026-09-23 01:59:31,25.6,89,101.76,0.00,52,0.00,23.6,31.2,24.1
2026-09-23 02:09:31,26.0,90,101.76,0.00,51,0.00,24.2,32.0,24.7
2026-09-23 02:19:31,26.1,89,101.75,0.00,49,0.00,24.1,32.0,24.6
2026-09-23 02:29:31,26.0,88,101.75,0.00,51,0.21,23.9,31.8,24.4
2026-09-23 02:39:31,25.8,89,101.75,0.00,50,0.00,23.8,31.6,24.3
2026-09-23 02:49:31,25.6,89,101.76,0.00,50,0.12,23.6,31.2,24.1
2026-09-23 02:59:31,25.7,89,101.77,0.00,51,0.00,23.7,31.4,24.2
2026-09-23 03:09:31,25.9,89,101.77,0.00,51,0.00,23.9,31.7,24.4
2026-09-23 03:19:31,26.0,89,101.77,0.00,49,0.00,24.0,31.9,24.5
2026-09-23 03:29:31,26.2,89,101.77,0.00,48,0.00,24.2,32.2,24.7
2026-09-23 03:39:31,26.2,88,101.76,0.00,46,0.00,24.1,32.1,24.6
2026-09-23 03:49:31,26.3,86,101.76,0.00,51,0.14,23.8,32.0,24.4
2026-09-23 03:59:31,26.2,88,101.77,0.00,51,0.00,24.1,32.1,24.6
2026-09-23 04:09:31,26.2,88,101.78,0.00,51,0.00,24.1,32.1,24.6
2026-09-23 04:19:31,26.2,88,101.78,0.00,47,0.00,24.1,32.1,24.6
2026-09-23 04:29:31,26.2,86,101.77,0.00,47,0.00,23.7,31.8,24.3
2026-09-23 04:39:31,26.3,86,101.77,0.00,51,0.00,23.8,32.0,24.4
2026-09-23 04:49:31,26.2,88,101.76,0.00,49,0.00,24.1,32.1,24.6
2026-09-23 04:59:31,26.2,88,101.76,0.00,50,0.00,24.1,32.1,24.6
2026-09-23 05:09:31,26.2,86,101.77,0.00,47,0.00,23.7,31.8,24.3
2026-09-23 05:19:31,26.1,86,101.78,0.00,46,0.00,23.6,31.7,24.2
2026-09-23 05:29:31,26.2,86,101.79,0.00,51,0.00,23.7,31.8,24.3
2026-09-23 05:39:31,26.2,86,101.81,0.00,50,0.00,23.7,31.8,24.3
2026-09-23 05:49:31,26.2,86,101.82,0.00,51,0.00,23.7,31.8,24.3
2026-09-23 05:59:31,26.3,86,101.83,0.00,50,0.00,23.8,32.0,24.4
2026-09-23 06:09:31,26.4,86,101.83,0.00,49,0.00,23.9,32.2,24.5
2026-09-23 06:19:31,26.7,86,101.84,0.00,47,0.00,24.2,32.6,24.8
2026-09-23 06:29:31,26.8,86,101.85,0.00,47,0.00,24.3,32.8,24.9
2026-09-23 06:39:31,26.8,86,101.87,0.00,49,0.00,24.3,32.8,24.9
2026-09-23 06:50:31,26.8,85,101.88,0.00,47,0.00,24.1,32.7,24.8
2026-09-23 07:00:31,26.6,85,101.89,0.00,48,0.00,23.9,32.4,24.6
2026-09-23 07:10:31,26.7,84,101.88,0.00,48,0.00,23.8,32.4,24.5
2026-09-23 07:20:31,26.9,85,101.89,0.00,47,0.00,24.2,32.8,24.9
2026-09-23 07:30:31,27.0,85,101.89,0.00,46,0.00,24.3,33.0,25.0
2026-09-23 07:40:31,26.9,84,101.90,0.00,45,0.00,24.0,32.7,24.7
2026-09-23 07:50:31,27.7,84,101.90,0.00,47,0.00,24.7,34.0,25.5
2026-09-23 08:00:31,27.5,83,101.90,0.00,45,0.00,24.3,33.6,25.2
2026-09-23 08:10:31,28.1,82,101.91,0.00,46,0.00,24.7,34.4,25.6
2026-09-23 08:20:31,28.9,79,101.92,0.00,46,0.13,24.9,35.3,25.9
2026-09-23 08:30:31,28.1,78,101.92,0.00,45,0.18,23.9,33.9,25.0
2026-09-23 08:40:31,28.7,76,101.92,0.00,47,0.00,24.0,34.6,25.3
2026-09-23 08:50:31,28.8,77,101.93,0.00,46,0.00,24.4,34.9,25.5
2026-09-23 09:00:31,29.0,75,101.93,0.00,45,0.00,24.1,34.9,25.4
2026-09-23 09:10:31,29.9,72,101.93,0.00,46,0.10,24.3,35.9,25.8
2026-09-23 09:20:31,28.5,72,101.93,0.00,43,0.00,23.0,33.7,24.5
2026-09-23 09:30:31,31.5,68,101.94,0.00,44,0.60,24.9,37.9,26.7
2026-09-23 09:40:31,31.4,62,101.93,0.00,41,0.62,23.2,36.8,25.6
2026-09-23 09:50:31,31.8,61,101.93,0.00,41,0.00,23.3,37.3,25.8
2026-09-23 10:00:31,30.6,59,101.93,0.00,43,0.00,21.7,35.1,24.4
2026-09-23 10:10:31,31.4,60,101.93,0.00,43,0.00,22.7,36.5,25.3
2026-09-23 10:20:31,30.9,57,101.92,0.00,42,0.00,21.4,35.3,24.3
2026-09-23 10:30:31,30.1,59,101.91,0.00,43,0.00,21.2,34.4,23.9
2026-09-23 10:40:31,30.7,60,101.90,0.00,41,0.50,22.0,35.4,24.6
2026-09-23 10:50:31,30.8,52,101.90,0.00,42,0.18,23.5,40.3,26.8
2026-09-23 11:00:31,30.6,54,101.89,0.00,43,0.00,21.9,37.1,25.1
2026-09-23 11:10:31,30.5,53,101.89,0.00,42,0.00,22.8,38.8,26.0
2026-09-23 11:20:31,30.3,55,101.88,0.00,41,0.00,20.2,34.1,23.4
2026-09-23 11:30:31,29.5,64,101.88,0.00,43,0.00,22.0,34.2,24.2
2026-09-23 11:40:31,29.7,70,101.88,0.00,43,0.00,23.6,35.3,25.3
2026-09-23 11:50:31,28.9,72,101.87,0.00,46,0.00,23.3,34.4,24.9
2026-09-23 12:00:31,28.9,73,101.87,0.00,45,0.00,23.6,34.5,25.0
2026-09-23 12:10:31,28.7,75,101.85,0.00,44,0.00,23.8,34.4,25.1
2026-09-23 12:20:31,29.1,75,101.83,0.00,46,0.00,24.2,35.1,25.5
2026-09-23 12:30:31,29.0,75,101.82,0.00,45,0.00,24.1,34.9,25.4
2026-09-23 12:40:31,29.3,75,101.81,0.00,43,0.00,24.4,35.4,25.7
2026-09-23 12:50:31,29.9,72,101.80,0.00,43,0.13,24.3,35.9,25.8
2026-09-23 13:00:31,29.5,71,101.78,0.00,41,0.00,23.7,35.2,25.3
2026-09-23 13:10:31,28.9,69,101.78,0.00,41,0.00,22.6,34.0,24.4
2026-09-23 13:20:31,29.5,69,101.78,0.00,42,0.00,23.2,34.9,25.0
2026-09-23 13:30:31,29.9,71,101.77,0.00,43,0.00,24.1,35.8,25.7
2026-09-23 13:40:31,29.1,71,101.76,0.00,42,0.14,23.3,34.5,24.9
2026-09-23 13:50:31,29.1,71,101.76,0.00,43,0.00,23.3,34.5,24.9
2026-09-23 14:00:31,29.0,71,101.76,0.00,41,0.00,23.2,34.4,24.8
2026-09-23 14:10:31,28.9,72,101.75,0.00,43,0.00,23.3,34.4,24.9
2026-09-23 14:20:31,29.4,72,101.74,0.00,45,0.00,23.8,35.1,25.3
2026-09-23 14:30:31,28.7,72,101.73,0.00,44,0.00,23.1,34.0,24.7
2026-09-23 14:40:31,28.5,72,101.73,0.00,44,0.00,23.0,33.7,24.5
2026-09-23 14:50:31,28.6,74,101.74,0.00,44,0.00,23.5,34.2,24.9
2026-09-23 15:00:31,28.4,74,101.74,0.00,43,0.00,23.3,33.8,24.7
2026-09-23 15:10:31,28.6,73,101.74,0.00,43,0.00,23.3,34.0,24.7
2026-09-23 15:20:31,28.5,74,101.74,0.00,43,0.00,23.4,34.0,24.8
2026-09-23 15:30:31,28.7,71,101.74,0.00,43,0.00,22.9,33.9,24.5
2026-09-23 15:40:31,29.0,70,101.75,0.00,42,0.00,23.0,34.2,24.7
2026-09-23 15:50:31,29.4,67,101.74,0.00,43,0.00,22.6,34.5,24.6
2026-09-23 16:00:31,29.4,68,101.74,0.00,43,0.00,22.9,34.6,24.7
2026-09-23 16:10:31,28.5,68,101.75,0.00,41,0.00,22.0,33.2,23.9
2026-09-23 16:20:31,28.1,64,101.76,0.00,41,0.00,20.6,32.1,22.9
2026-09-23 16:30:31,28.1,66,101.76,0.00,42,0.00,21.1,32.4,23.2
2026-09-23 16:40:31,28.1,69,101.77,0.00,42,0.00,21.9,32.8,23.7
2026-09-23 16:50:31,28.1,70,101.76,0.00,43,0.00,22.1,32.9,23.8
2026-09-23 17:00:31,28.1,71,101.76,0.00,42,0.00,22.3,33.0,24.0
2026-09-23 17:10:31,28.3,72,101.77,0.00,42,0.00,22.8,33.4,24.3
2026-09-23 17:20:31,27.8,72,101.77,0.00,42,0.00,22.3,32.7,23.8
2026-09-23 17:30:31,27.8,72,101.77,0.00,43,0.00,22.3,32.7,23.8
2026-09-23 17:40:31,27.7,72,101.77,0.00,42,0.00,22.2,32.5,23.8
2026-09-23 17:50:31,27.6,73,101.76,0.00,43,0.00,22.3,32.5,23.8
2026-09-23 18:01:31,27.5,73,101.79,0.00,41,0.00,22.2,32.3,23.7
2026-09-23 18:11:31,27.3,74,101.80,0.00,41,0.00,22.3,32.2,23.7
2026-09-23 18:21:31,27.3,74,101.81,0.00,43,0.00,22.3,32.2,23.7
2026-09-23 18:31:31,27.3,76,101.81,0.00,62,0.00,22.7,32.4,24.0
2026-09-23 18:41:38,27.2,76,101.82,0.00,71,0.00,22.6,32.2,23.9
2026-09-23 18:51:38,27.2,77,101.85,0.00,43,0.00,22.8,32.4,24.0
2026-09-23 19:01:38,27.2,76,101.85,0.00,43,0.00,22.6,32.2,23.9
2026-09-23 19:11:38,27.1,76,101.85,0.00,43,0.00,22.5,32.1,23.8
2026-09-23 19:21:38,27.1,76,101.87,0.00,43,0.00,22.5,32.1,23.8
2026-09-23 19:31:38,27.2,78,101.88,0.00,45,0.00,23.0,32.5,24.2
2026-09-23 19:41:38,27.1,78,101.90,0.00,43,0.00,22.9,32.3,24.1
2026-09-23 19:51:38,27.0,78,101.90,0.00,43,0.00,22.8,32.2,24.0
2026-09-23 20:01:38,27.0,80,101.92,0.00,45,0.00,23.3,32.4,24.2
2026-09-23 20:11:38,26.9,79,101.94,0.00,43,0.00,22.9,32.1,24.0
2026-09-23 20:21:38,26.9,80,101.94,0.00,42,0.00,23.2,32.3,24.2
2026-09-23 20:31:38,26.9,80,101.96,0.00,42,0.00,23.2,32.3,24.2
2026-09-23 20:41:38,26.9,82,101.96,0.00,46,0.00,23.6,32.5,24.4
2026-09-23 20:51:38,26.8,83,101.96,0.00,46,0.00,23.7,32.4,24.5
2026-09-23 21:01:38,26.7,83,101.96,0.00,46,0.00,23.6,32.3,24.4
2026-09-23 21:11:38,26.7,84,101.96,0.00,46,0.00,23.8,32.4,24.5
2026-09-23 21:21:38,26.7,84,101.96,0.00,43,0.00,23.8,32.4,24.5
2026-09-23 21:31:38,26.7,83,101.96,0.00,47,0.00,23.6,32.3,24.4
2026-09-23 21:41:38,26.5,80,101.95,0.00,46,0.00,22.8,31.6,23.8
2026-09-23 21:51:38,26.5,83,101.93,0.00,45,0.00,23.4,32.0,24.2
2026-09-23 22:01:38,26.4,83,101.93,0.00,44,0.00,23.3,31.8,24.1
2026-09-23 22:11:38,26.5,83,101.93,0.00,46,0.00,23.4,32.0,24.2
2026-09-23 22:21:38,26.4,83,101.93,0.00,46,0.00,23.3,31.8,24.1
2026-09-23 22:31:38,26.4,83,101.94,0.00,44,0.00,23.3,31.8,24.1
2026-09-23 22:41:38,26.3,83,101.93,0.00,46,0.00,23.2,31.7,24.0
2026-09-23 22:51:38,26.3,84,101.93,0.00,46,0.00,23.4,31.8,24.1
2026-09-23 23:01:38,26.3,84,101.92,0.00,45,0.00,23.4,31.8,24.1
2026-09-23 23:11:38,26.3,84,101.92,0.00,46,0.00,23.4,31.8,24.1
2026-09-23 23:21:38,26.2,84,101.92,0.00,47,0.00,23.3,31.6,24.0
2026-09-23 23:31:38,26.2,84,101.90,0.00,46,0.00,23.3,31.6,24.0
2026-09-23 23:41:38,25.9,84,101.91,0.00,46,0.00,23.0,31.2,23.8
2026-09-23 23:51:38,26.0,84,101.90,0.00,43,0.00,23.1,31.3,23.8
2026-09-24 00:01:38,26.0,84,101.91,0.00,46,0.00,23.1,31.3,23.8
2026-09-24 00:11:38,25.9,85,101.89,0.00,47,0.00,23.2,31.3,23.9
2026-09-24 00:21:38,25.9,85,101.88,0.00,47,0.00,23.2,31.3,23.9
2026-09-24 00:31:38,25.7,85,101.87,0.00,47,0.00,23.0,31.0,23.7
2026-09-24 00:41:38,25.8,85,101.88,0.00,47,0.00,23.1,31.1,23.8
2026-09-24 00:51:38,25.6,86,101.88,0.00,48,0.00,23.1,30.9,23.7
2026-09-24 01:01:38,25.7,86,101.87,0.00,48,0.00,23.2,31.1,23.8
2026-09-24 01:11:38,25.7,86,101.87,0.00,48,0.00,23.2,31.1,23.8
2026-09-24 01:21:38,25.8,86,101.86,0.00,47,0.00,23.3,31.2,23.9
2026-09-24 01:31:38,25.9,86,101.86,0.00,45,0.00,23.4,31.4,24.0
2026-09-24 01:41:38,25.8,86,101.84,0.00,46,0.00,23.3,31.2,23.9
2026-09-24 01:51:38,25.8,86,101.84,0.00,47,0.00,23.3,31.2,23.9
2026-09-24 02:01:38,25.8,86,101.83,0.00,47,0.00,23.3,31.2,23.9
2026-09-24 02:11:38,25.8,86,101.81,0.00,47,0.00,23.3,31.2,23.9
2026-09-24 02:21:38,25.8,86,101.81,0.00,48,0.00,23.3,31.2,23.9
2026-09-24 02:31:38,25.6,86,101.79,0.00,48,0.00,23.1,30.9,23.7
2026-09-24 02:41:38,25.4,86,101.82,0.00,47,0.00,22.9,30.6,23.5
2026-09-24 02:51:38,25.2,88,101.81,0.00,46,0.00,23.1,30.5,23.6
2026-09-24 03:01:38,25.4,86,101.82,0.00,46,0.00,22.9,30.6,23.5
2026-09-24 03:11:38,25.2,88,101.83,0.00,46,0.00,23.1,30.5,23.6
2026-09-24 03:21:38,25.0,88,101.82,0.00,48,0.00,22.9,30.2,23.4
2026-09-24 03:31:38,25.3,88,101.81,0.00,47,0.00,23.2,30.7,23.7
2026-09-24 03:41:38,25.3,86,101.81,0.00,46,0.00,22.8,30.4,23.4
2026-09-24 03:51:38,25.3,88,101.80,0.00,46,0.00,23.2,30.7,23.7
2026-09-24 04:01:38,25.1,88,101.80,0.00,47,0.00,23.0,30.3,23.5
2026-09-24 04:11:38,25.2,88,101.79,0.00,47,0.00,23.1,30.5,23.6
2026-09-24 04:21:38,25.2,88,101.79,0.00,47,0.00,23.1,30.5,23.6
2026-09-24 04:31:38,25.2,88,101.79,0.00,48,0.00,23.1,30.5,23.6
2026-09-24 04:41:38,25.1,88,101.81,0.00,48,0.00,23.0,30.3,23.5
2026-09-24 04:51:38,25.1,88,101.81,0.00,48,0.00,23.0,30.3,23.5
2026-09-24 05:01:38,25.1,88,101.83,0.00,49,0.00,23.0,30.3,23.5
2026-09-24 05:11:38,25.0,89,101.84,0.00,47,0.00,23.1,30.3,23.6
2026-09-24 05:21:38,24.9,89,101.83,0.00,48,0.00,23.0,30.1,23.5
2026-09-24 05:31:38,25.1,89,101.83,0.00,48,0.00,23.2,30.5,23.7
2026-09-24 05:41:38,25.1,89,101.84,0.00,49,0.00,23.2,30.5,23.7
2026-09-24 05:52:38,25.3,89,101.84,0.00,48,0.00,23.4,30.8,23.9
2026-09-24 06:02:38,25.8,89,101.85,0.00,48,0.00,23.8,31.6,24.3
2026-09-24 06:12:38,26.2,89,101.85,0.00,49,0.00,24.2,32.2,24.7
2026-09-24 06:22:38,28.4,88,101.85,0.00,48,0.00,26.2,35.6,26.8
2026-09-24 06:32:38,27.6,88,101.86,0.00,46,0.00,25.4,34.3,26.0
2026-09-24 06:42:38,27.8,85,101.87,0.00,47,0.00,25.0,34.3,25.7
2026-09-24 06:52:38,27.1,86,101.87,0.00,46,0.00,24.6,33.3,25.2
2026-09-24 07:02:38,26.8,86,101.88,0.00,47,0.00,24.3,32.8,24.9
2026-09-24 07:12:38,26.7,86,101.89,0.00,48,0.00,24.2,32.6,24.8
2026-09-24 07:22:38,26.7,88,101.89,0.00,50,0.00,24.5,32.9,25.1
2026-09-24 07:32:38,27.0,89,101.89,0.00,52,0.00,25.0,33.5,25.5
2026-09-24 07:42:38,27.8,89,101.91,0.00,50,0.00,25.8,34.8,26.3
2026-09-24 07:52:38,27.8,88,101.91,0.00,48,0.00,25.6,34.6,26.2
2026-09-24 08:02:38,27.5,86,101.91,0.00,50,0.00,24.9,33.9,25.6
2026-09-24 08:12:38,28.0,86,101.91,0.00,49,0.00,25.4,34.7,26.1
2026-09-24 08:22:38,27.7,85,101.92,0.00,52,0.00,24.9,34.1,25.6
2026-09-24 08:32:38,28.6,85,101.92,0.00,51,0.00,25.8,35.6,26.5
2026-09-24 08:42:38,29.7,86,101.93,0.00,48,0.17,27.1,37.5,27.7
2026-09-24 08:52:38,30.1,83,101.94,0.00,49,0.10,26.9,37.8,27.7
2026-09-24 09:02:38,29.2,82,101.94,0.00,49,0.00,25.8,36.2,26.7
2026-09-24 09:12:38,29.6,82,101.94,0.00,50,0.00,26.2,36.8,27.0
2026-09-24 09:22:38,28.5,78,101.94,0.00,44,0.38,24.3,34.5,25.4
2026-09-24 09:32:38,31.9,69,101.95,0.00,46,0.42,25.5,38.7,27.2
2026-09-24 09:42:38,30.3,63,101.93,0.00,46,0.00,22.5,35.3,24.8
2026-09-24 09:52:38,30.0,72,101.93,0.00,48,0.00,24.4,36.1,25.9
2026-09-24 10:02:38,28.9,76,101.94,0.00,46,0.22,24.2,34.9,25.5
2026-09-24 10:12:38,33.1,68,101.93,0.00,44,0.10,26.4,40.4,28.2
2026-09-24 10:22:38,30.4,65,101.93,0.00,43,0.00,23.1,35.7,25.2
2026-09-24 10:32:38,30.6,69,101.92,0.00,45,0.00,24.3,36.6,26.0
2026-09-24 10:42:38,29.5,71,101.90,0.00,42,0.00,23.7,35.2,25.3
2026-09-24 10:52:38,32.4,70,101.90,0.00,44,0.00,26.2,39.6,27.8
2026-09-24 11:02:38,29.9,71,101.89,0.00,44,0.11,24.1,35.8,25.7
2026-09-24 11:12:38,31.5,69,101.87,0.00,44,0.00,25.1,38.0,26.8
2026-09-24 11:22:38,31.4,68,101.85,0.00,45,0.00,24.8,37.7,26.6
2026-09-24 11:32:38,30.4,70,101.85,0.00,43,0.00,24.3,36.4,26.0
2026-09-24 11:42:38,29.6,72,101.85,0.00,47,0.00,24.0,35.4,25.5
2026-09-24 11:52:38,29.7,75,101.84,0.00,46,0.00,24.8,36.0,26.1
2026-09-24 12:02:38,30.7,77,101.83,0.00,47,0.00,26.2,37.9,27.3
2026-09-24 12:12:38,29.9,78,101.81,0.00,47,0.00,25.6,36.8,26.7
2026-09-24 12:22:38,28.8,79,101.80,0.00,49,0.00,24.8,35.1,25.8
2026-09-24 12:32:38,29.1,82,101.79,0.00,51,0.00,25.7,36.0,26.6
2026-09-24 12:42:38,28.2,83,101.79,0.00,52,0.00,25.0,34.7,25.8
2026-09-24 12:52:38,28.3,84,101.80,0.00,49,0.00,25.3,35.0,26.1
2026-09-24 13:02:38,28.6,85,101.78,0.00,52,0.00,25.8,35.6,26.5
2026-09-24 13:12:38,28.1,85,101.77,0.00,51,0.00,25.3,34.8,26.0
2026-09-24 13:22:38,28.1,86,101.75,0.00,59,0.00,25.5,34.9,26.2
2026-09-24 13:32:38,29.3,89,101.74,0.00,60,0.00,27.3,37.3,27.8
2026-09-24 13:42:38,29.9,87,101.73,0.00,56,0.00,27.5,38.0,28.1
2026-09-24 13:52:38,28.7,87,101.73,0.00,51,0.00,26.3,36.0,26.9
2026-09-24 14:02:38,29.0,85,101.72,0.00,57,0.00,26.2,36.2,26.9
2026-09-24 14:12:38,29.4,87,101.72,0.00,58,0.00,27.0,37.2,27.6
2026-09-24 14:22:38,28.6,87,101.71,0.00,57,0.00,26.2,35.8,26.8
2026-09-24 14:32:38,27.9,87,101.71,0.00,58,0.00,25.5,34.7,26.1
2026-09-24 14:42:38,28.4,89,101.69,0.00,60,0.00,26.4,35.8,26.9
2026-09-24 14:52:38,27.7,89,101.69,0.00,55,0.00,25.7,34.6,26.2
2026-09-24 15:02:38,28.1,90,101.68,0.00,61,0.00,26.3,35.4,26.7
2026-09-24 15:12:38,28.5,90,101.67,0.00,62,0.00,26.7,36.1,27.1
2026-09-24 15:22:38,28.5,90,101.66,0.00,58,0.00,26.7,36.1,27.1
2026-09-24 15:32:38,29.3,90,101.66,0.00,63,0.00,27.5,37.4,27.9
2026-09-24 15:42:38,28.0,87,101.66,0.00,61,0.00,25.6,34.8,26.2
2026-09-24 15:52:38,27.9,89,101.65,0.00,64,0.00,25.9,34.9,26.4
2026-09-24 16:02:38,27.7,90,101.65,0.00,63,0.00,25.9,34.7,26.4
2026-09-24 16:12:38,27.8,90,101.65,0.00,60,0.00,26.0,34.9,26.5
2026-09-24 16:22:38,27.9,90,101.65,0.00,60,0.00,26.1,35.1,26.6
2026-09-24 16:32:38,27.7,89,101.65,0.00,57,0.00,25.7,34.6,26.2
2026-09-24 16:42:38,27.6,89,101.66,0.00,59,0.00,25.6,34.4,26.1
2026-09-24 16:52:38,27.7,89,101.66,0.00,56,0.00,25.7,34.6,26.2
2026-09-24 17:03:38,27.7,89,101.67,0.00,57,0.00,25.7,34.6,26.2
2026-09-24 17:13:38,27.7,89,101.66,0.00,57,0.00,25.7,34.6,26.2
2026-09-24 17:23:38,27.5,89,101.67,0.00,57,0.00,25.5,34.3,26.0
2026-09-24 17:33:38,27.5,90,101.67,0.00,58,0.00,25.7,34.4,26.2
2026-09-24 17:43:38,27.3,91,101.67,0.00,56,0.00,25.7,34.2,26.1
2026-09-24 17:53:38,27.3,91,101.67,0.00,64,0.00,25.7,34.2,26.1
2026-09-24 18:03:38,27.3,91,101.67,0.00,65,0.00,25.7,34.2,26.1
2026-09-24 18:13:38,27.4,91,101.67,0.00,112,0.00,25.8,34.4,26.2
2026-09-24 18:23:38,27.3,91,101.68,0.00,64,0.00,25.7,34.2,26.1
2026-09-24 18:33:55,27.3,92,101.69,0.00,68,0.00,25.9,34.3,26.2
2026-09-24 18:43:55,27.3,92,101.70,0.00,67,0.00,25.9,34.3,26.2
2026-09-24 18:53:55,27.2,92,101.70,0.00,65,0.00,25.8,34.1,26.1
2026-09-24 19:03:55,27.2,92,101.71,0.00,67,0.00,25.8,34.1,26.1
2026-09-24 19:13:55,27.2,92,101.73,0.00,68,0.00,25.8,34.1,26.1
2026-09-24 19:23:55,27.2,91,101.74,0.00,64,0.00,25.6,34.0,26.0
2026-09-24 19:33:55,27.2,91,101.75,0.00,66,0.00,25.6,34.0,26.0
2026-09-24 19:43:55,27.2,91,101.76,0.00,65,0.00,25.6,34.0,26.0
2026-09-24 19:53:55,27.2,91,101.76,0.00,69,0.00,25.6,34.0,26.0
2026-09-24 20:03:55,27.1,91,101.78,0.00,62,0.00,25.5,33.9,25.9
2026-09-24 20:13:55,27.1,91,101.78,0.00,64,0.00,25.5,33.9,25.9
2026-09-24 20:23:55,27.2,91,101.79,0.00,64,0.00,25.6,34.0,26.0
2026-09-24 20:33:55,27.1,91,101.80,0.00,66,0.00,25.5,33.9,25.9
2026-09-24 20:43:55,27.2,91,101.80,0.00,65,0.00,25.6,34.0,26.0
2026-09-24 20:53:55,27.1,91,101.81,0.00,63,0.00,25.5,33.9,25.9
2026-09-24 21:03:55,27.1,91,101.81,0.00,61,0.00,25.5,33.9,25.9
2026-09-24 21:13:55,27.0,91,101.80,0.00,65,0.00,25.4,33.7,25.8
2026-09-24 21:23:55,27.1,92,101.81,0.00,64,0.00,25.7,34.0,26.0
2026-09-24 21:33:55,27.0,91,101.80,0.00,64,0.00,25.4,33.7,25.8
2026-09-24 21:43:55,26.9,91,101.79,0.00,62,0.00,25.3,33.5,25.7
2026-09-24 21:53:55,26.9,91,101.79,0.00,71,0.00,25.3,33.5,25.7
2026-09-24 22:03:55,26.8,92,101.79,0.00,65,0.00,25.4,33.5,25.7
2026-09-24 22:13:55,26.7,92,101.79,0.00,67,0.00,25.3,33.3,25.6
2026-09-24 22:23:55,26.8,94,101.79,0.00,63,0.00,25.8,33.7,26.0
2026-09-24 22:33:55,26.7,92,101.79,0.00,65,0.00,25.3,33.3,25.6
2026-09-24 22:43:55,26.7,92,101.77,0.00,61,0.00,25.3,33.3,25.6
2026-09-24 22:53:55,26.7,92,101.76,0.00,64,0.00,25.3,33.3,25.6
2026-09-24 23:03:55,26.6,92,101.76,0.00,58,0.00,25.2,33.2,25.5
2026-09-24 23:13:55,26.5,92,101.75,0.00,59,0.00,25.1,33.0,25.5
2026-09-24 23:23:55,26.5,92,101.74,0.00,62,0.00,25.1,33.0,25.5
2026-09-24 23:33:55,26.6,92,101.74,0.00,60,0.00,25.2,33.2,25.5
2026-09-24 23:43:55,26.6,92,101.74,0.00,64,0.00,25.2,33.2,25.5
2026-09-24 23:53:55,26.6,94,101.73,0.00,63,0.00,25.6,33.4,25.8
2026-09-25 00:03:55,26.5,92,101.72,0.00,64,0.00,25.1,33.0,25.5
2026-09-25 00:13:55,26.4,94,101.69,0.00,60,0.00,25.4,33.1,25.6
2026-09-25 00:23:55,26.3,94,101.69,0.00,62,0.00,25.3,32.9,25.5
2026-09-25 00:33:55,26.3,94,101.69,0.00,62,0.00,25.3,32.9,25.5
2026-09-25 00:43:55,26.3,94,101.68,0.00,62,0.00,25.3,32.9,25.5
2026-09-25 00:53:55,26.3,94,101.68,0.00,64,0.00,25.3,32.9,25.5
2026-09-25 01:03:55,26.2,94,101.68,0.00,62,0.00,25.2,32.7,25.4
2026-09-25 01:13:55,26.2,94,101.67,0.00,61,0.00,25.2,32.7,25.4
2026-09-25 01:23:55,26.1,94,101.66,0.00,62,0.00,25.1,32.6,25.3
2026-09-25 01:33:55,26.1,94,101.65,0.00,61,0.00,25.1,32.6,25.3
2026-09-25 01:43:55,26.0,94,101.65,0.00,60,0.00,25.0,32.4,25.2
2026-09-25 01:53:55,26.0,94,101.64,0.00,62,0.00,25.0,32.4,25.2
2026-09-25 02:03:55,25.9,94,101.64,0.00,61,0.00,24.9,32.3,25.1
2026-09-25 02:13:55,26.0,94,101.64,0.00,60,0.00,25.0,32.4,25.2
2026-09-25 02:23:55,26.0,94,101.64,0.00,60,0.00,25.0,32.4,25.2
2026-09-25 02:33:55,25.8,94,101.64,0.00,62,0.00,24.8,32.1,25.0
2026-09-25 02:43:55,25.8,94,101.63,0.00,62,0.00,24.8,32.1,25.0
2026-09-25 02:53:55,25.9,94,101.62,0.00,61,0.00,24.9,32.3,25.1
2026-09-25 03:03:55,26.0,95,101.61,0.00,61,0.00,25.1,32.5,25.4
2026-09-25 03:13:55,26.0,94,101.60,0.00,63,0.00,25.0,32.4,25.2
2026-09-25 03:23:55,26.0,95,101.60,0.00,64,0.00,25.1,32.5,25.4
2026-09-25 03:33:55,25.9,95,101.59,0.00,60,0.00,25.0,32.4,25.3
2026-09-25 03:43:55,25.9,95,101.58,0.00,62,0.00,25.0,32.4,25.3
2026-09-25 03:53:55,26.0,95,101.58,0.00,61,0.00,25.1,32.5,25.4
2026-09-25 04:03:55,25.8,95,101.57,0.00,61,0.00,24.9,32.2,25.2
2026-09-25 04:13:55,25.7,95,101.57,0.00,62,0.00,24.8,32.0,25.1
2026-09-25 04:23:55,25.8,95,101.56,0.00,62,0.00,24.9,32.2,25.2
2026-09-25 04:33:55,25.8,95,101.56,0.00,64,0.00,24.9,32.2,25.2
2026-09-25 04:43:55,25.8,95,101.56,0.00,59,0.00,24.9,32.2,25.2
2026-09-25 04:53:55,25.7,95,101.58,0.00,62,0.00,24.8,32.0,25.1
2026-09-25 05:03:55,25.6,95,101.58,0.00,65,0.00,24.7,31.9,25.0
2026-09-25 05:13:55,25.6,95,101.58,0.00,63,0.00,24.7,31.9,25.0
2026-09-25 05:23:55,25.5,95,101.60,0.00,65,0.00,24.6,31.7,24.9
2026-09-25 05:33:55,25.4,95,101.61,0.00,65,0.00,24.5,31.6,24.8
2026-09-25 05:43:55,25.5,95,101.61,0.00,65,0.00,24.6,31.7,24.9
2026-09-25 05:53:55,25.7,95,101.59,0.00,62,0.00,24.8,32.0,25.1
2026-09-25 06:04:55,25.9,95,101.58,0.00,63,0.00,25.0,32.4,25.3
2026-09-25 06:14:55,26.1,95,101.58,0.00,63,0.00,25.2,32.7,25.5
2026-09-25 06:24:55,26.5,95,101.60,0.00,64,0.00,25.6,33.3,25.9
2026-09-25 06:34:55,26.7,95,101.60,0.00,64,0.00,25.8,33.7,26.1
2026-09-25 06:44:55,26.9,95,101.59,0.00,61,0.00,26.0,34.0,26.3
2026-09-25 06:54:55,27.1,95,101.60,0.00,64,0.00,26.2,34.3,26.5
2026-09-25 07:04:55,27.5,95,101.61,0.00,61,0.00,26.6,35.0,26.9
2026-09-25 07:14:55,27.7,95,101.62,0.00,64,0.00,26.8,35.3,27.1
2026-09-25 07:24:55,27.8,95,101.62,0.00,62,0.00,26.9,35.5,27.2
2026-09-25 07:34:55,28.3,94,101.61,0.00,62,0.00,27.2,36.2,27.5
2026-09-25 07:44:55,28.4,94,101.63,0.00,62,0.00,27.3,36.4,27.6
2026-09-25 07:54:55,29.0,94,101.63,0.00,61,0.00,27.9,37.4,28.2
2026-09-25 08:04:55,29.6,94,101.63,0.00,61,0.00,28.5,38.5,28.8
2026-09-25 08:14:55,29.8,91,101.62,0.00,61,0.00,28.2,38.4,28.6
2026-09-25 08:24:55,30.3,90,101.62,0.00,57,0.00,28.5,39.1,28.9
2026-09-25 08:34:55,28.4,90,101.63,0.00,51,0.27,26.6,35.9,27.0
2026-09-25 08:44:55,30.4,83,101.64,0.00,46,0.49,27.2,38.3,28.0
2026-09-25 08:54:55,32.4,72,101.65,0.00,43,0.23,26.7,39.9,28.2
2026-09-25 09:04:55,33.4,66,101.64,0.00,44,0.21,26.2,40.6,28.1
2026-09-25 09:14:55,34.1,61,101.62,0.00,43,0.11,25.5,40.9,27.9
2026-09-25 09:24:55,34.6,60,101.62,0.00,43,0.18,25.7,41.5,28.1
2026-09-25 09:34:55,32.3,58,101.63,0.00,43,0.00,23.0,37.6,25.7
2026-09-25 09:44:55,32.7,55,101.62,0.00,41,0.00,22.5,37.7,25.5
2026-09-25 09:54:55,35.1,56,101.61,0.00,55,0.10,25.0,41.5,27.8
2026-09-25 10:05:31,33.8,61,101.59,0.00,44,0.00,25.2,40.4,27.6
2026-09-25 10:15:31,33.0,59,101.59,0.00,42,0.00,23.9,38.8,26.5
2026-09-25 10:25:31,33.0,61,101.57,0.00,43,0.00,24.5,39.1,26.9
2026-09-25 10:35:31,33.0,60,101.56,0.00,44,0.00,24.2,38.9,26.7
2026-09-25 10:45:31,32.8,65,101.55,0.00,44,0.00,25.3,39.5,27.4
2026-09-25 10:55:31,31.6,71,101.55,0.00,46,0.00,25.7,38.5,27.2
2026-09-25 11:05:31,32.2,72,101.53,0.00,43,0.00,26.5,39.6,28.0
2026-09-25 11:15:31,30.4,76,101.53,0.00,47,0.00,25.7,37.3,26.9
2026-09-25 11:25:31,32.1,72,101.49,0.00,45,0.00,26.4,39.5,27.9
2026-09-25 11:35:31,33.2,74,101.49,0.00,44,0.00,27.9,41.6,29.2
2026-09-25 11:45:31,32.9,71,101.46,0.00,46,0.00,26.9,40.6,28.5
2026-09-25 11:55:31,31.1,74,101.44,0.00,47,0.00,25.9,38.1,27.3
2026-09-25 12:05:31,33.2,71,101.43,0.00,47,0.00,27.2,41.1,28.7
2026-09-25 12:15:31,33.4,71,101.42,0.00,43,0.00,27.4,41.4,28.9
2026-09-25 12:25:31,32.1,68,101.41,0.00,46,0.00,25.4,38.8,27.2
2026-09-25 12:35:31,33.0,65,101.39,0.00,47,0.00,25.5,39.8,27.6
2026-09-25 12:45:31,33.2,62,101.38,0.00,43,0.00,24.9,39.6,27.2
2026-09-25 12:55:31,33.0,63,101.37,0.00,44,0.00,25.0,39.5,27.2
2026-09-25 13:05:31,32.6,62,101.34,0.00,44,0.00,24.4,38.7,26.7
2026-09-25 13:15:31,33.2,60,101.33,0.00,44,0.00,24.4,39.2,26.9
2026-09-25 13:25:31,32.9,65,101.32,0.00,42,0.00,25.4,39.6,27.5
2026-09-25 13:35:31,33.0,60,101.32,0.00,43,0.00,24.2,38.9,26.7
2026-09-25 13:45:31,33.0,50,101.28,0.00,41,0.00,21.2,37.3,24.9
2026-09-25 13:55:31,33.2,50,101.27,0.00,42,0.00,21.4,37.6,25.0
2026-09-25 14:05:31,33.2,51,101.25,0.00,42,0.00,21.7,37.7,25.2
2026-09-25 14:15:31,33.0,57,101.25,0.00,43,0.00,23.3,38.4,26.2
2026-09-25 14:25:31,33.5,59,101.25,0.00,42,0.00,24.4,39.6,27.0
2026-09-25 14:35:31,33.3,60,101.23,0.00,42,0.00,24.5,39.4,27.0
2026-09-25 14:45:31,33.6,59,101.22,0.00,42,0.00,24.5,39.7,27.1
2026-09-25 14:55:31,32.5,63,101.23,0.00,43,0.00,24.5,38.7,26.8
2026-09-25 15:05:31,32.6,63,101.23,0.00,42,0.00,24.6,38.8,26.8
2026-09-25 15:15:31,32.5,63,101.23,0.00,45,0.00,24.5,38.7,26.8
2026-09-25 15:25:31,32.1,65,101.21,0.00,45,0.00,24.7,38.4,26.7
2026-09-25 15:35:31,31.9,68,101.21,0.00,41,0.00,25.2,38.5,27.0
2026-09-25 15:45:31,31.7,69,101.20,0.00,45,0.00,25.3,38.3,27.0
2026-09-25 15:55:31,31.5,70,101.20,0.00,45,0.00,25.4,38.2,27.0
2026-09-25 16:05:31,33.6,71,101.20,0.00,43,0.00,27.6,41.8,29.1
2026-09-25 16:15:31,33.4,72,101.19,0.00,45,0.00,27.7,41.6,29.1
2026-09-25 16:25:31,33.3,74,101.19,0.00,45,0.00,28.0,41.8,29.3
2026-09-25 16:35:31,32.5,76,101.19,0.00,46,0.00,27.7,40.8,28.9
2026-09-25 16:45:31,32.1,76,101.19,0.00,45,0.00,27.3,40.1,28.5
2026-09-25 16:55:31,31.3,77,101.19,0.00,45,0.00,26.8,38.9,27.9
2026-09-25 17:05:31,30.9,78,101.19,0.00,47,0.00,26.6,38.4,27.7
2026-09-25 17:15:31,30.7,81,101.20,0.00,45,0.00,27.1,38.5,28.0
2026-09-25 17:25:31,30.6,82,101.20,0.00,46,0.00,27.2,38.5,28.0
2026-09-25 17:35:31,30.3,82,101.20,0.00,50,0.00,26.9,38.0,27.7
2026-09-25 17:45:31,30.0,84,101.19,0.00,50,0.00,27.0,37.8,27.7
2026-09-25 17:55:31,29.8,85,101.18,0.00,67,0.00,27.0,37.6,27.7
2026-09-25 18:05:31,29.7,85,101.20,0.00,52,0.00,26.9,37.4,27.6
2026-09-25 18:15:31,29.5,87,101.19,0.00,50,0.00,27.1,37.3,27.7
2026-09-25 18:25:31,29.4,87,101.19,0.00,51,0.00,27.0,37.2,27.6
2026-09-25 18:35:31,29.3,87,101.17,0.00,50,0.00,26.9,37.0,27.5
2026-09-25 18:45:31,29.3,88,101.21,0.00,52,0.00,27.1,37.1,27.6
2026-09-25 18:55:31,29.2,89,101.22,0.00,54,0.00,27.2,37.1,27.7
2026-09-25 19:05:31,29.1,89,101.22,0.00,55,0.00,27.1,36.9,27.6
2026-09-25 19:15:31,29.1,90,101.21,0.00,57,0.00,27.3,37.1,27.7
2026-09-25 19:25:31,29.0,90,101.22,0.00,58,0.00,27.2,36.9,27.6
2026-09-25 19:35:31,28.9,91,101.23,0.00,58,0.00,27.3,36.9,27.7
2026-09-25 19:45:31,29.0,91,101.24,0.00,57,0.00,27.4,37.0,27.8
2026-09-25 19:55:31,28.9,91,101.24,0.00,57,0.00,27.3,36.9,27.7
2026-09-25 20:05:31,28.9,91,101.24,0.00,59,0.00,27.3,36.9,27.7
2026-09-25 20:15:31,28.9,91,101.24,0.00,62,0.00,27.3,36.9,27.7
2026-09-25 20:25:31,28.9,91,101.25,0.00,63,0.00,27.3,36.9,27.7
2026-09-25 20:35:31,28.9,91,101.25,0.00,67,0.00,27.3,36.9,27.7
2026-09-25 20:46:31,28.8,91,101.25,0.00,67,0.00,27.2,36.7,27.6
2026-09-25 20:56:31,28.8,91,101.26,0.00,66,0.00,27.2,36.7,27.6
2026-09-25 21:06:31,28.7,91,101.26,0.00,74,0.00,27.1,36.5,27.5
2026-09-25 21:16:31,28.7,91,101.26,0.00,59,0.00,27.1,36.5,27.5
2026-09-25 21:26:31,28.6,93,101.26,0.00,61,0.00,27.4,36.6,27.7
2026-09-25 21:36:31,28.6,93,101.25,0.00,61,0.00,27.4,36.6,27.7
2026-09-25 21:46:31,28.6,93,101.24,0.00,76,0.00,27.4,36.6,27.7
2026-09-25 21:56:31,28.6,93,101.24,0.00,70,0.00,27.4,36.6,27.7
2026-09-25 22:06:31,28.6,93,101.24,0.00,65,0.00,27.4,36.6,27.7
2026-09-25 22:16:31,28.6,91,101.24,0.00,69,0.00,27.0,36.3,27.4
2026-09-25 22:26:31,28.5,93,101.21,0.00,74,0.00,27.3,36.4,27.6
2026-09-25 22:36:31,28.4,93,101.20,0.00,67,0.00,27.2,36.3,27.5
2026-09-25 22:46:31,28.4,93,101.18,0.00,70,0.00,27.2,36.3,27.5
2026-09-25 22:56:31,28.4,93,101.18,0.00,65,0.00,27.2,36.3,27.5
2026-09-25 23:06:31,28.2,93,101.18,0.00,63,0.00,27.0,35.9,27.3
2026-09-25 23:16:31,28.2,91,101.17,0.00,56,0.00,26.6,35.7,27.0
2026-09-25 23:26:31,28.1,93,101.16,0.00,58,0.00,26.9,35.8,27.2
2026-09-25 23:36:31,28.1,93,101.16,0.00,57,0.00,26.9,35.8,27.2
2026-09-25 23:46:31,28.1,93,101.15,0.00,57,0.00,26.9,35.8,27.2
2026-09-25 23:56:31,27.8,91,101.15,0.00,55,0.00,26.2,35.0,26.6
2026-09-26 00:06:31,27.7,93,101.16,0.00,64,0.00,26.5,35.1,26.8
2026-09-26 00:16:31,27.7,93,101.14,0.00,57,0.00,26.5,35.1,26.8
2026-09-26 00:26:31,27.9,93,101.13,0.00,55,0.00,26.7,35.4,27.0
2026-09-26 00:36:31,27.8,93,101.11,0.00,58,0.00,26.6,35.3,26.9
2026-09-26 00:46:31,27.8,93,101.12,0.00,54,0.00,26.6,35.3,26.9
2026-09-26 00:56:31,28.0,93,101.11,0.00,53,0.00,26.8,35.6,27.1
2026-09-26 01:06:31,27.9,91,101.11,0.00,55,0.00,26.3,35.2,26.7
2026-09-26 01:16:31,27.6,91,101.10,0.00,53,0.00,26.0,34.7,26.4
2026-09-26 01:26:31,27.8,91,101.08,0.00,55,0.00,26.2,35.0,26.6
2026-09-26 01:36:31,27.6,91,101.10,0.00,52,0.00,26.0,34.7,26.4
2026-09-26 01:46:31,27.4,91,101.10,0.00,52,0.00,25.8,34.4,26.2
2026-09-26 01:56:31,27.3,91,101.08,0.00,57,0.00,25.7,34.2,26.1
2026-09-26 02:06:31,27.3,91,101.07,0.00,57,0.00,25.7,34.2,26.1
2026-09-26 02:16:31,27.6,91,101.06,0.00,53,0.00,26.0,34.7,26.4
2026-09-26 02:26:31,27.4,93,101.05,0.00,57,0.00,26.2,34.6,26.5
2026-09-26 02:36:31,27.4,93,101.04,0.00,57,0.00,26.2,34.6,26.5
2026-09-26 02:46:31,27.3,93,101.02,0.00,56,0.00,26.1,34.4,26.4
2026-09-26 02:56:31,27.3,93,101.02,0.00,52,0.00,26.1,34.4,26.4
2026-09-26 03:06:31,27.4,93,101.01,0.00,55,0.00,26.2,34.6,26.5
2026-09-26 03:16:31,27.5,93,101.02,0.00,56,0.00,26.3,34.8,26.6
2026-09-26 03:26:31,27.4,93,101.01,0.00,52,0.00,26.2,34.6,26.5
2026-09-26 03:36:31,27.4,93,101.02,0.00,57,0.00,26.2,34.6,26.5
2026-09-26 03:46:31,27.4,93,101.04,0.00,54,0.00,26.2,34.6,26.5
2026-09-26 03:56:31,27.7,93,101.03,0.00,54,0.00,26.5,35.1,26.8
2026-09-26 04:06:31,27.5,93,101.03,0.00,57,0.00,26.3,34.8,26.6
2026-09-26 04:16:31,27.4,93,101.03,0.00,52,0.00,26.2,34.6,26.5
2026-09-26 04:26:31,27.5,93,101.04,0.00,52,0.00,26.3,34.8,26.6
2026-09-26 04:36:31,27.4,93,101.07,0.00,53,0.00,26.2,34.6,26.5
2026-09-26 04:46:31,27.6,93,101.06,0.00,53,0.00,26.4,34.9,26.7
2026-09-26 04:56:31,27.8,93,101.08,0.00,53,0.00,26.6,35.3,26.9
2026-09-26 05:06:31,28.0,93,101.09,0.00,52,0.00,26.8,35.6,27.1
2026-09-26 05:16:31,28.2,93,101.08,0.00,53,0.00,27.0,35.9,27.3
2026-09-26 05:26:31,27.8,93,101.09,0.00,53,0.00,26.6,35.3,26.9
2026-09-26 05:36:31,27.6,93,101.10,0.00,53,0.00,26.4,34.9,26.7
2026-09-26 05:46:31,27.7,93,101.10,0.00,53,0.00,26.5,35.1,26.8
2026-09-26 05:56:31,27.8,93,101.10,0.00,51,0.00,26.6,35.3,26.9
2026-09-26 06:06:31,27.8,93,101.12,0.00,55,0.00,26.6,35.3,26.9
2026-09-26 06:16:31,28.1,93,101.13,0.00,52,0.00,26.9,35.8,27.2
2026-09-26 06:26:31,28.6,93,101.13,0.00,54,0.00,27.4,36.6,27.7
2026-09-26 06:36:31,28.9,93,101.14,0.00,52,0.00,27.7,37.1,28.0
2026-09-26 06:46:31,29.1,91,101.15,0.00,49,0.00,27.5,37.2,27.9
2026-09-26 06:56:31,28.8,91,101.15,0.00,51,0.00,27.2,36.7,27.6
2026-09-26 07:06:31,28.8,91,101.16,0.00,52,0.00,27.2,36.7,27.6
2026-09-26 07:16:31,28.9,91,101.17,0.00,51,0.00,27.3,36.9,27.7
2026-09-26 07:26:31,29.4,91,101.17,0.00,50,0.00,27.8,37.7,28.2
2026-09-26 07:36:31,30.4,90,101.18,0.00,48,0.00,28.6,39.3,29.0
2026-09-26 07:46:31,31.6,90,101.18,0.00,49,0.00,29.8,41.4,30.2
2026-09-26 07:57:31,31.1,89,101.19,0.00,48,0.00,29.1,40.4,29.6
2026-09-26 08:07:31,32.0,88,101.20,0.00,49,0.00,29.8,41.8,30.3
2026-09-26 08:17:31,31.6,88,101.20,0.00,59,0.00,29.4,41.1,29.9
2026-09-26 08:27:31,31.3,89,101.21,0.00,73,0.00,29.3,40.7,29.7
2026-09-26 08:37:31,31.0,90,101.21,0.00,73,0.00,29.2,40.3,29.6
2026-09-26 08:47:31,29.1,91,101.21,0.00,70,0.00,27.5,37.2,27.9
